sample_id,hole_id,dataset_id,project_id,campaign_id,from_m,to_m,length_m,cu_pct,mo_pct,au_gt
SE-C01-001-A0001,SE-C01-001,DS05,santa_elena,CAMPAIGN_01,0.000000000,2.000000000,2.000000000,0.020617299,0.000000000,0.000000000
SE-C01-001-A0002,SE-C01-001,DS05,santa_elena,CAMPAIGN_01,2.000000000,4.000000000,2.000000000,0.024512946,0.000000000,0.000000000
SE-C01-001-A0003,SE-C01-001,DS05,santa_elena,CAMPAIGN_01,4.000000000,6.000000000,2.000000000,0.022745332,0.000000000,0.000000000
SE-C01-001-A0004,SE-C01-001,DS05,santa_elena,CAMPAIGN_01,6.000000000,8.000000000,2.000000000,0.020093853,0.000000000,0.000000000
SE-C01-001-A0005,SE-C01-001,DS05,santa_elena,CAMPAIGN_01,8.000000000,10.000000000,2.000000000,0.022655245,0.000000000,0.000000000
SE-C01-001-A0006,SE-C01-001,DS05,santa_elena,CAMPAIGN_01,10.000000000,12.000000000,2.000000000,0.019688979,0.000000000,0.000000000
SE-C01-001-A0007,SE-C01-001,DS05,santa_elena,CAMPAIGN_01,12.000000000,14.000000000,2.000000000,0.020453467,0.000000000,0.000000000
SE-C01-001-A0008,SE-C01-001,DS05,santa_elena,CAMPAIGN_01,14.000000000,16.000000000,2.000000000,0.020787666,0.000000000,0.000000000
SE-C01-001-A0009,SE-C01-001,DS05,santa_elena,CAMPAIGN_01,16.000000000,18.000000000,2.000000000,0.021078307,0.000000000,0.000000000
SE-C01-001-A0010,SE-C01-001,DS05,santa_elena,CAMPAIGN_01,18.000000000,20.000000000,2.000000000,0.024054521,0.000000000,0.000000000
SE-C01-001-A0011,SE-C01-001,DS05,santa_elena,CAMPAIGN_01,20.000000000,22.000000000,2.000000000,0.022696294,0.000000000,0.000000000
SE-C01-001-A0012,SE-C01-001,DS05,santa_elena,CAMPAIGN_01,22.000000000,24.000000000,2.000000000,0.021162341,0.000000000,0.000000000
SE-C01-001-A0013,SE-C01-001,DS05,santa_elena,CAMPAIGN_01,24.000000000,26.000000000,2.000000000,0.019272705,0.000000000,0.000000000
SE-C01-001-A0014,SE-C01-001,DS05,santa_elena,CAMPAIGN_01,26.000000000,28.000000000,2.000000000,0.023501062,0.000000000,0.000000000
SE-C01-001-A0015,SE-C01-001,DS05,santa_elena,CAMPAIGN_01,28.000000000,30.000000000,2.000000000,0.021803909,0.000000000,0.000000000
SE-C01-001-A0016,SE-C01-001,DS05,santa_elena,CAMPAIGN_01,30.000000000,32.000000000,2.000000000,0.025008406,0.000000000,0.000000000
SE-C01-001-A0017,SE-C01-001,DS05,santa_elena,CAMPAIGN_01,32.000000000,34.000000000,2.000000000,0.022560443,0.000000000,0.000000000
SE-C01-001-A0018,SE-C01-001,DS05,santa_elena,CAMPAIGN_01,34.000000000,36.000000000,2.000000000,0.019541079,0.000000000,0.000000000
SE-C01-001-A0019,SE-C01-001,DS05,santa_elena,CAMPAIGN_01,36.000000000,38.000000000,2.000000000,0.021425848,0.000000000,0.000000000
SE-C01-001-A0020,SE-C01-001,DS05,santa_elena,CAMPAIGN_01,38.000000000,40.000000000,2.000000000,0.021936572,0.000000000,0.000000000
SE-C01-001-A0021,SE-C01-001,DS05,santa_elena,CAMPAIGN_01,40.000000000,42.000000000,2.000000000,0.021580151,0.000000000,0.000000000
SE-C01-001-A0022,SE-C01-001,DS05,santa_elena,CAMPAIGN_01,42.000000000,44.000000000,2.000000000,0.023777012,0.000000000,0.000000000
SE-C01-001-A0023,SE-C01-001,DS05,santa_elena,CAMPAIGN_01,44.000000000,46.000000000,2.000000000,0.023160719,0.000000000,0.000000000
SE-C01-001-A0024,SE-C01-001,DS05,santa_elena,CAMPAIGN_01,46.000000000,48.000000000,2.000000000,0.022155686,0.000000000,0.000000000
SE-C01-001-A0025,SE-C01-001,DS05,santa_elena,CAMPAIGN_01,48.000000000,50.000000000,2.000000000,0.023779515,0.000000000,0.000000000
SE-C01-001-A0026,SE-C01-001,DS05,santa_elena,CAMPAIGN_01,50.000000000,52.000000000,2.000000000,0.022264991,0.000000000,0.000000000
SE-C01-001-A0027,SE-C01-001,DS05,santa_elena,CAMPAIGN_01,52.000000000,54.000000000,2.000000000,0.023621710,0.000000000,0.000000000
SE-C01-001-A0028,SE-C01-001,DS05,santa_elena,CAMPAIGN_01,54.000000000,56.000000000,2.000000000,0.020587368,0.000000000,0.000000000
SE-C01-001-A0029,SE-C01-001,DS05,santa_elena,CAMPAIGN_01,56.000000000,58.000000000,2.000000000,0.024431182,0.000000000,0.000000000
SE-C01-001-A0030,SE-C01-001,DS05,santa_elena,CAMPAIGN_01,58.000000000,60.000000000,2.000000000,0.024433902,0.000000000,0.000000000
SE-C01-001-A0031,SE-C01-001,DS05,santa_elena,CAMPAIGN_01,60.000000000,62.000000000,2.000000000,0.023693896,0.000000000,0.000000000
SE-C01-001-A0032,SE-C01-001,DS05,santa_elena,CAMPAIGN_01,62.000000000,64.000000000,2.000000000,0.024567538,0.000000000,0.000000000
SE-C01-001-A0033,SE-C01-001,DS05,santa_elena,CAMPAIGN_01,64.000000000,66.000000000,2.000000000,0.023268230,0.000000000,0.000000000
SE-C01-001-A0034,SE-C01-001,DS05,santa_elena,CAMPAIGN_01,66.000000000,68.000000000,2.000000000,0.022502949,0.000000000,0.000000000
SE-C01-001-A0035,SE-C01-001,DS05,santa_elena,CAMPAIGN_01,68.000000000,70.000000000,2.000000000,0.023760184,0.000000000,0.000000000
SE-C01-001-A0036,SE-C01-001,DS05,santa_elena,CAMPAIGN_01,70.000000000,72.000000000,2.000000000,0.022859637,0.000000000,0.000000000
SE-C01-001-A0037,SE-C01-001,DS05,santa_elena,CAMPAIGN_01,72.000000000,74.000000000,2.000000000,0.023937124,0.000000000,0.000000000
SE-C01-001-A0038,SE-C01-001,DS05,santa_elena,CAMPAIGN_01,74.000000000,76.000000000,2.000000000,0.019490130,0.000000000,0.000000000
SE-C01-001-A0039,SE-C01-001,DS05,santa_elena,CAMPAIGN_01,76.000000000,78.000000000,2.000000000,0.022849414,0.000000000,0.000000000
SE-C01-001-A0040,SE-C01-001,DS05,santa_elena,CAMPAIGN_01,78.000000000,80.000000000,2.000000000,0.024220183,0.000000000,0.000000000
SE-C01-001-A0041,SE-C01-001,DS05,santa_elena,CAMPAIGN_01,80.000000000,82.000000000,2.000000000,0.021733276,0.000000000,0.000000000
SE-C01-001-A0042,SE-C01-001,DS05,santa_elena,CAMPAIGN_01,82.000000000,84.000000000,2.000000000,0.023379243,0.000000000,0.000000000
SE-C01-001-A0043,SE-C01-001,DS05,santa_elena,CAMPAIGN_01,84.000000000,86.000000000,2.000000000,0.023415984,0.000000000,0.000000000
SE-C01-001-A0044,SE-C01-001,DS05,santa_elena,CAMPAIGN_01,86.000000000,88.000000000,2.000000000,0.021038485,0.000000000,0.000000000
SE-C01-001-A0045,SE-C01-001,DS05,santa_elena,CAMPAIGN_01,88.000000000,90.000000000,2.000000000,0.026433723,0.000000000,0.000000000
SE-C01-001-A0046,SE-C01-001,DS05,santa_elena,CAMPAIGN_01,90.000000000,92.000000000,2.000000000,0.028905433,0.000000000,0.000000000
SE-C01-001-A0047,SE-C01-001,DS05,santa_elena,CAMPAIGN_01,92.000000000,94.000000000,2.000000000,0.025090183,0.000000000,0.000000000
SE-C01-001-A0048,SE-C01-001,DS05,santa_elena,CAMPAIGN_01,94.000000000,96.000000000,2.000000000,0.025065201,0.000000000,0.000000000
SE-C01-001-A0049,SE-C01-001,DS05,santa_elena,CAMPAIGN_01,96.000000000,98.000000000,2.000000000,0.019831826,0.000000000,0.000000000
SE-C01-001-A0050,SE-C01-001,DS05,santa_elena,CAMPAIGN_01,98.000000000,100.000000000,2.000000000,0.022635168,0.000000000,0.000000000
SE-C01-001-A0051,SE-C01-001,DS05,santa_elena,CAMPAIGN_01,100.000000000,102.000000000,2.000000000,0.023355425,0.000000000,0.000000000
SE-C01-001-A0052,SE-C01-001,DS05,santa_elena,CAMPAIGN_01,102.000000000,104.000000000,2.000000000,0.025124137,0.000000000,0.000000000
SE-C01-001-A0053,SE-C01-001,DS05,santa_elena,CAMPAIGN_01,104.000000000,106.000000000,2.000000000,0.026337254,0.000000000,0.000000000
SE-C01-001-A0054,SE-C01-001,DS05,santa_elena,CAMPAIGN_01,106.000000000,108.000000000,2.000000000,0.023736650,0.000000000,0.000000000
SE-C01-001-A0055,SE-C01-001,DS05,santa_elena,CAMPAIGN_01,108.000000000,110.000000000,2.000000000,0.026552438,0.000000000,0.000000000
SE-C01-001-A0056,SE-C01-001,DS05,santa_elena,CAMPAIGN_01,110.000000000,112.000000000,2.000000000,0.024264489,0.000000000,0.000000000
SE-C01-001-A0057,SE-C01-001,DS05,santa_elena,CAMPAIGN_01,112.000000000,114.000000000,2.000000000,0.023663593,0.000000000,0.000000000
SE-C01-001-A0058,SE-C01-001,DS05,santa_elena,CAMPAIGN_01,114.000000000,116.000000000,2.000000000,0.024170099,0.000000000,0.000000000
SE-C01-001-A0059,SE-C01-001,DS05,santa_elena,CAMPAIGN_01,116.000000000,118.000000000,2.000000000,0.026496113,0.000000000,0.000000000
SE-C01-001-A0060,SE-C01-001,DS05,santa_elena,CAMPAIGN_01,118.000000000,120.000000000,2.000000000,0.028354021,0.000000000,0.000000000
SE-C01-001-A0061,SE-C01-001,DS05,santa_elena,CAMPAIGN_01,120.000000000,122.000000000,2.000000000,0.026602659,0.000000000,0.000000000
SE-C01-001-A0062,SE-C01-001,DS05,santa_elena,CAMPAIGN_01,122.000000000,124.000000000,2.000000000,0.022446380,0.000000000,0.000000000
SE-C01-001-A0063,SE-C01-001,DS05,santa_elena,CAMPAIGN_01,124.000000000,126.000000000,2.000000000,0.024694238,0.000000000,0.000000000
SE-C01-001-A0064,SE-C01-001,DS05,santa_elena,CAMPAIGN_01,126.000000000,128.000000000,2.000000000,0.024782022,0.000000000,0.000000000
SE-C01-001-A0065,SE-C01-001,DS05,santa_elena,CAMPAIGN_01,128.000000000,130.000000000,2.000000000,0.024073960,0.000000000,0.000000000
SE-C01-001-A0066,SE-C01-001,DS05,santa_elena,CAMPAIGN_01,130.000000000,132.000000000,2.000000000,0.021649204,0.000000000,0.000000000
SE-C01-001-A0067,SE-C01-001,DS05,santa_elena,CAMPAIGN_01,132.000000000,134.000000000,2.000000000,0.024575731,0.000000000,0.000000000
SE-C01-001-A0068,SE-C01-001,DS05,santa_elena,CAMPAIGN_01,134.000000000,136.000000000,2.000000000,0.024964803,0.000000000,0.000000000
SE-C01-001-A0069,SE-C01-001,DS05,santa_elena,CAMPAIGN_01,136.000000000,138.000000000,2.000000000,0.030080256,0.000000000,0.000000000
SE-C01-001-A0070,SE-C01-001,DS05,santa_elena,CAMPAIGN_01,138.000000000,140.000000000,2.000000000,0.024100905,0.000000000,0.000000000
SE-C01-001-A0071,SE-C01-001,DS05,santa_elena,CAMPAIGN_01,140.000000000,142.000000000,2.000000000,0.028004990,0.000000000,0.000000000
SE-C01-001-A0072,SE-C01-001,DS05,santa_elena,CAMPAIGN_01,142.000000000,144.000000000,2.000000000,0.025943429,0.000000000,0.000000000
SE-C01-001-A0073,SE-C01-001,DS05,santa_elena,CAMPAIGN_01,144.000000000,146.000000000,2.000000000,0.024977150,0.000000000,0.000000000
SE-C01-001-A0074,SE-C01-001,DS05,santa_elena,CAMPAIGN_01,146.000000000,148.000000000,2.000000000,0.025743639,0.000000000,0.000000000
SE-C01-001-A0075,SE-C01-001,DS05,santa_elena,CAMPAIGN_01,148.000000000,150.000000000,2.000000000,0.026391265,0.000000000,0.000000000
SE-C01-001-A0076,SE-C01-001,DS05,santa_elena,CAMPAIGN_01,150.000000000,152.000000000,2.000000000,0.023778377,0.000000000,0.000000000
SE-C01-001-A0077,SE-C01-001,DS05,santa_elena,CAMPAIGN_01,152.000000000,154.000000000,2.000000000,0.027259053,0.000000000,0.000000000
SE-C01-001-A0078,SE-C01-001,DS05,santa_elena,CAMPAIGN_01,154.000000000,156.000000000,2.000000000,0.026817025,0.000000000,0.000000000
SE-C01-001-A0079,SE-C01-001,DS05,santa_elena,CAMPAIGN_01,156.000000000,158.000000000,2.000000000,0.023310865,0.000000000,0.000000000
SE-C01-001-A0080,SE-C01-001,DS05,santa_elena,CAMPAIGN_01,158.000000000,160.000000000,2.000000000,0.024659492,0.000000000,0.000000000
SE-C01-001-A0081,SE-C01-001,DS05,santa_elena,CAMPAIGN_01,160.000000000,162.000000000,2.000000000,0.024922824,0.000000000,0.000000000
SE-C01-001-A0082,SE-C01-001,DS05,santa_elena,CAMPAIGN_01,162.000000000,164.000000000,2.000000000,0.022396890,0.000000000,0.000000000
SE-C01-001-A0083,SE-C01-001,DS05,santa_elena,CAMPAIGN_01,164.000000000,166.000000000,2.000000000,0.029562495,0.000000000,0.000000000
SE-C01-001-A0084,SE-C01-001,DS05,santa_elena,CAMPAIGN_01,166.000000000,168.000000000,2.000000000,0.028266163,0.000000000,0.000000000
SE-C01-001-A0085,SE-C01-001,DS05,santa_elena,CAMPAIGN_01,168.000000000,170.000000000,2.000000000,0.023982189,0.000000000,0.000000000
SE-C01-001-A0086,SE-C01-001,DS05,santa_elena,CAMPAIGN_01,170.000000000,172.000000000,2.000000000,0.023761776,0.000000000,0.000000000
SE-C01-001-A0087,SE-C01-001,DS05,santa_elena,CAMPAIGN_01,172.000000000,174.000000000,2.000000000,0.024717438,0.000000000,0.000000000
SE-C01-001-A0088,SE-C01-001,DS05,santa_elena,CAMPAIGN_01,174.000000000,176.000000000,2.000000000,0.023456893,0.000000000,0.000000000
SE-C01-001-A0089,SE-C01-001,DS05,santa_elena,CAMPAIGN_01,176.000000000,178.000000000,2.000000000,0.025386759,0.000000000,0.000000000
SE-C01-001-A0090,SE-C01-001,DS05,santa_elena,CAMPAIGN_01,178.000000000,180.000000000,2.000000000,0.024421809,0.000000000,0.000000000
SE-C01-001-A0091,SE-C01-001,DS05,santa_elena,CAMPAIGN_01,180.000000000,182.000000000,2.000000000,0.026960491,0.000000000,0.000000000
SE-C01-001-A0092,SE-C01-001,DS05,santa_elena,CAMPAIGN_01,182.000000000,184.000000000,2.000000000,0.025907372,0.000000000,0.000000000
SE-C01-001-A0093,SE-C01-001,DS05,santa_elena,CAMPAIGN_01,184.000000000,186.000000000,2.000000000,0.028246945,0.000000000,0.000000000
SE-C01-001-A0094,SE-C01-001,DS05,santa_elena,CAMPAIGN_01,186.000000000,188.000000000,2.000000000,0.023730994,0.000000000,0.000000000
SE-C01-001-A0095,SE-C01-001,DS05,santa_elena,CAMPAIGN_01,188.000000000,190.000000000,2.000000000,0.025428897,0.000000000,0.000000000
SE-C01-001-A0096,SE-C01-001,DS05,santa_elena,CAMPAIGN_01,190.000000000,192.000000000,2.000000000,0.027758003,0.000000000,0.000000000
SE-C01-001-A0097,SE-C01-001,DS05,santa_elena,CAMPAIGN_01,192.000000000,194.000000000,2.000000000,0.026347498,0.000000000,0.000000000
SE-C01-001-A0098,SE-C01-001,DS05,santa_elena,CAMPAIGN_01,194.000000000,196.000000000,2.000000000,0.024968987,0.000000000,0.000000000
SE-C01-001-A0099,SE-C01-001,DS05,santa_elena,CAMPAIGN_01,196.000000000,198.000000000,2.000000000,0.022838575,0.000000000,0.000000000
SE-C01-001-A0100,SE-C01-001,DS05,santa_elena,CAMPAIGN_01,198.000000000,200.000000000,2.000000000,0.022645283,0.000000000,0.000000000
SE-C01-001-A0101,SE-C01-001,DS05,santa_elena,CAMPAIGN_01,200.000000000,202.000000000,2.000000000,0.024650503,0.000000000,0.000000000
SE-C01-001-A0102,SE-C01-001,DS05,santa_elena,CAMPAIGN_01,202.000000000,204.000000000,2.000000000,0.026322911,0.000000000,0.000000000
SE-C01-001-A0103,SE-C01-001,DS05,santa_elena,CAMPAIGN_01,204.000000000,206.000000000,2.000000000,0.027107154,0.000000000,0.000000000
SE-C01-001-A0104,SE-C01-001,DS05,santa_elena,CAMPAIGN_01,206.000000000,208.000000000,2.000000000,0.025828237,0.000000000,0.000000000
SE-C01-001-A0105,SE-C01-001,DS05,santa_elena,CAMPAIGN_01,208.000000000,210.000000000,2.000000000,0.027539775,0.000000000,0.000000000
SE-C01-002-A0001,SE-C01-002,DS05,santa_elena,CAMPAIGN_01,0.000000000,2.000000000,2.000000000,0.028991831,0.000000000,0.000000000
SE-C01-002-A0002,SE-C01-002,DS05,santa_elena,CAMPAIGN_01,2.000000000,4.000000000,2.000000000,0.029312509,0.000000000,0.000000000
SE-C01-002-A0003,SE-C01-002,DS05,santa_elena,CAMPAIGN_01,4.000000000,6.000000000,2.000000000,0.029194129,0.000000000,0.000000000
SE-C01-002-A0004,SE-C01-002,DS05,santa_elena,CAMPAIGN_01,6.000000000,8.000000000,2.000000000,0.030572338,0.000000000,0.000000000
SE-C01-002-A0005,SE-C01-002,DS05,santa_elena,CAMPAIGN_01,8.000000000,10.000000000,2.000000000,0.030122201,0.000000000,0.000000000
SE-C01-002-A0006,SE-C01-002,DS05,santa_elena,CAMPAIGN_01,10.000000000,12.000000000,2.000000000,0.030363176,0.000000000,0.000000000
SE-C01-002-A0007,SE-C01-002,DS05,santa_elena,CAMPAIGN_01,12.000000000,14.000000000,2.000000000,0.031864159,0.000000000,0.000000000
SE-C01-002-A0008,SE-C01-002,DS05,santa_elena,CAMPAIGN_01,14.000000000,16.000000000,2.000000000,0.030342449,0.000000000,0.000000000
SE-C01-002-A0009,SE-C01-002,DS05,santa_elena,CAMPAIGN_01,16.000000000,18.000000000,2.000000000,0.030934066,0.000000000,0.000000000
SE-C01-002-A0010,SE-C01-002,DS05,santa_elena,CAMPAIGN_01,18.000000000,20.000000000,2.000000000,0.032675497,0.000000000,0.000000000
SE-C01-002-A0011,SE-C01-002,DS05,santa_elena,CAMPAIGN_01,20.000000000,22.000000000,2.000000000,0.035626875,0.000000000,0.000000000
SE-C01-002-A0012,SE-C01-002,DS05,santa_elena,CAMPAIGN_01,22.000000000,24.000000000,2.000000000,0.033196404,0.000000000,0.000000000
SE-C01-002-A0013,SE-C01-002,DS05,santa_elena,CAMPAIGN_01,24.000000000,26.000000000,2.000000000,0.031754190,0.000000000,0.000000000
SE-C01-002-A0014,SE-C01-002,DS05,santa_elena,CAMPAIGN_01,26.000000000,28.000000000,2.000000000,0.037193334,0.000000000,0.000000000
SE-C01-002-A0015,SE-C01-002,DS05,santa_elena,CAMPAIGN_01,28.000000000,30.000000000,2.000000000,0.031531805,0.000000000,0.000000000
SE-C01-002-A0016,SE-C01-002,DS05,santa_elena,CAMPAIGN_01,30.000000000,32.000000000,2.000000000,0.038038667,0.000000000,0.000000000
SE-C01-002-A0017,SE-C01-002,DS05,santa_elena,CAMPAIGN_01,32.000000000,34.000000000,2.000000000,0.029419717,0.000000000,0.000000000
SE-C01-002-A0018,SE-C01-002,DS05,santa_elena,CAMPAIGN_01,34.000000000,36.000000000,2.000000000,0.036500219,0.000000000,0.000000000
SE-C01-002-A0019,SE-C01-002,DS05,santa_elena,CAMPAIGN_01,36.000000000,38.000000000,2.000000000,0.037913430,0.000000000,0.000000000
SE-C01-002-A0020,SE-C01-002,DS05,santa_elena,CAMPAIGN_01,38.000000000,40.000000000,2.000000000,0.035845845,0.000000000,0.000000000
SE-C01-002-A0021,SE-C01-002,DS05,santa_elena,CAMPAIGN_01,40.000000000,42.000000000,2.000000000,0.036912968,0.000000000,0.000000000
SE-C01-002-A0022,SE-C01-002,DS05,santa_elena,CAMPAIGN_01,42.000000000,44.000000000,2.000000000,0.035855236,0.000000000,0.000000000
SE-C01-002-A0023,SE-C01-002,DS05,santa_elena,CAMPAIGN_01,44.000000000,46.000000000,2.000000000,0.040566724,0.000000000,0.000000000
SE-C01-002-A0024,SE-C01-002,DS05,santa_elena,CAMPAIGN_01,46.000000000,48.000000000,2.000000000,0.039409157,0.000000000,0.000000000
SE-C01-002-A0025,SE-C01-002,DS05,santa_elena,CAMPAIGN_01,48.000000000,50.000000000,2.000000000,0.039602839,0.000000000,0.000000000
SE-C01-002-A0026,SE-C01-002,DS05,santa_elena,CAMPAIGN_01,50.000000000,52.000000000,2.000000000,0.040607703,0.000000000,0.000000000
SE-C01-002-A0027,SE-C01-002,DS05,santa_elena,CAMPAIGN_01,52.000000000,54.000000000,2.000000000,0.041631761,0.000000000,0.000000000
SE-C01-002-A0028,SE-C01-002,DS05,santa_elena,CAMPAIGN_01,54.000000000,56.000000000,2.000000000,0.039349250,0.000000000,0.000000000
SE-C01-002-A0029,SE-C01-002,DS05,santa_elena,CAMPAIGN_01,56.000000000,58.000000000,2.000000000,0.041802085,0.000000000,0.000000000
SE-C01-002-A0030,SE-C01-002,DS05,santa_elena,CAMPAIGN_01,58.000000000,60.000000000,2.000000000,0.042887901,0.000000000,0.000000000
SE-C01-002-A0031,SE-C01-002,DS05,santa_elena,CAMPAIGN_01,60.000000000,62.000000000,2.000000000,0.043457065,0.000000000,0.000000000
SE-C01-002-A0032,SE-C01-002,DS05,santa_elena,CAMPAIGN_01,62.000000000,64.000000000,2.000000000,0.043828784,0.000000000,0.000000000
SE-C01-002-A0033,SE-C01-002,DS05,santa_elena,CAMPAIGN_01,64.000000000,66.000000000,2.000000000,0.042226312,0.000000000,0.000000000
SE-C01-002-A0034,SE-C01-002,DS05,santa_elena,CAMPAIGN_01,66.000000000,68.000000000,2.000000000,0.043300455,0.000000000,0.000000000
SE-C01-002-A0035,SE-C01-002,DS05,santa_elena,CAMPAIGN_01,68.000000000,70.000000000,2.000000000,0.044560479,0.000000000,0.000000000
SE-C01-002-A0036,SE-C01-002,DS05,santa_elena,CAMPAIGN_01,70.000000000,72.000000000,2.000000000,0.047227019,0.000000000,0.000000000
SE-C01-002-A0037,SE-C01-002,DS05,santa_elena,CAMPAIGN_01,72.000000000,74.000000000,2.000000000,0.042787906,0.000000000,0.000000000
SE-C01-002-A0038,SE-C01-002,DS05,santa_elena,CAMPAIGN_01,74.000000000,76.000000000,2.000000000,0.046168327,0.000000000,0.000000000
SE-C01-002-A0039,SE-C01-002,DS05,santa_elena,CAMPAIGN_01,76.000000000,78.000000000,2.000000000,0.044644317,0.000000000,0.000000000
SE-C01-002-A0040,SE-C01-002,DS05,santa_elena,CAMPAIGN_01,78.000000000,80.000000000,2.000000000,0.041964168,0.000000000,0.000000000
SE-C01-002-A0041,SE-C01-002,DS05,santa_elena,CAMPAIGN_01,80.000000000,82.000000000,2.000000000,0.048075790,0.000000000,0.000000000
SE-C01-002-A0042,SE-C01-002,DS05,santa_elena,CAMPAIGN_01,82.000000000,84.000000000,2.000000000,0.043880876,0.000000000,0.000000000
SE-C01-002-A0043,SE-C01-002,DS05,santa_elena,CAMPAIGN_01,84.000000000,86.000000000,2.000000000,0.048605789,0.000000000,0.000000000
SE-C01-002-A0044,SE-C01-002,DS05,santa_elena,CAMPAIGN_01,86.000000000,88.000000000,2.000000000,0.050395550,0.000000000,0.000000000
SE-C01-002-A0045,SE-C01-002,DS05,santa_elena,CAMPAIGN_01,88.000000000,90.000000000,2.000000000,0.048548450,0.000000000,0.000000000
SE-C01-002-A0046,SE-C01-002,DS05,santa_elena,CAMPAIGN_01,90.000000000,92.000000000,2.000000000,0.048725229,0.000000000,0.000000000
SE-C01-002-A0047,SE-C01-002,DS05,santa_elena,CAMPAIGN_01,92.000000000,94.000000000,2.000000000,0.046726827,0.000000000,0.000000000
SE-C01-002-A0048,SE-C01-002,DS05,santa_elena,CAMPAIGN_01,94.000000000,96.000000000,2.000000000,0.050203050,0.000000000,0.000000000
SE-C01-002-A0049,SE-C01-002,DS05,santa_elena,CAMPAIGN_01,96.000000000,98.000000000,2.000000000,0.052075640,0.000000000,0.000000000
SE-C01-002-A0050,SE-C01-002,DS05,santa_elena,CAMPAIGN_01,98.000000000,100.000000000,2.000000000,0.055347199,0.000000000,0.000000000
SE-C01-002-A0051,SE-C01-002,DS05,santa_elena,CAMPAIGN_01,100.000000000,102.000000000,2.000000000,0.056212104,0.000000000,0.000000000
SE-C01-002-A0052,SE-C01-002,DS05,santa_elena,CAMPAIGN_01,102.000000000,104.000000000,2.000000000,0.056291631,0.000000000,0.000000000
SE-C01-002-A0053,SE-C01-002,DS05,santa_elena,CAMPAIGN_01,104.000000000,106.000000000,2.000000000,0.053135539,0.000000000,0.000000000
SE-C01-002-A0054,SE-C01-002,DS05,santa_elena,CAMPAIGN_01,106.000000000,108.000000000,2.000000000,0.054827385,0.000000000,0.000000000
SE-C01-002-A0055,SE-C01-002,DS05,santa_elena,CAMPAIGN_01,108.000000000,110.000000000,2.000000000,0.057881774,0.000000000,0.000000000
SE-C01-002-A0056,SE-C01-002,DS05,santa_elena,CAMPAIGN_01,110.000000000,112.000000000,2.000000000,0.056463928,0.000000000,0.000000000
SE-C01-002-A0057,SE-C01-002,DS05,santa_elena,CAMPAIGN_01,112.000000000,114.000000000,2.000000000,0.054446754,0.000000000,0.000000000
SE-C01-002-A0058,SE-C01-002,DS05,santa_elena,CAMPAIGN_01,114.000000000,116.000000000,2.000000000,0.055236158,0.000000000,0.000000000
SE-C01-002-A0059,SE-C01-002,DS05,santa_elena,CAMPAIGN_01,116.000000000,118.000000000,2.000000000,0.059053063,0.000000000,0.000000000
SE-C01-002-A0060,SE-C01-002,DS05,santa_elena,CAMPAIGN_01,118.000000000,120.000000000,2.000000000,0.056758954,0.000000000,0.000000000
SE-C01-002-A0061,SE-C01-002,DS05,santa_elena,CAMPAIGN_01,120.000000000,122.000000000,2.000000000,0.059982283,0.000000000,0.000000000
SE-C01-002-A0062,SE-C01-002,DS05,santa_elena,CAMPAIGN_01,122.000000000,124.000000000,2.000000000,0.058614827,0.000000000,0.000000000
SE-C01-002-A0063,SE-C01-002,DS05,santa_elena,CAMPAIGN_01,124.000000000,126.000000000,2.000000000,0.059794553,0.000000000,0.000000000
SE-C01-002-A0064,SE-C01-002,DS05,santa_elena,CAMPAIGN_01,126.000000000,128.000000000,2.000000000,0.059992368,0.000000000,0.000000000
SE-C01-002-A0065,SE-C01-002,DS05,santa_elena,CAMPAIGN_01,128.000000000,130.000000000,2.000000000,0.059938294,0.000000000,0.000000000
SE-C01-002-A0066,SE-C01-002,DS05,santa_elena,CAMPAIGN_01,130.000000000,132.000000000,2.000000000,0.064462555,0.000000000,0.000000000
SE-C01-002-A0067,SE-C01-002,DS05,santa_elena,CAMPAIGN_01,132.000000000,134.000000000,2.000000000,0.062506675,0.000000000,0.000000000
SE-C01-002-A0068,SE-C01-002,DS05,santa_elena,CAMPAIGN_01,134.000000000,136.000000000,2.000000000,0.063326710,0.000000000,0.000000000
SE-C01-002-A0069,SE-C01-002,DS05,santa_elena,CAMPAIGN_01,136.000000000,138.000000000,2.000000000,0.064341243,0.000000000,0.000000000
SE-C01-002-A0070,SE-C01-002,DS05,santa_elena,CAMPAIGN_01,138.000000000,140.000000000,2.000000000,0.068382193,0.000000000,0.000000000
SE-C01-002-A0071,SE-C01-002,DS05,santa_elena,CAMPAIGN_01,140.000000000,142.000000000,2.000000000,0.063174529,0.000000000,0.000000000
SE-C01-002-A0072,SE-C01-002,DS05,santa_elena,CAMPAIGN_01,142.000000000,144.000000000,2.000000000,0.061316270,0.000000000,0.000000000
SE-C01-002-A0073,SE-C01-002,DS05,santa_elena,CAMPAIGN_01,144.000000000,146.000000000,2.000000000,0.065246451,0.000000000,0.000000000
SE-C01-002-A0074,SE-C01-002,DS05,santa_elena,CAMPAIGN_01,146.000000000,148.000000000,2.000000000,0.062998827,0.000000000,0.000000000
SE-C01-002-A0075,SE-C01-002,DS05,santa_elena,CAMPAIGN_01,148.000000000,150.000000000,2.000000000,0.068111421,0.000000000,0.000000000
SE-C01-002-A0076,SE-C01-002,DS05,santa_elena,CAMPAIGN_01,150.000000000,152.000000000,2.000000000,0.062199201,0.000000000,0.000000000
SE-C01-002-A0077,SE-C01-002,DS05,santa_elena,CAMPAIGN_01,152.000000000,154.000000000,2.000000000,0.069081896,0.000000000,0.000000000
SE-C01-002-A0078,SE-C01-002,DS05,santa_elena,CAMPAIGN_01,154.000000000,156.000000000,2.000000000,0.069050532,0.000000000,0.000000000
SE-C01-002-A0079,SE-C01-002,DS05,santa_elena,CAMPAIGN_01,156.000000000,158.000000000,2.000000000,0.063067598,0.000000000,0.000000000
SE-C01-002-A0080,SE-C01-002,DS05,santa_elena,CAMPAIGN_01,158.000000000,160.000000000,2.000000000,0.074185686,0.000000000,0.000000000
SE-C01-002-A0081,SE-C01-002,DS05,santa_elena,CAMPAIGN_01,160.000000000,162.000000000,2.000000000,0.068943802,0.000000000,0.000000000
SE-C01-002-A0082,SE-C01-002,DS05,santa_elena,CAMPAIGN_01,162.000000000,164.000000000,2.000000000,0.071324758,0.000000000,0.000000000
SE-C01-002-A0083,SE-C01-002,DS05,santa_elena,CAMPAIGN_01,164.000000000,166.000000000,2.000000000,0.069060247,0.000000000,0.000000000
SE-C01-002-A0084,SE-C01-002,DS05,santa_elena,CAMPAIGN_01,166.000000000,168.000000000,2.000000000,0.065149367,0.000000000,0.000000000
SE-C01-002-A0085,SE-C01-002,DS05,santa_elena,CAMPAIGN_01,168.000000000,170.000000000,2.000000000,0.065814254,0.000000000,0.000000000
SE-C01-002-A0086,SE-C01-002,DS05,santa_elena,CAMPAIGN_01,170.000000000,172.000000000,2.000000000,0.069521478,0.000000000,0.000000000
SE-C01-002-A0087,SE-C01-002,DS05,santa_elena,CAMPAIGN_01,172.000000000,174.000000000,2.000000000,0.073003839,0.000000000,0.000000000
SE-C01-002-A0088,SE-C01-002,DS05,santa_elena,CAMPAIGN_01,174.000000000,176.000000000,2.000000000,0.070525790,0.000000000,0.000000000
SE-C01-002-A0089,SE-C01-002,DS05,santa_elena,CAMPAIGN_01,176.000000000,178.000000000,2.000000000,0.067749482,0.000000000,0.000000000
SE-C01-002-A0090,SE-C01-002,DS05,santa_elena,CAMPAIGN_01,178.000000000,180.000000000,2.000000000,0.068099333,0.000000000,0.000000000
SE-C01-002-A0091,SE-C01-002,DS05,santa_elena,CAMPAIGN_01,180.000000000,182.000000000,2.000000000,0.074368606,0.000000000,0.000000000
SE-C01-002-A0092,SE-C01-002,DS05,santa_elena,CAMPAIGN_01,182.000000000,184.000000000,2.000000000,0.072253512,0.000000000,0.000000000
SE-C01-002-A0093,SE-C01-002,DS05,santa_elena,CAMPAIGN_01,184.000000000,186.000000000,2.000000000,0.070687730,0.000000000,0.000000000
SE-C01-002-A0094,SE-C01-002,DS05,santa_elena,CAMPAIGN_01,186.000000000,188.000000000,2.000000000,0.075616123,0.000000000,0.000000000
SE-C01-002-A0095,SE-C01-002,DS05,santa_elena,CAMPAIGN_01,188.000000000,190.000000000,2.000000000,0.070093951,0.000000000,0.000000000
SE-C01-002-A0096,SE-C01-002,DS05,santa_elena,CAMPAIGN_01,190.000000000,192.000000000,2.000000000,0.072792128,0.000000000,0.000000000
SE-C01-002-A0097,SE-C01-002,DS05,santa_elena,CAMPAIGN_01,192.000000000,194.000000000,2.000000000,0.072891537,0.000000000,0.000000000
SE-C01-002-A0098,SE-C01-002,DS05,santa_elena,CAMPAIGN_01,194.000000000,196.000000000,2.000000000,0.067719813,0.000000000,0.000000000
SE-C01-002-A0099,SE-C01-002,DS05,santa_elena,CAMPAIGN_01,196.000000000,198.000000000,2.000000000,0.072196540,0.000000000,0.000000000
SE-C01-002-A0100,SE-C01-002,DS05,santa_elena,CAMPAIGN_01,198.000000000,200.000000000,2.000000000,0.073658592,0.000000000,0.000000000
SE-C01-002-A0101,SE-C01-002,DS05,santa_elena,CAMPAIGN_01,200.000000000,202.000000000,2.000000000,0.074789013,0.000000000,0.000000000
SE-C01-002-A0102,SE-C01-002,DS05,santa_elena,CAMPAIGN_01,202.000000000,204.000000000,2.000000000,0.082161968,0.000000000,0.000000000
SE-C01-002-A0103,SE-C01-002,DS05,santa_elena,CAMPAIGN_01,204.000000000,206.000000000,2.000000000,0.071838577,0.000000000,0.000000000
SE-C01-002-A0104,SE-C01-002,DS05,santa_elena,CAMPAIGN_01,206.000000000,208.000000000,2.000000000,0.071621689,0.000000000,0.000000000
SE-C01-002-A0105,SE-C01-002,DS05,santa_elena,CAMPAIGN_01,208.000000000,210.000000000,2.000000000,0.072426177,0.000000000,0.000000000
SE-C01-002-A0106,SE-C01-002,DS05,santa_elena,CAMPAIGN_01,210.000000000,212.000000000,2.000000000,0.074198012,0.000000000,0.000000000
SE-C01-002-A0107,SE-C01-002,DS05,santa_elena,CAMPAIGN_01,212.000000000,214.000000000,2.000000000,0.071607698,0.000000000,0.000000000
SE-C01-002-A0108,SE-C01-002,DS05,santa_elena,CAMPAIGN_01,214.000000000,216.000000000,2.000000000,0.072709435,0.000000000,0.000000000
SE-C01-002-A0109,SE-C01-002,DS05,santa_elena,CAMPAIGN_01,216.000000000,218.000000000,2.000000000,0.078986455,0.000000000,0.000000000
SE-C01-002-A0110,SE-C01-002,DS05,santa_elena,CAMPAIGN_01,218.000000000,220.000000000,2.000000000,0.067675865,0.000000000,0.000000000
SE-C01-002-A0111,SE-C01-002,DS05,santa_elena,CAMPAIGN_01,220.000000000,222.000000000,2.000000000,0.072102506,0.000000000,0.000000000
SE-C01-002-A0112,SE-C01-002,DS05,santa_elena,CAMPAIGN_01,222.000000000,224.000000000,2.000000000,0.072353443,0.000000000,0.000000000
SE-C01-002-A0113,SE-C01-002,DS05,santa_elena,CAMPAIGN_01,224.000000000,226.000000000,2.000000000,0.068917314,0.000000000,0.000000000
SE-C01-002-A0114,SE-C01-002,DS05,santa_elena,CAMPAIGN_01,226.000000000,228.000000000,2.000000000,0.065932592,0.000000000,0.000000000
SE-C01-002-A0115,SE-C01-002,DS05,santa_elena,CAMPAIGN_01,228.000000000,230.000000000,2.000000000,0.069858407,0.000000000,0.000000000
SE-C01-002-A0116,SE-C01-002,DS05,santa_elena,CAMPAIGN_01,230.000000000,232.000000000,2.000000000,0.070182868,0.000000000,0.000000000
SE-C01-002-A0117,SE-C01-002,DS05,santa_elena,CAMPAIGN_01,232.000000000,234.000000000,2.000000000,0.069117717,0.000000000,0.000000000
SE-C01-002-A0118,SE-C01-002,DS05,santa_elena,CAMPAIGN_01,234.000000000,235.537692269,1.537692269,0.068191860,0.000000000,0.000000000
SE-C01-003-A0001,SE-C01-003,DS05,santa_elena,CAMPAIGN_01,0.000000000,2.000000000,2.000000000,0.018383366,0.000000000,0.000000000
SE-C01-003-A0002,SE-C01-003,DS05,santa_elena,CAMPAIGN_01,2.000000000,4.000000000,2.000000000,0.019668408,0.000000000,0.000000000
SE-C01-003-A0003,SE-C01-003,DS05,santa_elena,CAMPAIGN_01,4.000000000,6.000000000,2.000000000,0.024099762,0.000000000,0.000000000
SE-C01-003-A0004,SE-C01-003,DS05,santa_elena,CAMPAIGN_01,6.000000000,8.000000000,2.000000000,0.023500100,0.000000000,0.000000000
SE-C01-003-A0005,SE-C01-003,DS05,santa_elena,CAMPAIGN_01,8.000000000,10.000000000,2.000000000,0.024964356,0.000000000,0.000000000
SE-C01-003-A0006,SE-C01-003,DS05,santa_elena,CAMPAIGN_01,10.000000000,12.000000000,2.000000000,0.022527877,0.000000000,0.000000000
SE-C01-003-A0007,SE-C01-003,DS05,santa_elena,CAMPAIGN_01,12.000000000,14.000000000,2.000000000,0.022534024,0.000000000,0.000000000
SE-C01-003-A0008,SE-C01-003,DS05,santa_elena,CAMPAIGN_01,14.000000000,16.000000000,2.000000000,0.024116891,0.000000000,0.000000000
SE-C01-003-A0009,SE-C01-003,DS05,santa_elena,CAMPAIGN_01,16.000000000,18.000000000,2.000000000,0.021956556,0.000000000,0.000000000
SE-C01-003-A0010,SE-C01-003,DS05,santa_elena,CAMPAIGN_01,18.000000000,20.000000000,2.000000000,0.024331330,0.000000000,0.000000000
SE-C01-003-A0011,SE-C01-003,DS05,santa_elena,CAMPAIGN_01,20.000000000,22.000000000,2.000000000,0.026796031,0.000000000,0.000000000
SE-C01-003-A0012,SE-C01-003,DS05,santa_elena,CAMPAIGN_01,22.000000000,24.000000000,2.000000000,0.022316860,0.000000000,0.000000000
SE-C01-003-A0013,SE-C01-003,DS05,santa_elena,CAMPAIGN_01,24.000000000,26.000000000,2.000000000,0.025630601,0.000000000,0.000000000
SE-C01-003-A0014,SE-C01-003,DS05,santa_elena,CAMPAIGN_01,26.000000000,28.000000000,2.000000000,0.020177142,0.000000000,0.000000000
SE-C01-003-A0015,SE-C01-003,DS05,santa_elena,CAMPAIGN_01,28.000000000,30.000000000,2.000000000,0.021681698,0.000000000,0.000000000
SE-C01-003-A0016,SE-C01-003,DS05,santa_elena,CAMPAIGN_01,30.000000000,32.000000000,2.000000000,0.022337914,0.000000000,0.000000000
SE-C01-003-A0017,SE-C01-003,DS05,santa_elena,CAMPAIGN_01,32.000000000,34.000000000,2.000000000,0.023785348,0.000000000,0.000000000
SE-C01-003-A0018,SE-C01-003,DS05,santa_elena,CAMPAIGN_01,34.000000000,36.000000000,2.000000000,0.025341999,0.000000000,0.000000000
SE-C01-003-A0019,SE-C01-003,DS05,santa_elena,CAMPAIGN_01,36.000000000,38.000000000,2.000000000,0.024212033,0.000000000,0.000000000
SE-C01-003-A0020,SE-C01-003,DS05,santa_elena,CAMPAIGN_01,38.000000000,40.000000000,2.000000000,0.023493083,0.000000000,0.000000000
SE-C01-003-A0021,SE-C01-003,DS05,santa_elena,CAMPAIGN_01,40.000000000,42.000000000,2.000000000,0.024842543,0.000000000,0.000000000
SE-C01-003-A0022,SE-C01-003,DS05,santa_elena,CAMPAIGN_01,42.000000000,44.000000000,2.000000000,0.023967625,0.000000000,0.000000000
SE-C01-003-A0023,SE-C01-003,DS05,santa_elena,CAMPAIGN_01,44.000000000,46.000000000,2.000000000,0.028789474,0.000000000,0.000000000
SE-C01-003-A0024,SE-C01-003,DS05,santa_elena,CAMPAIGN_01,46.000000000,48.000000000,2.000000000,0.029194648,0.000000000,0.000000000
SE-C01-003-A0025,SE-C01-003,DS05,santa_elena,CAMPAIGN_01,48.000000000,50.000000000,2.000000000,0.024364489,0.000000000,0.000000000
SE-C01-003-A0026,SE-C01-003,DS05,santa_elena,CAMPAIGN_01,50.000000000,52.000000000,2.000000000,0.028271181,0.000000000,0.000000000
SE-C01-003-A0027,SE-C01-003,DS05,santa_elena,CAMPAIGN_01,52.000000000,54.000000000,2.000000000,0.026399171,0.000000000,0.000000000
SE-C01-003-A0028,SE-C01-003,DS05,santa_elena,CAMPAIGN_01,54.000000000,56.000000000,2.000000000,0.028619285,0.000000000,0.000000000
SE-C01-003-A0029,SE-C01-003,DS05,santa_elena,CAMPAIGN_01,56.000000000,58.000000000,2.000000000,0.028630254,0.000000000,0.000000000
SE-C01-003-A0030,SE-C01-003,DS05,santa_elena,CAMPAIGN_01,58.000000000,60.000000000,2.000000000,0.025392962,0.000000000,0.000000000
SE-C01-003-A0031,SE-C01-003,DS05,santa_elena,CAMPAIGN_01,60.000000000,62.000000000,2.000000000,0.026293008,0.000000000,0.000000000
SE-C01-003-A0032,SE-C01-003,DS05,santa_elena,CAMPAIGN_01,62.000000000,64.000000000,2.000000000,0.028626981,0.000000000,0.000000000
SE-C01-003-A0033,SE-C01-003,DS05,santa_elena,CAMPAIGN_01,64.000000000,66.000000000,2.000000000,0.027990818,0.000000000,0.000000000
SE-C01-003-A0034,SE-C01-003,DS05,santa_elena,CAMPAIGN_01,66.000000000,68.000000000,2.000000000,0.027079918,0.000000000,0.000000000
SE-C01-003-A0035,SE-C01-003,DS05,santa_elena,CAMPAIGN_01,68.000000000,70.000000000,2.000000000,0.026387386,0.000000000,0.000000000
SE-C01-003-A0036,SE-C01-003,DS05,santa_elena,CAMPAIGN_01,70.000000000,72.000000000,2.000000000,0.027967066,0.000000000,0.000000000
SE-C01-003-A0037,SE-C01-003,DS05,santa_elena,CAMPAIGN_01,72.000000000,74.000000000,2.000000000,0.028767199,0.000000000,0.000000000
SE-C01-003-A0038,SE-C01-003,DS05,santa_elena,CAMPAIGN_01,74.000000000,76.000000000,2.000000000,0.032711753,0.000000000,0.000000000
SE-C01-003-A0039,SE-C01-003,DS05,santa_elena,CAMPAIGN_01,76.000000000,78.000000000,2.000000000,0.031497684,0.000000000,0.000000000
SE-C01-003-A0040,SE-C01-003,DS05,santa_elena,CAMPAIGN_01,78.000000000,80.000000000,2.000000000,0.031703892,0.000000000,0.000000000
SE-C01-003-A0041,SE-C01-003,DS05,santa_elena,CAMPAIGN_01,80.000000000,82.000000000,2.000000000,0.031251856,0.000000000,0.000000000
SE-C01-003-A0042,SE-C01-003,DS05,santa_elena,CAMPAIGN_01,82.000000000,84.000000000,2.000000000,0.032409162,0.000000000,0.000000000
SE-C01-003-A0043,SE-C01-003,DS05,santa_elena,CAMPAIGN_01,84.000000000,86.000000000,2.000000000,0.032851755,0.000000000,0.000000000
SE-C01-003-A0044,SE-C01-003,DS05,santa_elena,CAMPAIGN_01,86.000000000,88.000000000,2.000000000,0.031620893,0.000000000,0.000000000
SE-C01-003-A0045,SE-C01-003,DS05,santa_elena,CAMPAIGN_01,88.000000000,90.000000000,2.000000000,0.033037809,0.000000000,0.000000000
SE-C01-003-A0046,SE-C01-003,DS05,santa_elena,CAMPAIGN_01,90.000000000,92.000000000,2.000000000,0.030463076,0.000000000,0.000000000
SE-C01-003-A0047,SE-C01-003,DS05,santa_elena,CAMPAIGN_01,92.000000000,94.000000000,2.000000000,0.030033044,0.000000000,0.000000000
SE-C01-003-A0048,SE-C01-003,DS05,santa_elena,CAMPAIGN_01,94.000000000,96.000000000,2.000000000,0.029977009,0.000000000,0.000000000
SE-C01-003-A0049,SE-C01-003,DS05,santa_elena,CAMPAIGN_01,96.000000000,98.000000000,2.000000000,0.041079336,0.000000000,0.000000000
SE-C01-003-A0050,SE-C01-003,DS05,santa_elena,CAMPAIGN_01,98.000000000,100.000000000,2.000000000,0.036171752,0.000000000,0.000000000
SE-C01-003-A0051,SE-C01-003,DS05,santa_elena,CAMPAIGN_01,100.000000000,102.000000000,2.000000000,0.040762979,0.000000000,0.000000000
SE-C01-003-A0052,SE-C01-003,DS05,santa_elena,CAMPAIGN_01,102.000000000,104.000000000,2.000000000,0.033419196,0.000000000,0.000000000
SE-C01-003-A0053,SE-C01-003,DS05,santa_elena,CAMPAIGN_01,104.000000000,106.000000000,2.000000000,0.038517959,0.000000000,0.000000000
SE-C01-003-A0054,SE-C01-003,DS05,santa_elena,CAMPAIGN_01,106.000000000,108.000000000,2.000000000,0.035284448,0.000000000,0.000000000
SE-C01-003-A0055,SE-C01-003,DS05,santa_elena,CAMPAIGN_01,108.000000000,110.000000000,2.000000000,0.034880128,0.000000000,0.000000000
SE-C01-003-A0056,SE-C01-003,DS05,santa_elena,CAMPAIGN_01,110.000000000,112.000000000,2.000000000,0.041253814,0.000000000,0.000000000
SE-C01-003-A0057,SE-C01-003,DS05,santa_elena,CAMPAIGN_01,112.000000000,114.000000000,2.000000000,0.038906657,0.000000000,0.000000000
SE-C01-003-A0058,SE-C01-003,DS05,santa_elena,CAMPAIGN_01,114.000000000,116.000000000,2.000000000,0.040533820,0.000000000,0.000000000
SE-C01-003-A0059,SE-C01-003,DS05,santa_elena,CAMPAIGN_01,116.000000000,118.000000000,2.000000000,0.039020776,0.000000000,0.000000000
SE-C01-003-A0060,SE-C01-003,DS05,santa_elena,CAMPAIGN_01,118.000000000,120.000000000,2.000000000,0.044931860,0.000000000,0.000000000
SE-C01-003-A0061,SE-C01-003,DS05,santa_elena,CAMPAIGN_01,120.000000000,122.000000000,2.000000000,0.044373696,0.000000000,0.000000000
SE-C01-003-A0062,SE-C01-003,DS05,santa_elena,CAMPAIGN_01,122.000000000,124.000000000,2.000000000,0.043569804,0.000000000,0.000000000
SE-C01-003-A0063,SE-C01-003,DS05,santa_elena,CAMPAIGN_01,124.000000000,126.000000000,2.000000000,0.041538509,0.000000000,0.000000000
SE-C01-003-A0064,SE-C01-003,DS05,santa_elena,CAMPAIGN_01,126.000000000,128.000000000,2.000000000,0.040382695,0.000000000,0.000000000
SE-C01-003-A0065,SE-C01-003,DS05,santa_elena,CAMPAIGN_01,128.000000000,130.000000000,2.000000000,0.041998547,0.000000000,0.000000000
SE-C01-003-A0066,SE-C01-003,DS05,santa_elena,CAMPAIGN_01,130.000000000,132.000000000,2.000000000,0.047894792,0.000000000,0.000000000
SE-C01-003-A0067,SE-C01-003,DS05,santa_elena,CAMPAIGN_01,132.000000000,134.000000000,2.000000000,0.043915912,0.000000000,0.000000000
SE-C01-003-A0068,SE-C01-003,DS05,santa_elena,CAMPAIGN_01,134.000000000,136.000000000,2.000000000,0.042889786,0.000000000,0.000000000
SE-C01-003-A0069,SE-C01-003,DS05,santa_elena,CAMPAIGN_01,136.000000000,138.000000000,2.000000000,0.047060347,0.000000000,0.000000000
SE-C01-003-A0070,SE-C01-003,DS05,santa_elena,CAMPAIGN_01,138.000000000,140.000000000,2.000000000,0.047531762,0.000000000,0.000000000
SE-C01-003-A0071,SE-C01-003,DS05,santa_elena,CAMPAIGN_01,140.000000000,142.000000000,2.000000000,0.046689294,0.000000000,0.000000000
SE-C01-003-A0072,SE-C01-003,DS05,santa_elena,CAMPAIGN_01,142.000000000,144.000000000,2.000000000,0.046847943,0.000000000,0.000000000
SE-C01-003-A0073,SE-C01-003,DS05,santa_elena,CAMPAIGN_01,144.000000000,146.000000000,2.000000000,0.048485731,0.000000000,0.000000000
SE-C01-003-A0074,SE-C01-003,DS05,santa_elena,CAMPAIGN_01,146.000000000,148.000000000,2.000000000,0.050966238,0.000000000,0.000000000
SE-C01-003-A0075,SE-C01-003,DS05,santa_elena,CAMPAIGN_01,148.000000000,150.000000000,2.000000000,0.051846881,0.000000000,0.000000000
SE-C01-003-A0076,SE-C01-003,DS05,santa_elena,CAMPAIGN_01,150.000000000,152.000000000,2.000000000,0.050384036,0.000000000,0.000000000
SE-C01-003-A0077,SE-C01-003,DS05,santa_elena,CAMPAIGN_01,152.000000000,154.000000000,2.000000000,0.050141004,0.000000000,0.000000000
SE-C01-003-A0078,SE-C01-003,DS05,santa_elena,CAMPAIGN_01,154.000000000,156.000000000,2.000000000,0.059278748,0.000000000,0.000000000
SE-C01-003-A0079,SE-C01-003,DS05,santa_elena,CAMPAIGN_01,156.000000000,158.000000000,2.000000000,0.056099297,0.000000000,0.000000000
SE-C01-003-A0080,SE-C01-003,DS05,santa_elena,CAMPAIGN_01,158.000000000,160.000000000,2.000000000,0.051869107,0.000000000,0.000000000
SE-C01-003-A0081,SE-C01-003,DS05,santa_elena,CAMPAIGN_01,160.000000000,162.000000000,2.000000000,0.051056944,0.000000000,0.000000000
SE-C01-003-A0082,SE-C01-003,DS05,santa_elena,CAMPAIGN_01,162.000000000,164.000000000,2.000000000,0.056222768,0.000000000,0.000000000
SE-C01-003-A0083,SE-C01-003,DS05,santa_elena,CAMPAIGN_01,164.000000000,166.000000000,2.000000000,0.058732391,0.000000000,0.000000000
SE-C01-003-A0084,SE-C01-003,DS05,santa_elena,CAMPAIGN_01,166.000000000,168.000000000,2.000000000,0.058134996,0.000000000,0.000000000
SE-C01-003-A0085,SE-C01-003,DS05,santa_elena,CAMPAIGN_01,168.000000000,170.000000000,2.000000000,0.055105419,0.000000000,0.000000000
SE-C01-003-A0086,SE-C01-003,DS05,santa_elena,CAMPAIGN_01,170.000000000,172.000000000,2.000000000,0.059921655,0.000000000,0.000000000
SE-C01-003-A0087,SE-C01-003,DS05,santa_elena,CAMPAIGN_01,172.000000000,174.000000000,2.000000000,0.059877774,0.000000000,0.000000000
SE-C01-003-A0088,SE-C01-003,DS05,santa_elena,CAMPAIGN_01,174.000000000,176.000000000,2.000000000,0.060634620,0.000000000,0.000000000
SE-C01-003-A0089,SE-C01-003,DS05,santa_elena,CAMPAIGN_01,176.000000000,178.000000000,2.000000000,0.061333332,0.000000000,0.000000000
SE-C01-003-A0090,SE-C01-003,DS05,santa_elena,CAMPAIGN_01,178.000000000,180.000000000,2.000000000,0.063610371,0.000000000,0.000000000
SE-C01-003-A0091,SE-C01-003,DS05,santa_elena,CAMPAIGN_01,180.000000000,182.000000000,2.000000000,0.058016414,0.000000000,0.000000000
SE-C01-003-A0092,SE-C01-003,DS05,santa_elena,CAMPAIGN_01,182.000000000,184.000000000,2.000000000,0.066390002,0.000000000,0.000000000
SE-C01-003-A0093,SE-C01-003,DS05,santa_elena,CAMPAIGN_01,184.000000000,186.000000000,2.000000000,0.063709347,0.000000000,0.000000000
SE-C01-003-A0094,SE-C01-003,DS05,santa_elena,CAMPAIGN_01,186.000000000,188.000000000,2.000000000,0.066212824,0.000000000,0.000000000
SE-C01-003-A0095,SE-C01-003,DS05,santa_elena,CAMPAIGN_01,188.000000000,190.000000000,2.000000000,0.061159073,0.000000000,0.000000000
SE-C01-003-A0096,SE-C01-003,DS05,santa_elena,CAMPAIGN_01,190.000000000,192.000000000,2.000000000,0.060423672,0.000000000,0.000000000
SE-C01-003-A0097,SE-C01-003,DS05,santa_elena,CAMPAIGN_01,192.000000000,194.000000000,2.000000000,0.066708664,0.000000000,0.000000000
SE-C01-003-A0098,SE-C01-003,DS05,santa_elena,CAMPAIGN_01,194.000000000,196.000000000,2.000000000,0.066683238,0.000000000,0.000000000
SE-C01-003-A0099,SE-C01-003,DS05,santa_elena,CAMPAIGN_01,196.000000000,198.000000000,2.000000000,0.071269546,0.000000000,0.000000000
SE-C01-003-A0100,SE-C01-003,DS05,santa_elena,CAMPAIGN_01,198.000000000,200.000000000,2.000000000,0.068166079,0.000000000,0.000000000
SE-C01-003-A0101,SE-C01-003,DS05,santa_elena,CAMPAIGN_01,200.000000000,202.000000000,2.000000000,0.069905831,0.000000000,0.000000000
SE-C01-003-A0102,SE-C01-003,DS05,santa_elena,CAMPAIGN_01,202.000000000,204.000000000,2.000000000,0.069163227,0.000000000,0.000000000
SE-C01-003-A0103,SE-C01-003,DS05,santa_elena,CAMPAIGN_01,204.000000000,206.000000000,2.000000000,0.066975167,0.000000000,0.000000000
SE-C01-003-A0104,SE-C01-003,DS05,santa_elena,CAMPAIGN_01,206.000000000,208.000000000,2.000000000,0.072601544,0.000000000,0.000000000
SE-C01-003-A0105,SE-C01-003,DS05,santa_elena,CAMPAIGN_01,208.000000000,210.000000000,2.000000000,0.073038526,0.000000000,0.000000000
SE-C01-003-A0106,SE-C01-003,DS05,santa_elena,CAMPAIGN_01,210.000000000,212.000000000,2.000000000,0.070852458,0.000000000,0.000000000
SE-C01-003-A0107,SE-C01-003,DS05,santa_elena,CAMPAIGN_01,212.000000000,214.000000000,2.000000000,0.074362878,0.000000000,0.000000000
SE-C01-003-A0108,SE-C01-003,DS05,santa_elena,CAMPAIGN_01,214.000000000,216.000000000,2.000000000,0.079890782,0.000000000,0.000000000
SE-C01-003-A0109,SE-C01-003,DS05,santa_elena,CAMPAIGN_01,216.000000000,218.000000000,2.000000000,0.079735462,0.000000000,0.000000000
SE-C01-003-A0110,SE-C01-003,DS05,santa_elena,CAMPAIGN_01,218.000000000,220.000000000,2.000000000,0.070476137,0.000000000,0.000000000
SE-C01-003-A0111,SE-C01-003,DS05,santa_elena,CAMPAIGN_01,220.000000000,222.000000000,2.000000000,0.079991524,0.000000000,0.000000000
SE-C01-003-A0112,SE-C01-003,DS05,santa_elena,CAMPAIGN_01,222.000000000,224.000000000,2.000000000,0.076883480,0.000000000,0.000000000
SE-C01-003-A0113,SE-C01-003,DS05,santa_elena,CAMPAIGN_01,224.000000000,226.000000000,2.000000000,0.078044853,0.000000000,0.000000000
SE-C01-003-A0114,SE-C01-003,DS05,santa_elena,CAMPAIGN_01,226.000000000,228.000000000,2.000000000,0.076706707,0.000000000,0.000000000
SE-C01-003-A0115,SE-C01-003,DS05,santa_elena,CAMPAIGN_01,228.000000000,230.000000000,2.000000000,0.074205732,0.000000000,0.000000000
SE-C01-003-A0116,SE-C01-003,DS05,santa_elena,CAMPAIGN_01,230.000000000,232.000000000,2.000000000,0.073184878,0.000000000,0.000000000
SE-C01-003-A0117,SE-C01-003,DS05,santa_elena,CAMPAIGN_01,232.000000000,234.000000000,2.000000000,0.081912732,0.000000000,0.000000000
SE-C01-003-A0118,SE-C01-003,DS05,santa_elena,CAMPAIGN_01,234.000000000,236.000000000,2.000000000,0.083479041,0.000000000,0.000000000
SE-C01-003-A0119,SE-C01-003,DS05,santa_elena,CAMPAIGN_01,236.000000000,238.000000000,2.000000000,0.081582905,0.000000000,0.000000000
SE-C01-003-A0120,SE-C01-003,DS05,santa_elena,CAMPAIGN_01,238.000000000,240.000000000,2.000000000,0.081297948,0.000000000,0.000000000
SE-C01-003-A0121,SE-C01-003,DS05,santa_elena,CAMPAIGN_01,240.000000000,242.000000000,2.000000000,0.081991894,0.000000000,0.000000000
SE-C01-003-A0122,SE-C01-003,DS05,santa_elena,CAMPAIGN_01,242.000000000,244.000000000,2.000000000,0.081575073,0.000000000,0.000000000
SE-C01-003-A0123,SE-C01-003,DS05,santa_elena,CAMPAIGN_01,244.000000000,246.000000000,2.000000000,0.087307280,0.000000000,0.000000000
SE-C01-003-A0124,SE-C01-003,DS05,santa_elena,CAMPAIGN_01,246.000000000,248.000000000,2.000000000,0.084106120,0.000000000,0.000000000
SE-C01-003-A0125,SE-C01-003,DS05,santa_elena,CAMPAIGN_01,248.000000000,250.000000000,2.000000000,0.082378996,0.000000000,0.000000000
SE-C01-003-A0126,SE-C01-003,DS05,santa_elena,CAMPAIGN_01,250.000000000,252.000000000,2.000000000,0.081212392,0.000000000,0.000000000
SE-C01-003-A0127,SE-C01-003,DS05,santa_elena,CAMPAIGN_01,252.000000000,254.000000000,2.000000000,0.081165648,0.000000000,0.000000000
SE-C01-003-A0128,SE-C01-003,DS05,santa_elena,CAMPAIGN_01,254.000000000,256.000000000,2.000000000,0.088158477,0.000000000,0.000000000
SE-C01-003-A0129,SE-C01-003,DS05,santa_elena,CAMPAIGN_01,256.000000000,258.000000000,2.000000000,0.089307877,0.000000000,0.000000000
SE-C01-003-A0130,SE-C01-003,DS05,santa_elena,CAMPAIGN_01,258.000000000,260.000000000,2.000000000,0.080010967,0.000000000,0.000000000
SE-C01-003-A0131,SE-C01-003,DS05,santa_elena,CAMPAIGN_01,260.000000000,262.000000000,2.000000000,0.080256274,0.000000000,0.000000000
SE-C01-003-A0132,SE-C01-003,DS05,santa_elena,CAMPAIGN_01,262.000000000,264.000000000,2.000000000,0.089642192,0.000000000,0.000000000
SE-C01-003-A0133,SE-C01-003,DS05,santa_elena,CAMPAIGN_01,264.000000000,266.000000000,2.000000000,0.080313790,0.000000000,0.000000000
SE-C01-003-A0134,SE-C01-003,DS05,santa_elena,CAMPAIGN_01,266.000000000,268.000000000,2.000000000,0.090536317,0.000000000,0.000000000
SE-C01-003-A0135,SE-C01-003,DS05,santa_elena,CAMPAIGN_01,268.000000000,270.000000000,2.000000000,0.090785822,0.000000000,0.000000000
SE-C01-003-A0136,SE-C01-003,DS05,santa_elena,CAMPAIGN_01,270.000000000,272.000000000,2.000000000,0.082999574,0.000000000,0.000000000
SE-C01-003-A0137,SE-C01-003,DS05,santa_elena,CAMPAIGN_01,272.000000000,274.000000000,2.000000000,0.086625562,0.000000000,0.000000000
SE-C01-003-A0138,SE-C01-003,DS05,santa_elena,CAMPAIGN_01,274.000000000,276.000000000,2.000000000,0.079622246,0.000000000,0.000000000
SE-C01-003-A0139,SE-C01-003,DS05,santa_elena,CAMPAIGN_01,276.000000000,278.000000000,2.000000000,0.088589554,0.000000000,0.000000000
SE-C01-003-A0140,SE-C01-003,DS05,santa_elena,CAMPAIGN_01,278.000000000,280.000000000,2.000000000,0.083054519,0.000000000,0.000000000
SE-C01-003-A0141,SE-C01-003,DS05,santa_elena,CAMPAIGN_01,280.000000000,282.000000000,2.000000000,0.088337384,0.000000000,0.000000000
SE-C01-003-A0142,SE-C01-003,DS05,santa_elena,CAMPAIGN_01,282.000000000,284.000000000,2.000000000,0.088653453,0.000000000,0.000000000
SE-C01-003-A0143,SE-C01-003,DS05,santa_elena,CAMPAIGN_01,284.000000000,286.000000000,2.000000000,0.079249087,0.000000000,0.000000000
SE-C01-003-A0144,SE-C01-003,DS05,santa_elena,CAMPAIGN_01,286.000000000,288.000000000,2.000000000,0.080264383,0.000000000,0.000000000
SE-C01-003-A0145,SE-C01-003,DS05,santa_elena,CAMPAIGN_01,288.000000000,290.000000000,2.000000000,0.081432039,0.000000000,0.000000000
SE-C01-003-A0146,SE-C01-003,DS05,santa_elena,CAMPAIGN_01,290.000000000,292.000000000,2.000000000,0.082076115,0.000000000,0.000000000
SE-C01-003-A0147,SE-C01-003,DS05,santa_elena,CAMPAIGN_01,292.000000000,294.000000000,2.000000000,0.078869280,0.000000000,0.000000000
SE-C01-003-A0148,SE-C01-003,DS05,santa_elena,CAMPAIGN_01,294.000000000,296.000000000,2.000000000,0.088596055,0.000000000,0.000000000
SE-C01-003-A0149,SE-C01-003,DS05,santa_elena,CAMPAIGN_01,296.000000000,298.000000000,2.000000000,0.094578677,0.000000000,0.000000000
SE-C01-003-A0150,SE-C01-003,DS05,santa_elena,CAMPAIGN_01,298.000000000,300.000000000,2.000000000,0.084344061,0.000000000,0.000000000
SE-C01-003-A0151,SE-C01-003,DS05,santa_elena,CAMPAIGN_01,300.000000000,302.000000000,2.000000000,0.085438721,0.000000000,0.000000000
SE-C01-003-A0152,SE-C01-003,DS05,santa_elena,CAMPAIGN_01,302.000000000,304.000000000,2.000000000,0.091517790,0.000000000,0.000000000
SE-C01-003-A0153,SE-C01-003,DS05,santa_elena,CAMPAIGN_01,304.000000000,306.000000000,2.000000000,0.086321994,0.000000000,0.000000000
SE-C01-003-A0154,SE-C01-003,DS05,santa_elena,CAMPAIGN_01,306.000000000,308.000000000,2.000000000,0.088684466,0.000000000,0.000000000
SE-C01-003-A0155,SE-C01-003,DS05,santa_elena,CAMPAIGN_01,308.000000000,310.000000000,2.000000000,0.088057213,0.000000000,0.000000000
SE-C01-003-A0156,SE-C01-003,DS05,santa_elena,CAMPAIGN_01,310.000000000,312.000000000,2.000000000,0.084014634,0.000000000,0.000000000
SE-C01-003-A0157,SE-C01-003,DS05,santa_elena,CAMPAIGN_01,312.000000000,314.000000000,2.000000000,0.089337383,0.000000000,0.000000000
SE-C01-003-A0158,SE-C01-003,DS05,santa_elena,CAMPAIGN_01,314.000000000,315.099443898,1.099443898,0.084707296,0.000000000,0.000000000
SE-C01-004-A0001,SE-C01-004,DS05,santa_elena,CAMPAIGN_01,0.000000000,2.000000000,2.000000000,0.021120656,0.000000000,0.000000000
SE-C01-004-A0002,SE-C01-004,DS05,santa_elena,CAMPAIGN_01,2.000000000,4.000000000,2.000000000,0.018715818,0.000000000,0.000000000
SE-C01-004-A0003,SE-C01-004,DS05,santa_elena,CAMPAIGN_01,4.000000000,6.000000000,2.000000000,0.018175928,0.000000000,0.000000000
SE-C01-004-A0004,SE-C01-004,DS05,santa_elena,CAMPAIGN_01,6.000000000,8.000000000,2.000000000,0.018237000,0.000000000,0.000000000
SE-C01-004-A0005,SE-C01-004,DS05,santa_elena,CAMPAIGN_01,8.000000000,10.000000000,2.000000000,0.018317363,0.000000000,0.000000000
SE-C01-004-A0006,SE-C01-004,DS05,santa_elena,CAMPAIGN_01,10.000000000,12.000000000,2.000000000,0.019987760,0.000000000,0.000000000
SE-C01-004-A0007,SE-C01-004,DS05,santa_elena,CAMPAIGN_01,12.000000000,14.000000000,2.000000000,0.019071652,0.000000000,0.000000000
SE-C01-004-A0008,SE-C01-004,DS05,santa_elena,CAMPAIGN_01,14.000000000,16.000000000,2.000000000,0.019187940,0.000000000,0.000000000
SE-C01-004-A0009,SE-C01-004,DS05,santa_elena,CAMPAIGN_01,16.000000000,18.000000000,2.000000000,0.019586977,0.000000000,0.000000000
SE-C01-004-A0010,SE-C01-004,DS05,santa_elena,CAMPAIGN_01,18.000000000,20.000000000,2.000000000,0.019622145,0.000000000,0.000000000
SE-C01-004-A0011,SE-C01-004,DS05,santa_elena,CAMPAIGN_01,20.000000000,22.000000000,2.000000000,0.020383480,0.000000000,0.000000000
SE-C01-004-A0012,SE-C01-004,DS05,santa_elena,CAMPAIGN_01,22.000000000,24.000000000,2.000000000,0.020673172,0.000000000,0.000000000
SE-C01-004-A0013,SE-C01-004,DS05,santa_elena,CAMPAIGN_01,24.000000000,26.000000000,2.000000000,0.016333888,0.000000000,0.000000000
SE-C01-004-A0014,SE-C01-004,DS05,santa_elena,CAMPAIGN_01,26.000000000,28.000000000,2.000000000,0.018462031,0.000000000,0.000000000
SE-C01-004-A0015,SE-C01-004,DS05,santa_elena,CAMPAIGN_01,28.000000000,30.000000000,2.000000000,0.019496212,0.000000000,0.000000000
SE-C01-004-A0016,SE-C01-004,DS05,santa_elena,CAMPAIGN_01,30.000000000,32.000000000,2.000000000,0.022693759,0.000000000,0.000000000
SE-C01-004-A0017,SE-C01-004,DS05,santa_elena,CAMPAIGN_01,32.000000000,34.000000000,2.000000000,0.022970976,0.000000000,0.000000000
SE-C01-004-A0018,SE-C01-004,DS05,santa_elena,CAMPAIGN_01,34.000000000,36.000000000,2.000000000,0.023034203,0.000000000,0.000000000
SE-C01-004-A0019,SE-C01-004,DS05,santa_elena,CAMPAIGN_01,36.000000000,38.000000000,2.000000000,0.020781213,0.000000000,0.000000000
SE-C01-004-A0020,SE-C01-004,DS05,santa_elena,CAMPAIGN_01,38.000000000,40.000000000,2.000000000,0.020854355,0.000000000,0.000000000
SE-C01-004-A0021,SE-C01-004,DS05,santa_elena,CAMPAIGN_01,40.000000000,42.000000000,2.000000000,0.020569527,0.000000000,0.000000000
SE-C01-004-A0022,SE-C01-004,DS05,santa_elena,CAMPAIGN_01,42.000000000,44.000000000,2.000000000,0.024139843,0.000000000,0.000000000
SE-C01-004-A0023,SE-C01-004,DS05,santa_elena,CAMPAIGN_01,44.000000000,46.000000000,2.000000000,0.022751753,0.000000000,0.000000000
SE-C01-004-A0024,SE-C01-004,DS05,santa_elena,CAMPAIGN_01,46.000000000,48.000000000,2.000000000,0.019632868,0.000000000,0.000000000
SE-C01-004-A0025,SE-C01-004,DS05,santa_elena,CAMPAIGN_01,48.000000000,50.000000000,2.000000000,0.020349711,0.000000000,0.000000000
SE-C01-004-A0026,SE-C01-004,DS05,santa_elena,CAMPAIGN_01,50.000000000,52.000000000,2.000000000,0.019699079,0.000000000,0.000000000
SE-C01-004-A0027,SE-C01-004,DS05,santa_elena,CAMPAIGN_01,52.000000000,54.000000000,2.000000000,0.018934195,0.000000000,0.000000000
SE-C01-004-A0028,SE-C01-004,DS05,santa_elena,CAMPAIGN_01,54.000000000,56.000000000,2.000000000,0.017332856,0.000000000,0.000000000
SE-C01-004-A0029,SE-C01-004,DS05,santa_elena,CAMPAIGN_01,56.000000000,58.000000000,2.000000000,0.019701766,0.000000000,0.000000000
SE-C01-004-A0030,SE-C01-004,DS05,santa_elena,CAMPAIGN_01,58.000000000,60.000000000,2.000000000,0.020814836,0.000000000,0.000000000
SE-C01-004-A0031,SE-C01-004,DS05,santa_elena,CAMPAIGN_01,60.000000000,62.000000000,2.000000000,0.020542505,0.000000000,0.000000000
SE-C01-004-A0032,SE-C01-004,DS05,santa_elena,CAMPAIGN_01,62.000000000,64.000000000,2.000000000,0.018145379,0.000000000,0.000000000
SE-C01-004-A0033,SE-C01-004,DS05,santa_elena,CAMPAIGN_01,64.000000000,66.000000000,2.000000000,0.022613092,0.000000000,0.000000000
SE-C01-004-A0034,SE-C01-004,DS05,santa_elena,CAMPAIGN_01,66.000000000,68.000000000,2.000000000,0.022039677,0.000000000,0.000000000
SE-C01-004-A0035,SE-C01-004,DS05,santa_elena,CAMPAIGN_01,68.000000000,70.000000000,2.000000000,0.019184579,0.000000000,0.000000000
SE-C01-004-A0036,SE-C01-004,DS05,santa_elena,CAMPAIGN_01,70.000000000,72.000000000,2.000000000,0.020381043,0.000000000,0.000000000
SE-C01-004-A0037,SE-C01-004,DS05,santa_elena,CAMPAIGN_01,72.000000000,74.000000000,2.000000000,0.023050461,0.000000000,0.000000000
SE-C01-004-A0038,SE-C01-004,DS05,santa_elena,CAMPAIGN_01,74.000000000,76.000000000,2.000000000,0.019747697,0.000000000,0.000000000
SE-C01-004-A0039,SE-C01-004,DS05,santa_elena,CAMPAIGN_01,76.000000000,78.000000000,2.000000000,0.020215649,0.000000000,0.000000000
SE-C01-004-A0040,SE-C01-004,DS05,santa_elena,CAMPAIGN_01,78.000000000,80.000000000,2.000000000,0.020767167,0.000000000,0.000000000
SE-C01-004-A0041,SE-C01-004,DS05,santa_elena,CAMPAIGN_01,80.000000000,82.000000000,2.000000000,0.018951446,0.000000000,0.000000000
SE-C01-004-A0042,SE-C01-004,DS05,santa_elena,CAMPAIGN_01,82.000000000,84.000000000,2.000000000,0.020115763,0.000000000,0.000000000
SE-C01-004-A0043,SE-C01-004,DS05,santa_elena,CAMPAIGN_01,84.000000000,86.000000000,2.000000000,0.019146157,0.000000000,0.000000000
SE-C01-004-A0044,SE-C01-004,DS05,santa_elena,CAMPAIGN_01,86.000000000,88.000000000,2.000000000,0.021207536,0.000000000,0.000000000
SE-C01-004-A0045,SE-C01-004,DS05,santa_elena,CAMPAIGN_01,88.000000000,90.000000000,2.000000000,0.022591453,0.000000000,0.000000000
SE-C01-004-A0046,SE-C01-004,DS05,santa_elena,CAMPAIGN_01,90.000000000,92.000000000,2.000000000,0.018380712,0.000000000,0.000000000
SE-C01-004-A0047,SE-C01-004,DS05,santa_elena,CAMPAIGN_01,92.000000000,94.000000000,2.000000000,0.019989708,0.000000000,0.000000000
SE-C01-004-A0048,SE-C01-004,DS05,santa_elena,CAMPAIGN_01,94.000000000,96.000000000,2.000000000,0.022822676,0.000000000,0.000000000
SE-C01-004-A0049,SE-C01-004,DS05,santa_elena,CAMPAIGN_01,96.000000000,98.000000000,2.000000000,0.020451502,0.000000000,0.000000000
SE-C01-004-A0050,SE-C01-004,DS05,santa_elena,CAMPAIGN_01,98.000000000,100.000000000,2.000000000,0.016518072,0.000000000,0.000000000
SE-C01-004-A0051,SE-C01-004,DS05,santa_elena,CAMPAIGN_01,100.000000000,102.000000000,2.000000000,0.020019817,0.000000000,0.000000000
SE-C01-004-A0052,SE-C01-004,DS05,santa_elena,CAMPAIGN_01,102.000000000,104.000000000,2.000000000,0.018520708,0.000000000,0.000000000
SE-C01-004-A0053,SE-C01-004,DS05,santa_elena,CAMPAIGN_01,104.000000000,106.000000000,2.000000000,0.019550167,0.000000000,0.000000000
SE-C01-004-A0054,SE-C01-004,DS05,santa_elena,CAMPAIGN_01,106.000000000,108.000000000,2.000000000,0.019884852,0.000000000,0.000000000
SE-C01-004-A0055,SE-C01-004,DS05,santa_elena,CAMPAIGN_01,108.000000000,110.000000000,2.000000000,0.019678145,0.000000000,0.000000000
SE-C01-004-A0056,SE-C01-004,DS05,santa_elena,CAMPAIGN_01,110.000000000,112.000000000,2.000000000,0.023309058,0.000000000,0.000000000
SE-C01-004-A0057,SE-C01-004,DS05,santa_elena,CAMPAIGN_01,112.000000000,114.000000000,2.000000000,0.021236007,0.000000000,0.000000000
SE-C01-004-A0058,SE-C01-004,DS05,santa_elena,CAMPAIGN_01,114.000000000,116.000000000,2.000000000,0.022533392,0.000000000,0.000000000
SE-C01-004-A0059,SE-C01-004,DS05,santa_elena,CAMPAIGN_01,116.000000000,118.000000000,2.000000000,0.021066492,0.000000000,0.000000000
SE-C01-004-A0060,SE-C01-004,DS05,santa_elena,CAMPAIGN_01,118.000000000,120.000000000,2.000000000,0.021180577,0.000000000,0.000000000
SE-C01-004-A0061,SE-C01-004,DS05,santa_elena,CAMPAIGN_01,120.000000000,122.000000000,2.000000000,0.017757980,0.000000000,0.000000000
SE-C01-004-A0062,SE-C01-004,DS05,santa_elena,CAMPAIGN_01,122.000000000,124.000000000,2.000000000,0.021260512,0.000000000,0.000000000
SE-C01-004-A0063,SE-C01-004,DS05,santa_elena,CAMPAIGN_01,124.000000000,126.000000000,2.000000000,0.020951623,0.000000000,0.000000000
SE-C01-004-A0064,SE-C01-004,DS05,santa_elena,CAMPAIGN_01,126.000000000,128.000000000,2.000000000,0.020531057,0.000000000,0.000000000
SE-C01-004-A0065,SE-C01-004,DS05,santa_elena,CAMPAIGN_01,128.000000000,130.000000000,2.000000000,0.019975710,0.000000000,0.000000000
SE-C01-004-A0066,SE-C01-004,DS05,santa_elena,CAMPAIGN_01,130.000000000,132.000000000,2.000000000,0.018225820,0.000000000,0.000000000
SE-C01-004-A0067,SE-C01-004,DS05,santa_elena,CAMPAIGN_01,132.000000000,134.000000000,2.000000000,0.019875739,0.000000000,0.000000000
SE-C01-004-A0068,SE-C01-004,DS05,santa_elena,CAMPAIGN_01,134.000000000,136.000000000,2.000000000,0.018773752,0.000000000,0.000000000
SE-C01-004-A0069,SE-C01-004,DS05,santa_elena,CAMPAIGN_01,136.000000000,138.000000000,2.000000000,0.020671868,0.000000000,0.000000000
SE-C01-004-A0070,SE-C01-004,DS05,santa_elena,CAMPAIGN_01,138.000000000,140.000000000,2.000000000,0.021625605,0.000000000,0.000000000
SE-C01-004-A0071,SE-C01-004,DS05,santa_elena,CAMPAIGN_01,140.000000000,142.000000000,2.000000000,0.019800976,0.000000000,0.000000000
SE-C01-004-A0072,SE-C01-004,DS05,santa_elena,CAMPAIGN_01,142.000000000,144.000000000,2.000000000,0.020203892,0.000000000,0.000000000
SE-C01-004-A0073,SE-C01-004,DS05,santa_elena,CAMPAIGN_01,144.000000000,146.000000000,2.000000000,0.020007700,0.000000000,0.000000000
SE-C01-004-A0074,SE-C01-004,DS05,santa_elena,CAMPAIGN_01,146.000000000,148.000000000,2.000000000,0.017382101,0.000000000,0.000000000
SE-C01-004-A0075,SE-C01-004,DS05,santa_elena,CAMPAIGN_01,148.000000000,150.000000000,2.000000000,0.022761624,0.000000000,0.000000000
SE-C01-004-A0076,SE-C01-004,DS05,santa_elena,CAMPAIGN_01,150.000000000,152.000000000,2.000000000,0.019394654,0.000000000,0.000000000
SE-C01-004-A0077,SE-C01-004,DS05,santa_elena,CAMPAIGN_01,152.000000000,154.000000000,2.000000000,0.020647745,0.000000000,0.000000000
SE-C01-004-A0078,SE-C01-004,DS05,santa_elena,CAMPAIGN_01,154.000000000,156.000000000,2.000000000,0.021082697,0.000000000,0.000000000
SE-C01-004-A0079,SE-C01-004,DS05,santa_elena,CAMPAIGN_01,156.000000000,158.000000000,2.000000000,0.022241285,0.000000000,0.000000000
SE-C01-004-A0080,SE-C01-004,DS05,santa_elena,CAMPAIGN_01,158.000000000,160.000000000,2.000000000,0.022201981,0.000000000,0.000000000
SE-C01-004-A0081,SE-C01-004,DS05,santa_elena,CAMPAIGN_01,160.000000000,162.000000000,2.000000000,0.022669786,0.000000000,0.000000000
SE-C01-004-A0082,SE-C01-004,DS05,santa_elena,CAMPAIGN_01,162.000000000,164.000000000,2.000000000,0.020695367,0.000000000,0.000000000
SE-C01-004-A0083,SE-C01-004,DS05,santa_elena,CAMPAIGN_01,164.000000000,166.000000000,2.000000000,0.018539118,0.000000000,0.000000000
SE-C01-004-A0084,SE-C01-004,DS05,santa_elena,CAMPAIGN_01,166.000000000,168.000000000,2.000000000,0.019029193,0.000000000,0.000000000
SE-C01-004-A0085,SE-C01-004,DS05,santa_elena,CAMPAIGN_01,168.000000000,170.000000000,2.000000000,0.021349591,0.000000000,0.000000000
SE-C01-004-A0086,SE-C01-004,DS05,santa_elena,CAMPAIGN_01,170.000000000,172.000000000,2.000000000,0.019444030,0.000000000,0.000000000
SE-C01-004-A0087,SE-C01-004,DS05,santa_elena,CAMPAIGN_01,172.000000000,174.000000000,2.000000000,0.019118874,0.000000000,0.000000000
SE-C01-004-A0088,SE-C01-004,DS05,santa_elena,CAMPAIGN_01,174.000000000,176.000000000,2.000000000,0.019467364,0.000000000,0.000000000
SE-C01-004-A0089,SE-C01-004,DS05,santa_elena,CAMPAIGN_01,176.000000000,178.000000000,2.000000000,0.023612009,0.000000000,0.000000000
SE-C01-004-A0090,SE-C01-004,DS05,santa_elena,CAMPAIGN_01,178.000000000,180.000000000,2.000000000,0.022822186,0.000000000,0.000000000
SE-C01-004-A0091,SE-C01-004,DS05,santa_elena,CAMPAIGN_01,180.000000000,182.000000000,2.000000000,0.023357596,0.000000000,0.000000000
SE-C01-004-A0092,SE-C01-004,DS05,santa_elena,CAMPAIGN_01,182.000000000,184.000000000,2.000000000,0.018154513,0.000000000,0.000000000
SE-C01-004-A0093,SE-C01-004,DS05,santa_elena,CAMPAIGN_01,184.000000000,186.000000000,2.000000000,0.023709060,0.000000000,0.000000000
SE-C01-004-A0094,SE-C01-004,DS05,santa_elena,CAMPAIGN_01,186.000000000,188.000000000,2.000000000,0.020818530,0.000000000,0.000000000
SE-C01-004-A0095,SE-C01-004,DS05,santa_elena,CAMPAIGN_01,188.000000000,190.000000000,2.000000000,0.021393093,0.000000000,0.000000000
SE-C01-004-A0096,SE-C01-004,DS05,santa_elena,CAMPAIGN_01,190.000000000,192.000000000,2.000000000,0.022526750,0.000000000,0.000000000
SE-C01-004-A0097,SE-C01-004,DS05,santa_elena,CAMPAIGN_01,192.000000000,194.000000000,2.000000000,0.019132498,0.000000000,0.000000000
SE-C01-004-A0098,SE-C01-004,DS05,santa_elena,CAMPAIGN_01,194.000000000,196.000000000,2.000000000,0.021189240,0.000000000,0.000000000
SE-C01-004-A0099,SE-C01-004,DS05,santa_elena,CAMPAIGN_01,196.000000000,198.000000000,2.000000000,0.023302289,0.000000000,0.000000000
SE-C01-004-A0100,SE-C01-004,DS05,santa_elena,CAMPAIGN_01,198.000000000,200.000000000,2.000000000,0.018734197,0.000000000,0.000000000
SE-C01-004-A0101,SE-C01-004,DS05,santa_elena,CAMPAIGN_01,200.000000000,202.000000000,2.000000000,0.020343411,0.000000000,0.000000000
SE-C01-004-A0102,SE-C01-004,DS05,santa_elena,CAMPAIGN_01,202.000000000,204.000000000,2.000000000,0.022739245,0.000000000,0.000000000
SE-C01-004-A0103,SE-C01-004,DS05,santa_elena,CAMPAIGN_01,204.000000000,206.000000000,2.000000000,0.022265686,0.000000000,0.000000000
SE-C01-004-A0104,SE-C01-004,DS05,santa_elena,CAMPAIGN_01,206.000000000,208.000000000,2.000000000,0.021185960,0.000000000,0.000000000
SE-C01-004-A0105,SE-C01-004,DS05,santa_elena,CAMPAIGN_01,208.000000000,210.000000000,2.000000000,0.019894275,0.000000000,0.000000000
SE-C01-004-A0106,SE-C01-004,DS05,santa_elena,CAMPAIGN_01,210.000000000,212.000000000,2.000000000,0.022149246,0.000000000,0.000000000
SE-C01-004-A0107,SE-C01-004,DS05,santa_elena,CAMPAIGN_01,212.000000000,214.000000000,2.000000000,0.021945257,0.000000000,0.000000000
SE-C01-004-A0108,SE-C01-004,DS05,santa_elena,CAMPAIGN_01,214.000000000,216.000000000,2.000000000,0.022369040,0.000000000,0.000000000
SE-C01-004-A0109,SE-C01-004,DS05,santa_elena,CAMPAIGN_01,216.000000000,218.000000000,2.000000000,0.022069988,0.000000000,0.000000000
SE-C01-004-A0110,SE-C01-004,DS05,santa_elena,CAMPAIGN_01,218.000000000,220.000000000,2.000000000,0.021930162,0.000000000,0.000000000
SE-C01-004-A0111,SE-C01-004,DS05,santa_elena,CAMPAIGN_01,220.000000000,222.000000000,2.000000000,0.023120851,0.000000000,0.000000000
SE-C01-004-A0112,SE-C01-004,DS05,santa_elena,CAMPAIGN_01,222.000000000,224.000000000,2.000000000,0.021067584,0.000000000,0.000000000
SE-C01-004-A0113,SE-C01-004,DS05,santa_elena,CAMPAIGN_01,224.000000000,226.000000000,2.000000000,0.021535656,0.000000000,0.000000000
SE-C01-004-A0114,SE-C01-004,DS05,santa_elena,CAMPAIGN_01,226.000000000,228.000000000,2.000000000,0.022112673,0.000000000,0.000000000
SE-C01-004-A0115,SE-C01-004,DS05,santa_elena,CAMPAIGN_01,228.000000000,230.000000000,2.000000000,0.020335692,0.000000000,0.000000000
SE-C01-004-A0116,SE-C01-004,DS05,santa_elena,CAMPAIGN_01,230.000000000,232.000000000,2.000000000,0.021780683,0.000000000,0.000000000
SE-C01-004-A0117,SE-C01-004,DS05,santa_elena,CAMPAIGN_01,232.000000000,234.000000000,2.000000000,0.023390715,0.000000000,0.000000000
SE-C01-004-A0118,SE-C01-004,DS05,santa_elena,CAMPAIGN_01,234.000000000,236.000000000,2.000000000,0.022213080,0.000000000,0.000000000
SE-C01-004-A0119,SE-C01-004,DS05,santa_elena,CAMPAIGN_01,236.000000000,238.000000000,2.000000000,0.021105941,0.000000000,0.000000000
SE-C01-004-A0120,SE-C01-004,DS05,santa_elena,CAMPAIGN_01,238.000000000,240.000000000,2.000000000,0.021765973,0.000000000,0.000000000
SE-C01-004-A0121,SE-C01-004,DS05,santa_elena,CAMPAIGN_01,240.000000000,242.000000000,2.000000000,0.017079053,0.000000000,0.000000000
SE-C01-004-A0122,SE-C01-004,DS05,santa_elena,CAMPAIGN_01,242.000000000,244.000000000,2.000000000,0.021949839,0.000000000,0.000000000
SE-C01-004-A0123,SE-C01-004,DS05,santa_elena,CAMPAIGN_01,244.000000000,246.000000000,2.000000000,0.023882536,0.000000000,0.000000000
SE-C01-004-A0124,SE-C01-004,DS05,santa_elena,CAMPAIGN_01,246.000000000,248.000000000,2.000000000,0.024414483,0.000000000,0.000000000
SE-C01-004-A0125,SE-C01-004,DS05,santa_elena,CAMPAIGN_01,248.000000000,250.000000000,2.000000000,0.023554893,0.000000000,0.000000000
SE-C01-004-A0126,SE-C01-004,DS05,santa_elena,CAMPAIGN_01,250.000000000,252.000000000,2.000000000,0.026042081,0.000000000,0.000000000
SE-C01-004-A0127,SE-C01-004,DS05,santa_elena,CAMPAIGN_01,252.000000000,254.000000000,2.000000000,0.021561629,0.000000000,0.000000000
SE-C01-004-A0128,SE-C01-004,DS05,santa_elena,CAMPAIGN_01,254.000000000,256.000000000,2.000000000,0.021361085,0.000000000,0.000000000
SE-C01-004-A0129,SE-C01-004,DS05,santa_elena,CAMPAIGN_01,256.000000000,258.000000000,2.000000000,0.025742888,0.000000000,0.000000000
SE-C01-004-A0130,SE-C01-004,DS05,santa_elena,CAMPAIGN_01,258.000000000,260.000000000,2.000000000,0.022375272,0.000000000,0.000000000
SE-C01-004-A0131,SE-C01-004,DS05,santa_elena,CAMPAIGN_01,260.000000000,262.000000000,2.000000000,0.022472201,0.000000000,0.000000000
SE-C01-004-A0132,SE-C01-004,DS05,santa_elena,CAMPAIGN_01,262.000000000,264.000000000,2.000000000,0.026032338,0.000000000,0.000000000
SE-C01-004-A0133,SE-C01-004,DS05,santa_elena,CAMPAIGN_01,264.000000000,266.000000000,2.000000000,0.023794337,0.000000000,0.000000000
SE-C01-004-A0134,SE-C01-004,DS05,santa_elena,CAMPAIGN_01,266.000000000,268.000000000,2.000000000,0.025131056,0.000000000,0.000000000
SE-C01-004-A0135,SE-C01-004,DS05,santa_elena,CAMPAIGN_01,268.000000000,270.000000000,2.000000000,0.021026866,0.000000000,0.000000000
SE-C01-004-A0136,SE-C01-004,DS05,santa_elena,CAMPAIGN_01,270.000000000,272.000000000,2.000000000,0.020647845,0.000000000,0.000000000
SE-C01-004-A0137,SE-C01-004,DS05,santa_elena,CAMPAIGN_01,272.000000000,274.000000000,2.000000000,0.021342084,0.000000000,0.000000000
SE-C01-004-A0138,SE-C01-004,DS05,santa_elena,CAMPAIGN_01,274.000000000,276.000000000,2.000000000,0.024605717,0.000000000,0.000000000
SE-C01-004-A0139,SE-C01-004,DS05,santa_elena,CAMPAIGN_01,276.000000000,278.000000000,2.000000000,0.025893284,0.000000000,0.000000000
SE-C01-004-A0140,SE-C01-004,DS05,santa_elena,CAMPAIGN_01,278.000000000,280.000000000,2.000000000,0.024873876,0.000000000,0.000000000
SE-C01-004-A0141,SE-C01-004,DS05,santa_elena,CAMPAIGN_01,280.000000000,282.000000000,2.000000000,0.020277739,0.000000000,0.000000000
SE-C01-004-A0142,SE-C01-004,DS05,santa_elena,CAMPAIGN_01,282.000000000,284.000000000,2.000000000,0.020993289,0.000000000,0.000000000
SE-C01-004-A0143,SE-C01-004,DS05,santa_elena,CAMPAIGN_01,284.000000000,286.000000000,2.000000000,0.023042237,0.000000000,0.000000000
SE-C01-004-A0144,SE-C01-004,DS05,santa_elena,CAMPAIGN_01,286.000000000,288.000000000,2.000000000,0.026056863,0.000000000,0.000000000
SE-C01-004-A0145,SE-C01-004,DS05,santa_elena,CAMPAIGN_01,288.000000000,290.000000000,2.000000000,0.025326368,0.000000000,0.000000000
SE-C01-004-A0146,SE-C01-004,DS05,santa_elena,CAMPAIGN_01,290.000000000,292.000000000,2.000000000,0.025755917,0.000000000,0.000000000
SE-C01-004-A0147,SE-C01-004,DS05,santa_elena,CAMPAIGN_01,292.000000000,294.000000000,2.000000000,0.022458458,0.000000000,0.000000000
SE-C01-004-A0148,SE-C01-004,DS05,santa_elena,CAMPAIGN_01,294.000000000,296.000000000,2.000000000,0.026804143,0.000000000,0.000000000
SE-C01-004-A0149,SE-C01-004,DS05,santa_elena,CAMPAIGN_01,296.000000000,298.000000000,2.000000000,0.023917133,0.000000000,0.000000000
SE-C01-004-A0150,SE-C01-004,DS05,santa_elena,CAMPAIGN_01,298.000000000,300.000000000,2.000000000,0.024293964,0.000000000,0.000000000
SE-C01-004-A0151,SE-C01-004,DS05,santa_elena,CAMPAIGN_01,300.000000000,302.000000000,2.000000000,0.024964392,0.000000000,0.000000000
SE-C01-004-A0152,SE-C01-004,DS05,santa_elena,CAMPAIGN_01,302.000000000,304.000000000,2.000000000,0.027075446,0.000000000,0.000000000
SE-C01-004-A0153,SE-C01-004,DS05,santa_elena,CAMPAIGN_01,304.000000000,306.000000000,2.000000000,0.026362894,0.000000000,0.000000000
SE-C01-004-A0154,SE-C01-004,DS05,santa_elena,CAMPAIGN_01,306.000000000,308.000000000,2.000000000,0.024194077,0.000000000,0.000000000
SE-C01-004-A0155,SE-C01-004,DS05,santa_elena,CAMPAIGN_01,308.000000000,310.000000000,2.000000000,0.024112858,0.000000000,0.000000000
SE-C01-004-A0156,SE-C01-004,DS05,santa_elena,CAMPAIGN_01,310.000000000,312.000000000,2.000000000,0.024984069,0.000000000,0.000000000
SE-C01-004-A0157,SE-C01-004,DS05,santa_elena,CAMPAIGN_01,312.000000000,314.000000000,2.000000000,0.023936449,0.000000000,0.000000000
SE-C01-004-A0158,SE-C01-004,DS05,santa_elena,CAMPAIGN_01,314.000000000,316.000000000,2.000000000,0.025964948,0.000000000,0.000000000
SE-C01-004-A0159,SE-C01-004,DS05,santa_elena,CAMPAIGN_01,316.000000000,318.000000000,2.000000000,0.022837852,0.000000000,0.000000000
SE-C01-004-A0160,SE-C01-004,DS05,santa_elena,CAMPAIGN_01,318.000000000,320.000000000,2.000000000,0.025643105,0.000000000,0.000000000
SE-C01-004-A0161,SE-C01-004,DS05,santa_elena,CAMPAIGN_01,320.000000000,322.000000000,2.000000000,0.025203889,0.000000000,0.000000000
SE-C01-004-A0162,SE-C01-004,DS05,santa_elena,CAMPAIGN_01,322.000000000,324.000000000,2.000000000,0.025513428,0.000000000,0.000000000
SE-C01-004-A0163,SE-C01-004,DS05,santa_elena,CAMPAIGN_01,324.000000000,326.000000000,2.000000000,0.023869211,0.000000000,0.000000000
SE-C01-004-A0164,SE-C01-004,DS05,santa_elena,CAMPAIGN_01,326.000000000,328.000000000,2.000000000,0.024970595,0.000000000,0.000000000
SE-C01-004-A0165,SE-C01-004,DS05,santa_elena,CAMPAIGN_01,328.000000000,330.000000000,2.000000000,0.027021093,0.000000000,0.000000000
SE-C01-004-A0166,SE-C01-004,DS05,santa_elena,CAMPAIGN_01,330.000000000,332.000000000,2.000000000,0.027802275,0.000000000,0.000000000
SE-C01-004-A0167,SE-C01-004,DS05,santa_elena,CAMPAIGN_01,332.000000000,334.000000000,2.000000000,0.030423033,0.000000000,0.000000000
SE-C01-004-A0168,SE-C01-004,DS05,santa_elena,CAMPAIGN_01,334.000000000,336.000000000,2.000000000,0.026664455,0.000000000,0.000000000
SE-C01-004-A0169,SE-C01-004,DS05,santa_elena,CAMPAIGN_01,336.000000000,338.000000000,2.000000000,0.030073517,0.000000000,0.000000000
SE-C01-004-A0170,SE-C01-004,DS05,santa_elena,CAMPAIGN_01,338.000000000,340.000000000,2.000000000,0.025916352,0.000000000,0.000000000
SE-C01-004-A0171,SE-C01-004,DS05,santa_elena,CAMPAIGN_01,340.000000000,342.000000000,2.000000000,0.027122712,0.000000000,0.000000000
SE-C01-004-A0172,SE-C01-004,DS05,santa_elena,CAMPAIGN_01,342.000000000,344.000000000,2.000000000,0.024869185,0.000000000,0.000000000
SE-C01-004-A0173,SE-C01-004,DS05,santa_elena,CAMPAIGN_01,344.000000000,346.000000000,2.000000000,0.028993121,0.000000000,0.000000000
SE-C01-004-A0174,SE-C01-004,DS05,santa_elena,CAMPAIGN_01,346.000000000,348.000000000,2.000000000,0.026561767,0.000000000,0.000000000
SE-C01-004-A0175,SE-C01-004,DS05,santa_elena,CAMPAIGN_01,348.000000000,350.000000000,2.000000000,0.025604018,0.000000000,0.000000000
SE-C01-004-A0176,SE-C01-004,DS05,santa_elena,CAMPAIGN_01,350.000000000,352.000000000,2.000000000,0.029652976,0.000000000,0.000000000
SE-C01-004-A0177,SE-C01-004,DS05,santa_elena,CAMPAIGN_01,352.000000000,354.000000000,2.000000000,0.027288492,0.000000000,0.000000000
SE-C01-004-A0178,SE-C01-004,DS05,santa_elena,CAMPAIGN_01,354.000000000,356.000000000,2.000000000,0.025103937,0.000000000,0.000000000
SE-C01-004-A0179,SE-C01-004,DS05,santa_elena,CAMPAIGN_01,356.000000000,358.000000000,2.000000000,0.030151865,0.000000000,0.000000000
SE-C01-004-A0180,SE-C01-004,DS05,santa_elena,CAMPAIGN_01,358.000000000,360.000000000,2.000000000,0.033753473,0.000000000,0.000000000
SE-C01-004-A0181,SE-C01-004,DS05,santa_elena,CAMPAIGN_01,360.000000000,362.000000000,2.000000000,0.026578279,0.000000000,0.000000000
SE-C01-004-A0182,SE-C01-004,DS05,santa_elena,CAMPAIGN_01,362.000000000,364.000000000,2.000000000,0.029635502,0.000000000,0.000000000
SE-C01-004-A0183,SE-C01-004,DS05,santa_elena,CAMPAIGN_01,364.000000000,366.000000000,2.000000000,0.028208041,0.000000000,0.000000000
SE-C01-004-A0184,SE-C01-004,DS05,santa_elena,CAMPAIGN_01,366.000000000,368.000000000,2.000000000,0.026881229,0.000000000,0.000000000
SE-C01-004-A0185,SE-C01-004,DS05,santa_elena,CAMPAIGN_01,368.000000000,370.000000000,2.000000000,0.029579390,0.000000000,0.000000000
SE-C01-004-A0186,SE-C01-004,DS05,santa_elena,CAMPAIGN_01,370.000000000,372.000000000,2.000000000,0.027682056,0.000000000,0.000000000
SE-C01-004-A0187,SE-C01-004,DS05,santa_elena,CAMPAIGN_01,372.000000000,374.000000000,2.000000000,0.025963926,0.000000000,0.000000000
SE-C01-004-A0188,SE-C01-004,DS05,santa_elena,CAMPAIGN_01,374.000000000,376.000000000,2.000000000,0.026972387,0.000000000,0.000000000
SE-C01-004-A0189,SE-C01-004,DS05,santa_elena,CAMPAIGN_01,376.000000000,378.000000000,2.000000000,0.026893214,0.000000000,0.000000000
SE-C01-004-A0190,SE-C01-004,DS05,santa_elena,CAMPAIGN_01,378.000000000,380.000000000,2.000000000,0.029266866,0.000000000,0.000000000
SE-C01-004-A0191,SE-C01-004,DS05,santa_elena,CAMPAIGN_01,380.000000000,382.000000000,2.000000000,0.024100390,0.000000000,0.000000000
SE-C01-004-A0192,SE-C01-004,DS05,santa_elena,CAMPAIGN_01,382.000000000,384.000000000,2.000000000,0.029758663,0.000000000,0.000000000
SE-C01-004-A0193,SE-C01-004,DS05,santa_elena,CAMPAIGN_01,384.000000000,386.000000000,2.000000000,0.030660891,0.000000000,0.000000000
SE-C01-004-A0194,SE-C01-004,DS05,santa_elena,CAMPAIGN_01,386.000000000,388.000000000,2.000000000,0.030248965,0.000000000,0.000000000
SE-C01-004-A0195,SE-C01-004,DS05,santa_elena,CAMPAIGN_01,388.000000000,390.000000000,2.000000000,0.029168352,0.000000000,0.000000000
SE-C01-004-A0196,SE-C01-004,DS05,santa_elena,CAMPAIGN_01,390.000000000,392.000000000,2.000000000,0.030405649,0.000000000,0.000000000
SE-C01-004-A0197,SE-C01-004,DS05,santa_elena,CAMPAIGN_01,392.000000000,394.000000000,2.000000000,0.029820652,0.000000000,0.000000000
SE-C01-004-A0198,SE-C01-004,DS05,santa_elena,CAMPAIGN_01,394.000000000,396.000000000,2.000000000,0.030757048,0.000000000,0.000000000
SE-C01-004-A0199,SE-C01-004,DS05,santa_elena,CAMPAIGN_01,396.000000000,398.000000000,2.000000000,0.026657138,0.000000000,0.000000000
SE-C01-004-A0200,SE-C01-004,DS05,santa_elena,CAMPAIGN_01,398.000000000,400.000000000,2.000000000,0.028615681,0.000000000,0.000000000
SE-C01-004-A0201,SE-C01-004,DS05,santa_elena,CAMPAIGN_01,400.000000000,402.000000000,2.000000000,0.029508127,0.000000000,0.000000000
SE-C01-004-A0202,SE-C01-004,DS05,santa_elena,CAMPAIGN_01,402.000000000,404.000000000,2.000000000,0.029834836,0.000000000,0.000000000
SE-C01-004-A0203,SE-C01-004,DS05,santa_elena,CAMPAIGN_01,404.000000000,406.000000000,2.000000000,0.030949620,0.000000000,0.000000000
SE-C01-004-A0204,SE-C01-004,DS05,santa_elena,CAMPAIGN_01,406.000000000,408.000000000,2.000000000,0.033504570,0.000000000,0.000000000
SE-C01-004-A0205,SE-C01-004,DS05,santa_elena,CAMPAIGN_01,408.000000000,410.000000000,2.000000000,0.031516302,0.000000000,0.000000000
SE-C01-004-A0206,SE-C01-004,DS05,santa_elena,CAMPAIGN_01,410.000000000,412.000000000,2.000000000,0.027498692,0.000000000,0.000000000
SE-C01-004-A0207,SE-C01-004,DS05,santa_elena,CAMPAIGN_01,412.000000000,414.000000000,2.000000000,0.031456621,0.000000000,0.000000000
SE-C01-004-A0208,SE-C01-004,DS05,santa_elena,CAMPAIGN_01,414.000000000,416.000000000,2.000000000,0.028407602,0.000000000,0.000000000
SE-C01-004-A0209,SE-C01-004,DS05,santa_elena,CAMPAIGN_01,416.000000000,418.000000000,2.000000000,0.030004388,0.000000000,0.000000000
SE-C01-004-A0210,SE-C01-004,DS05,santa_elena,CAMPAIGN_01,418.000000000,420.000000000,2.000000000,0.032567973,0.000000000,0.000000000
SE-C01-004-A0211,SE-C01-004,DS05,santa_elena,CAMPAIGN_01,420.000000000,422.000000000,2.000000000,0.031051667,0.000000000,0.000000000
SE-C01-004-A0212,SE-C01-004,DS05,santa_elena,CAMPAIGN_01,422.000000000,424.000000000,2.000000000,0.031114412,0.000000000,0.000000000
SE-C01-004-A0213,SE-C01-004,DS05,santa_elena,CAMPAIGN_01,424.000000000,426.000000000,2.000000000,0.027874559,0.000000000,0.000000000
SE-C01-004-A0214,SE-C01-004,DS05,santa_elena,CAMPAIGN_01,426.000000000,428.000000000,2.000000000,0.030180189,0.000000000,0.000000000
SE-C01-004-A0215,SE-C01-004,DS05,santa_elena,CAMPAIGN_01,428.000000000,430.000000000,2.000000000,0.030137138,0.000000000,0.000000000
SE-C01-004-A0216,SE-C01-004,DS05,santa_elena,CAMPAIGN_01,430.000000000,432.000000000,2.000000000,0.028981026,0.000000000,0.000000000
SE-C01-004-A0217,SE-C01-004,DS05,santa_elena,CAMPAIGN_01,432.000000000,434.000000000,2.000000000,0.028341317,0.000000000,0.000000000
SE-C01-004-A0218,SE-C01-004,DS05,santa_elena,CAMPAIGN_01,434.000000000,436.000000000,2.000000000,0.031307960,0.000000000,0.000000000
SE-C01-004-A0219,SE-C01-004,DS05,santa_elena,CAMPAIGN_01,436.000000000,438.000000000,2.000000000,0.033798498,0.000000000,0.000000000
SE-C01-004-A0220,SE-C01-004,DS05,santa_elena,CAMPAIGN_01,438.000000000,440.000000000,2.000000000,0.031823245,0.000000000,0.000000000
SE-C01-004-A0221,SE-C01-004,DS05,santa_elena,CAMPAIGN_01,440.000000000,442.000000000,2.000000000,0.026525697,0.000000000,0.000000000
SE-C01-004-A0222,SE-C01-004,DS05,santa_elena,CAMPAIGN_01,442.000000000,444.000000000,2.000000000,0.029135512,0.000000000,0.000000000
SE-C01-004-A0223,SE-C01-004,DS05,santa_elena,CAMPAIGN_01,444.000000000,446.000000000,2.000000000,0.028762995,0.000000000,0.000000000
SE-C01-004-A0224,SE-C01-004,DS05,santa_elena,CAMPAIGN_01,446.000000000,448.000000000,2.000000000,0.029921709,0.000000000,0.000000000
SE-C01-004-A0225,SE-C01-004,DS05,santa_elena,CAMPAIGN_01,448.000000000,450.000000000,2.000000000,0.031464221,0.000000000,0.000000000
SE-C01-004-A0226,SE-C01-004,DS05,santa_elena,CAMPAIGN_01,450.000000000,452.000000000,2.000000000,0.029761038,0.000000000,0.000000000
SE-C01-004-A0227,SE-C01-004,DS05,santa_elena,CAMPAIGN_01,452.000000000,454.000000000,2.000000000,0.031349002,0.000000000,0.000000000
SE-C01-004-A0228,SE-C01-004,DS05,santa_elena,CAMPAIGN_01,454.000000000,455.037201042,1.037201042,0.029449132,0.000000000,0.000000000
SE-C01-005-A0001,SE-C01-005,DS05,santa_elena,CAMPAIGN_01,0.000000000,2.000000000,2.000000000,0.050280950,0.000000000,0.000000000
SE-C01-005-A0002,SE-C01-005,DS05,santa_elena,CAMPAIGN_01,2.000000000,4.000000000,2.000000000,0.045680723,0.000000000,0.000000000
SE-C01-005-A0003,SE-C01-005,DS05,santa_elena,CAMPAIGN_01,4.000000000,6.000000000,2.000000000,0.051021906,0.000000000,0.000000000
SE-C01-005-A0004,SE-C01-005,DS05,santa_elena,CAMPAIGN_01,6.000000000,8.000000000,2.000000000,0.049467543,0.000000000,0.000000000
SE-C01-005-A0005,SE-C01-005,DS05,santa_elena,CAMPAIGN_01,8.000000000,10.000000000,2.000000000,0.052282641,0.000000000,0.000000000
SE-C01-005-A0006,SE-C01-005,DS05,santa_elena,CAMPAIGN_01,10.000000000,12.000000000,2.000000000,0.049730419,0.000000000,0.000000000
SE-C01-005-A0007,SE-C01-005,DS05,santa_elena,CAMPAIGN_01,12.000000000,14.000000000,2.000000000,0.055523974,0.000000000,0.000000000
SE-C01-005-A0008,SE-C01-005,DS05,santa_elena,CAMPAIGN_01,14.000000000,16.000000000,2.000000000,0.053882749,0.000000000,0.000000000
SE-C01-005-A0009,SE-C01-005,DS05,santa_elena,CAMPAIGN_01,16.000000000,18.000000000,2.000000000,0.052620504,0.000000000,0.000000000
SE-C01-005-A0010,SE-C01-005,DS05,santa_elena,CAMPAIGN_01,18.000000000,20.000000000,2.000000000,0.056755693,0.000000000,0.000000000
SE-C01-005-A0011,SE-C01-005,DS05,santa_elena,CAMPAIGN_01,20.000000000,22.000000000,2.000000000,0.050639502,0.000000000,0.000000000
SE-C01-005-A0012,SE-C01-005,DS05,santa_elena,CAMPAIGN_01,22.000000000,24.000000000,2.000000000,0.056124110,0.000000000,0.000000000
SE-C01-005-A0013,SE-C01-005,DS05,santa_elena,CAMPAIGN_01,24.000000000,26.000000000,2.000000000,0.058171276,0.000000000,0.000000000
SE-C01-005-A0014,SE-C01-005,DS05,santa_elena,CAMPAIGN_01,26.000000000,28.000000000,2.000000000,0.054101233,0.000000000,0.000000000
SE-C01-005-A0015,SE-C01-005,DS05,santa_elena,CAMPAIGN_01,28.000000000,30.000000000,2.000000000,0.056541564,0.000000000,0.000000000
SE-C01-005-A0016,SE-C01-005,DS05,santa_elena,CAMPAIGN_01,30.000000000,32.000000000,2.000000000,0.056022633,0.000000000,0.000000000
SE-C01-005-A0017,SE-C01-005,DS05,santa_elena,CAMPAIGN_01,32.000000000,34.000000000,2.000000000,0.052817754,0.000000000,0.000000000
SE-C01-005-A0018,SE-C01-005,DS05,santa_elena,CAMPAIGN_01,34.000000000,36.000000000,2.000000000,0.061006360,0.000000000,0.000000000
SE-C01-005-A0019,SE-C01-005,DS05,santa_elena,CAMPAIGN_01,36.000000000,38.000000000,2.000000000,0.061102498,0.000000000,0.000000000
SE-C01-005-A0020,SE-C01-005,DS05,santa_elena,CAMPAIGN_01,38.000000000,40.000000000,2.000000000,0.057129236,0.000000000,0.000000000
SE-C01-005-A0021,SE-C01-005,DS05,santa_elena,CAMPAIGN_01,40.000000000,42.000000000,2.000000000,0.057674000,0.000000000,0.000000000
SE-C01-005-A0022,SE-C01-005,DS05,santa_elena,CAMPAIGN_01,42.000000000,44.000000000,2.000000000,0.060352871,0.000000000,0.000000000
SE-C01-005-A0023,SE-C01-005,DS05,santa_elena,CAMPAIGN_01,44.000000000,46.000000000,2.000000000,0.061768058,0.000000000,0.000000000
SE-C01-005-A0024,SE-C01-005,DS05,santa_elena,CAMPAIGN_01,46.000000000,48.000000000,2.000000000,0.058574783,0.000000000,0.000000000
SE-C01-005-A0025,SE-C01-005,DS05,santa_elena,CAMPAIGN_01,48.000000000,50.000000000,2.000000000,0.064614946,0.000000000,0.000000000
SE-C01-005-A0026,SE-C01-005,DS05,santa_elena,CAMPAIGN_01,50.000000000,52.000000000,2.000000000,0.063802890,0.000000000,0.000000000
SE-C01-005-A0027,SE-C01-005,DS05,santa_elena,CAMPAIGN_01,52.000000000,54.000000000,2.000000000,0.062582099,0.000000000,0.000000000
SE-C01-005-A0028,SE-C01-005,DS05,santa_elena,CAMPAIGN_01,54.000000000,56.000000000,2.000000000,0.062001067,0.000000000,0.000000000
SE-C01-005-A0029,SE-C01-005,DS05,santa_elena,CAMPAIGN_01,56.000000000,58.000000000,2.000000000,0.061603423,0.000000000,0.000000000
SE-C01-005-A0030,SE-C01-005,DS05,santa_elena,CAMPAIGN_01,58.000000000,60.000000000,2.000000000,0.063781745,0.000000000,0.000000000
SE-C01-005-A0031,SE-C01-005,DS05,santa_elena,CAMPAIGN_01,60.000000000,62.000000000,2.000000000,0.066088189,0.000000000,0.000000000
SE-C01-005-A0032,SE-C01-005,DS05,santa_elena,CAMPAIGN_01,62.000000000,64.000000000,2.000000000,0.058170924,0.000000000,0.000000000
SE-C01-005-A0033,SE-C01-005,DS05,santa_elena,CAMPAIGN_01,64.000000000,66.000000000,2.000000000,0.066444364,0.000000000,0.000000000
SE-C01-005-A0034,SE-C01-005,DS05,santa_elena,CAMPAIGN_01,66.000000000,68.000000000,2.000000000,0.071333807,0.000000000,0.000000000
SE-C01-005-A0035,SE-C01-005,DS05,santa_elena,CAMPAIGN_01,68.000000000,70.000000000,2.000000000,0.065709317,0.000000000,0.000000000
SE-C01-005-A0036,SE-C01-005,DS05,santa_elena,CAMPAIGN_01,70.000000000,72.000000000,2.000000000,0.070748100,0.000000000,0.000000000
SE-C01-005-A0037,SE-C01-005,DS05,santa_elena,CAMPAIGN_01,72.000000000,74.000000000,2.000000000,0.068783517,0.000000000,0.000000000
SE-C01-005-A0038,SE-C01-005,DS05,santa_elena,CAMPAIGN_01,74.000000000,76.000000000,2.000000000,0.072929485,0.000000000,0.000000000
SE-C01-005-A0039,SE-C01-005,DS05,santa_elena,CAMPAIGN_01,76.000000000,78.000000000,2.000000000,0.069281152,0.000000000,0.000000000
SE-C01-005-A0040,SE-C01-005,DS05,santa_elena,CAMPAIGN_01,78.000000000,80.000000000,2.000000000,0.065431984,0.000000000,0.000000000
SE-C01-005-A0041,SE-C01-005,DS05,santa_elena,CAMPAIGN_01,80.000000000,82.000000000,2.000000000,0.071461533,0.000000000,0.000000000
SE-C01-005-A0042,SE-C01-005,DS05,santa_elena,CAMPAIGN_01,82.000000000,84.000000000,2.000000000,0.070527247,0.000000000,0.000000000
SE-C01-005-A0043,SE-C01-005,DS05,santa_elena,CAMPAIGN_01,84.000000000,86.000000000,2.000000000,0.074010398,0.000000000,0.000000000
SE-C01-005-A0044,SE-C01-005,DS05,santa_elena,CAMPAIGN_01,86.000000000,88.000000000,2.000000000,0.073637299,0.000000000,0.000000000
SE-C01-005-A0045,SE-C01-005,DS05,santa_elena,CAMPAIGN_01,88.000000000,90.000000000,2.000000000,0.076709096,0.000000000,0.000000000
SE-C01-005-A0046,SE-C01-005,DS05,santa_elena,CAMPAIGN_01,90.000000000,92.000000000,2.000000000,0.073668770,0.000000000,0.000000000
SE-C01-005-A0047,SE-C01-005,DS05,santa_elena,CAMPAIGN_01,92.000000000,94.000000000,2.000000000,0.075910746,0.000000000,0.000000000
SE-C01-005-A0048,SE-C01-005,DS05,santa_elena,CAMPAIGN_01,94.000000000,96.000000000,2.000000000,0.072847134,0.000000000,0.000000000
SE-C01-005-A0049,SE-C01-005,DS05,santa_elena,CAMPAIGN_01,96.000000000,98.000000000,2.000000000,0.074763196,0.000000000,0.000000000
SE-C01-005-A0050,SE-C01-005,DS05,santa_elena,CAMPAIGN_01,98.000000000,100.000000000,2.000000000,0.073038591,0.000000000,0.000000000
SE-C01-005-A0051,SE-C01-005,DS05,santa_elena,CAMPAIGN_01,100.000000000,102.000000000,2.000000000,0.075069861,0.000000000,0.000000000
SE-C01-005-A0052,SE-C01-005,DS05,santa_elena,CAMPAIGN_01,102.000000000,104.000000000,2.000000000,0.077919580,0.000000000,0.000000000
SE-C01-005-A0053,SE-C01-005,DS05,santa_elena,CAMPAIGN_01,104.000000000,106.000000000,2.000000000,0.075236982,0.000000000,0.000000000
SE-C01-005-A0054,SE-C01-005,DS05,santa_elena,CAMPAIGN_01,106.000000000,108.000000000,2.000000000,0.071350916,0.000000000,0.000000000
SE-C01-005-A0055,SE-C01-005,DS05,santa_elena,CAMPAIGN_01,108.000000000,110.000000000,2.000000000,0.072362934,0.000000000,0.000000000
SE-C01-005-A0056,SE-C01-005,DS05,santa_elena,CAMPAIGN_01,110.000000000,112.000000000,2.000000000,0.072457861,0.000000000,0.000000000
SE-C01-005-A0057,SE-C01-005,DS05,santa_elena,CAMPAIGN_01,112.000000000,114.000000000,2.000000000,0.078094879,0.000000000,0.000000000
SE-C01-005-A0058,SE-C01-005,DS05,santa_elena,CAMPAIGN_01,114.000000000,116.000000000,2.000000000,0.079336699,0.000000000,0.000000000
SE-C01-005-A0059,SE-C01-005,DS05,santa_elena,CAMPAIGN_01,116.000000000,118.000000000,2.000000000,0.075325738,0.000000000,0.000000000
SE-C01-005-A0060,SE-C01-005,DS05,santa_elena,CAMPAIGN_01,118.000000000,120.000000000,2.000000000,0.068650021,0.000000000,0.000000000
SE-C01-005-A0061,SE-C01-005,DS05,santa_elena,CAMPAIGN_01,120.000000000,122.000000000,2.000000000,0.080083281,0.000000000,0.000000000
SE-C01-005-A0062,SE-C01-005,DS05,santa_elena,CAMPAIGN_01,122.000000000,124.000000000,2.000000000,0.075683651,0.000000000,0.000000000
SE-C01-005-A0063,SE-C01-005,DS05,santa_elena,CAMPAIGN_01,124.000000000,126.000000000,2.000000000,0.079771484,0.000000000,0.000000000
SE-C01-005-A0064,SE-C01-005,DS05,santa_elena,CAMPAIGN_01,126.000000000,128.000000000,2.000000000,0.084468246,0.000000000,0.000000000
SE-C01-005-A0065,SE-C01-005,DS05,santa_elena,CAMPAIGN_01,128.000000000,130.000000000,2.000000000,0.070324601,0.000000000,0.000000000
SE-C01-005-A0066,SE-C01-005,DS05,santa_elena,CAMPAIGN_01,130.000000000,132.000000000,2.000000000,0.078432356,0.000000000,0.000000000
SE-C01-005-A0067,SE-C01-005,DS05,santa_elena,CAMPAIGN_01,132.000000000,134.000000000,2.000000000,0.074095839,0.000000000,0.000000000
SE-C01-005-A0068,SE-C01-005,DS05,santa_elena,CAMPAIGN_01,134.000000000,136.000000000,2.000000000,0.074416907,0.000000000,0.000000000
SE-C01-005-A0069,SE-C01-005,DS05,santa_elena,CAMPAIGN_01,136.000000000,138.000000000,2.000000000,0.075884977,0.000000000,0.000000000
SE-C01-005-A0070,SE-C01-005,DS05,santa_elena,CAMPAIGN_01,138.000000000,140.000000000,2.000000000,0.075774872,0.000000000,0.000000000
SE-C01-005-A0071,SE-C01-005,DS05,santa_elena,CAMPAIGN_01,140.000000000,142.000000000,2.000000000,0.073523880,0.000000000,0.000000000
SE-C01-005-A0072,SE-C01-005,DS05,santa_elena,CAMPAIGN_01,142.000000000,144.000000000,2.000000000,0.078488661,0.000000000,0.000000000
SE-C01-005-A0073,SE-C01-005,DS05,santa_elena,CAMPAIGN_01,144.000000000,146.000000000,2.000000000,0.080826569,0.000000000,0.000000000
SE-C01-005-A0074,SE-C01-005,DS05,santa_elena,CAMPAIGN_01,146.000000000,148.000000000,2.000000000,0.078352372,0.000000000,0.000000000
SE-C01-005-A0075,SE-C01-005,DS05,santa_elena,CAMPAIGN_01,148.000000000,150.000000000,2.000000000,0.076654039,0.000000000,0.000000000
SE-C01-005-A0076,SE-C01-005,DS05,santa_elena,CAMPAIGN_01,150.000000000,152.000000000,2.000000000,0.084995053,0.000000000,0.000000000
SE-C01-005-A0077,SE-C01-005,DS05,santa_elena,CAMPAIGN_01,152.000000000,154.000000000,2.000000000,0.079278363,0.000000000,0.000000000
SE-C01-005-A0078,SE-C01-005,DS05,santa_elena,CAMPAIGN_01,154.000000000,156.000000000,2.000000000,0.076270293,0.000000000,0.000000000
SE-C01-005-A0079,SE-C01-005,DS05,santa_elena,CAMPAIGN_01,156.000000000,158.000000000,2.000000000,0.081185981,0.000000000,0.000000000
SE-C01-005-A0080,SE-C01-005,DS05,santa_elena,CAMPAIGN_01,158.000000000,160.000000000,2.000000000,0.074631127,0.000000000,0.000000000
SE-C01-005-A0081,SE-C01-005,DS05,santa_elena,CAMPAIGN_01,160.000000000,162.000000000,2.000000000,0.080082659,0.000000000,0.000000000
SE-C01-005-A0082,SE-C01-005,DS05,santa_elena,CAMPAIGN_01,162.000000000,164.000000000,2.000000000,0.074003308,0.000000000,0.000000000
SE-C01-005-A0083,SE-C01-005,DS05,santa_elena,CAMPAIGN_01,164.000000000,166.000000000,2.000000000,0.069534837,0.000000000,0.000000000
SE-C01-005-A0084,SE-C01-005,DS05,santa_elena,CAMPAIGN_01,166.000000000,168.000000000,2.000000000,0.063771854,0.000000000,0.000000000
SE-C01-005-A0085,SE-C01-005,DS05,santa_elena,CAMPAIGN_01,168.000000000,170.000000000,2.000000000,0.068289646,0.000000000,0.000000000
SE-C01-005-A0086,SE-C01-005,DS05,santa_elena,CAMPAIGN_01,170.000000000,172.000000000,2.000000000,0.073226085,0.000000000,0.000000000
SE-C01-005-A0087,SE-C01-005,DS05,santa_elena,CAMPAIGN_01,172.000000000,174.000000000,2.000000000,0.067727524,0.000000000,0.000000000
SE-C01-005-A0088,SE-C01-005,DS05,santa_elena,CAMPAIGN_01,174.000000000,176.000000000,2.000000000,0.069686177,0.000000000,0.000000000
SE-C01-005-A0089,SE-C01-005,DS05,santa_elena,CAMPAIGN_01,176.000000000,178.000000000,2.000000000,0.066265229,0.000000000,0.000000000
SE-C01-005-A0090,SE-C01-005,DS05,santa_elena,CAMPAIGN_01,178.000000000,180.000000000,2.000000000,0.070527869,0.000000000,0.000000000
SE-C01-005-A0091,SE-C01-005,DS05,santa_elena,CAMPAIGN_01,180.000000000,182.000000000,2.000000000,0.072293834,0.000000000,0.000000000
SE-C01-005-A0092,SE-C01-005,DS05,santa_elena,CAMPAIGN_01,182.000000000,184.000000000,2.000000000,0.063671324,0.000000000,0.000000000
SE-C01-005-A0093,SE-C01-005,DS05,santa_elena,CAMPAIGN_01,184.000000000,186.000000000,2.000000000,0.063840422,0.000000000,0.000000000
SE-C01-005-A0094,SE-C01-005,DS05,santa_elena,CAMPAIGN_01,186.000000000,188.000000000,2.000000000,0.067336677,0.000000000,0.000000000
SE-C01-005-A0095,SE-C01-005,DS05,santa_elena,CAMPAIGN_01,188.000000000,190.000000000,2.000000000,0.070775546,0.000000000,0.000000000
SE-C01-005-A0096,SE-C01-005,DS05,santa_elena,CAMPAIGN_01,190.000000000,192.000000000,2.000000000,0.067299879,0.000000000,0.000000000
SE-C01-005-A0097,SE-C01-005,DS05,santa_elena,CAMPAIGN_01,192.000000000,194.000000000,2.000000000,0.066828278,0.000000000,0.000000000
SE-C01-005-A0098,SE-C01-005,DS05,santa_elena,CAMPAIGN_01,194.000000000,196.000000000,2.000000000,0.065653787,0.000000000,0.000000000
SE-C01-005-A0099,SE-C01-005,DS05,santa_elena,CAMPAIGN_01,196.000000000,198.000000000,2.000000000,0.065997321,0.000000000,0.000000000
SE-C01-005-A0100,SE-C01-005,DS05,santa_elena,CAMPAIGN_01,198.000000000,200.000000000,2.000000000,0.063503754,0.000000000,0.000000000
SE-C01-005-A0101,SE-C01-005,DS05,santa_elena,CAMPAIGN_01,200.000000000,202.000000000,2.000000000,0.061251431,0.000000000,0.000000000
SE-C01-005-A0102,SE-C01-005,DS05,santa_elena,CAMPAIGN_01,202.000000000,204.000000000,2.000000000,0.064522709,0.000000000,0.000000000
SE-C01-005-A0103,SE-C01-005,DS05,santa_elena,CAMPAIGN_01,204.000000000,206.000000000,2.000000000,0.071775337,0.000000000,0.000000000
SE-C01-005-A0104,SE-C01-005,DS05,santa_elena,CAMPAIGN_01,206.000000000,208.000000000,2.000000000,0.061455079,0.000000000,0.000000000
SE-C01-005-A0105,SE-C01-005,DS05,santa_elena,CAMPAIGN_01,208.000000000,210.000000000,2.000000000,0.060568831,0.000000000,0.000000000
SE-C01-006-A0001,SE-C01-006,DS05,santa_elena,CAMPAIGN_01,0.000000000,2.000000000,2.000000000,0.147017598,0.000000000,0.000000000
SE-C01-006-A0002,SE-C01-006,DS05,santa_elena,CAMPAIGN_01,2.000000000,4.000000000,2.000000000,0.154465842,0.000000000,0.000000000
SE-C01-006-A0003,SE-C01-006,DS05,santa_elena,CAMPAIGN_01,4.000000000,6.000000000,2.000000000,0.155569964,0.000000000,0.000000000
SE-C01-006-A0004,SE-C01-006,DS05,santa_elena,CAMPAIGN_01,6.000000000,8.000000000,2.000000000,0.154067265,0.000000000,0.000000000
SE-C01-006-A0005,SE-C01-006,DS05,santa_elena,CAMPAIGN_01,8.000000000,10.000000000,2.000000000,0.169689996,0.000000000,0.000000000
SE-C01-006-A0006,SE-C01-006,DS05,santa_elena,CAMPAIGN_01,10.000000000,12.000000000,2.000000000,0.162916893,0.000000000,0.000000000
SE-C01-006-A0007,SE-C01-006,DS05,santa_elena,CAMPAIGN_01,12.000000000,14.000000000,2.000000000,0.175851145,0.000000000,0.000000000
SE-C01-006-A0008,SE-C01-006,DS05,santa_elena,CAMPAIGN_01,14.000000000,16.000000000,2.000000000,0.175366234,0.000000000,0.000000000
SE-C01-006-A0009,SE-C01-006,DS05,santa_elena,CAMPAIGN_01,16.000000000,18.000000000,2.000000000,0.191026708,0.000000000,0.000000000
SE-C01-006-A0010,SE-C01-006,DS05,santa_elena,CAMPAIGN_01,18.000000000,20.000000000,2.000000000,0.195317822,0.000000000,0.000000000
SE-C01-006-A0011,SE-C01-006,DS05,santa_elena,CAMPAIGN_01,20.000000000,22.000000000,2.000000000,0.186125539,0.000000000,0.000000000
SE-C01-006-A0012,SE-C01-006,DS05,santa_elena,CAMPAIGN_01,22.000000000,24.000000000,2.000000000,0.205869355,0.000000000,0.000000000
SE-C01-006-A0013,SE-C01-006,DS05,santa_elena,CAMPAIGN_01,24.000000000,26.000000000,2.000000000,0.194880547,0.000000000,0.000000000
SE-C01-006-A0014,SE-C01-006,DS05,santa_elena,CAMPAIGN_01,26.000000000,28.000000000,2.000000000,0.196075124,0.000000000,0.000000000
SE-C01-006-A0015,SE-C01-006,DS05,santa_elena,CAMPAIGN_01,28.000000000,30.000000000,2.000000000,0.210287112,0.000000000,0.000000000
SE-C01-006-A0016,SE-C01-006,DS05,santa_elena,CAMPAIGN_01,30.000000000,32.000000000,2.000000000,0.214246565,0.000000000,0.000000000
SE-C01-006-A0017,SE-C01-006,DS05,santa_elena,CAMPAIGN_01,32.000000000,34.000000000,2.000000000,0.202600575,0.000000000,0.000000000
SE-C01-006-A0018,SE-C01-006,DS05,santa_elena,CAMPAIGN_01,34.000000000,36.000000000,2.000000000,0.224015296,0.000000000,0.000000000
SE-C01-006-A0019,SE-C01-006,DS05,santa_elena,CAMPAIGN_01,36.000000000,38.000000000,2.000000000,0.226936073,0.000000000,0.000000000
SE-C01-006-A0020,SE-C01-006,DS05,santa_elena,CAMPAIGN_01,38.000000000,40.000000000,2.000000000,0.244135866,0.000000000,0.000000000
SE-C01-006-A0021,SE-C01-006,DS05,santa_elena,CAMPAIGN_01,40.000000000,42.000000000,2.000000000,0.227908011,0.000000000,0.000000000
SE-C01-006-A0022,SE-C01-006,DS05,santa_elena,CAMPAIGN_01,42.000000000,44.000000000,2.000000000,0.229842380,0.000000000,0.000000000
SE-C01-006-A0023,SE-C01-006,DS05,santa_elena,CAMPAIGN_01,44.000000000,46.000000000,2.000000000,0.235136209,0.000000000,0.000000000
SE-C01-006-A0024,SE-C01-006,DS05,santa_elena,CAMPAIGN_01,46.000000000,48.000000000,2.000000000,0.268502907,0.000000000,0.000000000
SE-C01-006-A0025,SE-C01-006,DS05,santa_elena,CAMPAIGN_01,48.000000000,50.000000000,2.000000000,0.249272780,0.000000000,0.000000000
SE-C01-006-A0026,SE-C01-006,DS05,santa_elena,CAMPAIGN_01,50.000000000,52.000000000,2.000000000,0.257891158,0.000000000,0.000000000
SE-C01-006-A0027,SE-C01-006,DS05,santa_elena,CAMPAIGN_01,52.000000000,54.000000000,2.000000000,0.260603643,0.000000000,0.000000000
SE-C01-006-A0028,SE-C01-006,DS05,santa_elena,CAMPAIGN_01,54.000000000,56.000000000,2.000000000,0.274263466,0.000000000,0.000000000
SE-C01-006-A0029,SE-C01-006,DS05,santa_elena,CAMPAIGN_01,56.000000000,58.000000000,2.000000000,0.280304477,0.000000000,0.000000000
SE-C01-006-A0030,SE-C01-006,DS05,santa_elena,CAMPAIGN_01,58.000000000,60.000000000,2.000000000,0.293595467,0.000000000,0.000000000
SE-C01-006-A0031,SE-C01-006,DS05,santa_elena,CAMPAIGN_01,60.000000000,62.000000000,2.000000000,0.273712107,0.000000000,0.000000000
SE-C01-006-A0032,SE-C01-006,DS05,santa_elena,CAMPAIGN_01,62.000000000,64.000000000,2.000000000,0.286292776,0.000000000,0.000000000
SE-C01-006-A0033,SE-C01-006,DS05,santa_elena,CAMPAIGN_01,64.000000000,66.000000000,2.000000000,0.279654721,0.000000000,0.000000000
SE-C01-006-A0034,SE-C01-006,DS05,santa_elena,CAMPAIGN_01,66.000000000,68.000000000,2.000000000,0.292412827,0.000000000,0.000000000
SE-C01-006-A0035,SE-C01-006,DS05,santa_elena,CAMPAIGN_01,68.000000000,70.000000000,2.000000000,0.302744909,0.000000000,0.000000000
SE-C01-006-A0036,SE-C01-006,DS05,santa_elena,CAMPAIGN_01,70.000000000,72.000000000,2.000000000,0.301450465,0.000000000,0.000000000
SE-C01-006-A0037,SE-C01-006,DS05,santa_elena,CAMPAIGN_01,72.000000000,74.000000000,2.000000000,0.294943019,0.000000000,0.000000000
SE-C01-006-A0038,SE-C01-006,DS05,santa_elena,CAMPAIGN_01,74.000000000,76.000000000,2.000000000,0.319067967,0.000000000,0.000000000
SE-C01-006-A0039,SE-C01-006,DS05,santa_elena,CAMPAIGN_01,76.000000000,78.000000000,2.000000000,0.328862030,0.000000000,0.000000000
SE-C01-006-A0040,SE-C01-006,DS05,santa_elena,CAMPAIGN_01,78.000000000,80.000000000,2.000000000,0.332775238,0.000000000,0.000000000
SE-C01-006-A0041,SE-C01-006,DS05,santa_elena,CAMPAIGN_01,80.000000000,82.000000000,2.000000000,0.322828009,0.000000000,0.000000000
SE-C01-006-A0042,SE-C01-006,DS05,santa_elena,CAMPAIGN_01,82.000000000,84.000000000,2.000000000,0.343573418,0.000000000,0.000000000
SE-C01-006-A0043,SE-C01-006,DS05,santa_elena,CAMPAIGN_01,84.000000000,86.000000000,2.000000000,0.325916560,0.000000000,0.000000000
SE-C01-006-A0044,SE-C01-006,DS05,santa_elena,CAMPAIGN_01,86.000000000,88.000000000,2.000000000,0.312485504,0.000000000,0.000000000
SE-C01-006-A0045,SE-C01-006,DS05,santa_elena,CAMPAIGN_01,88.000000000,90.000000000,2.000000000,0.357732196,0.000000000,0.000000000
SE-C01-006-A0046,SE-C01-006,DS05,santa_elena,CAMPAIGN_01,90.000000000,92.000000000,2.000000000,0.358389178,0.000000000,0.000000000
SE-C01-006-A0047,SE-C01-006,DS05,santa_elena,CAMPAIGN_01,92.000000000,94.000000000,2.000000000,0.353767607,0.000000000,0.000000000
SE-C01-006-A0048,SE-C01-006,DS05,santa_elena,CAMPAIGN_01,94.000000000,96.000000000,2.000000000,0.380585369,0.000000000,0.000000000
SE-C01-006-A0049,SE-C01-006,DS05,santa_elena,CAMPAIGN_01,96.000000000,98.000000000,2.000000000,0.367131261,0.000000000,0.000000000
SE-C01-006-A0050,SE-C01-006,DS05,santa_elena,CAMPAIGN_01,98.000000000,100.000000000,2.000000000,0.370336107,0.000000000,0.000000000
SE-C01-006-A0051,SE-C01-006,DS05,santa_elena,CAMPAIGN_01,100.000000000,102.000000000,2.000000000,0.377053003,0.000000000,0.000000000
SE-C01-006-A0052,SE-C01-006,DS05,santa_elena,CAMPAIGN_01,102.000000000,104.000000000,2.000000000,0.365154278,0.000000000,0.000000000
SE-C01-006-A0053,SE-C01-006,DS05,santa_elena,CAMPAIGN_01,104.000000000,106.000000000,2.000000000,0.364600590,0.000000000,0.000000000
SE-C01-006-A0054,SE-C01-006,DS05,santa_elena,CAMPAIGN_01,106.000000000,108.000000000,2.000000000,0.412408932,0.000000000,0.000000000
SE-C01-006-A0055,SE-C01-006,DS05,santa_elena,CAMPAIGN_01,108.000000000,110.000000000,2.000000000,0.381207280,0.000000000,0.000000000
SE-C01-006-A0056,SE-C01-006,DS05,santa_elena,CAMPAIGN_01,110.000000000,112.000000000,2.000000000,0.385759714,0.000000000,0.000000000
SE-C01-006-A0057,SE-C01-006,DS05,santa_elena,CAMPAIGN_01,112.000000000,114.000000000,2.000000000,0.398653039,0.000000000,0.000000000
SE-C01-006-A0058,SE-C01-006,DS05,santa_elena,CAMPAIGN_01,114.000000000,116.000000000,2.000000000,0.385585191,0.000000000,0.000000000
SE-C01-006-A0059,SE-C01-006,DS05,santa_elena,CAMPAIGN_01,116.000000000,118.000000000,2.000000000,0.425516237,0.000000000,0.000000000
SE-C01-006-A0060,SE-C01-006,DS05,santa_elena,CAMPAIGN_01,118.000000000,120.000000000,2.000000000,0.393329541,0.000000000,0.000000000
SE-C01-006-A0061,SE-C01-006,DS05,santa_elena,CAMPAIGN_01,120.000000000,122.000000000,2.000000000,0.431206459,0.000000000,0.000000000
SE-C01-006-A0062,SE-C01-006,DS05,santa_elena,CAMPAIGN_01,122.000000000,124.000000000,2.000000000,0.425970111,0.000000000,0.000000000
SE-C01-006-A0063,SE-C01-006,DS05,santa_elena,CAMPAIGN_01,124.000000000,126.000000000,2.000000000,0.416353118,0.000000000,0.000000000
SE-C01-006-A0064,SE-C01-006,DS05,santa_elena,CAMPAIGN_01,126.000000000,128.000000000,2.000000000,0.390007298,0.000000000,0.000000000
SE-C01-006-A0065,SE-C01-006,DS05,santa_elena,CAMPAIGN_01,128.000000000,130.000000000,2.000000000,0.391849967,0.000000000,0.000000000
SE-C01-006-A0066,SE-C01-006,DS05,santa_elena,CAMPAIGN_01,130.000000000,132.000000000,2.000000000,0.386325148,0.000000000,0.000000000
SE-C01-006-A0067,SE-C01-006,DS05,santa_elena,CAMPAIGN_01,132.000000000,134.000000000,2.000000000,0.425292857,0.000000000,0.000000000
SE-C01-006-A0068,SE-C01-006,DS05,santa_elena,CAMPAIGN_01,134.000000000,136.000000000,2.000000000,0.425673038,0.000000000,0.000000000
SE-C01-006-A0069,SE-C01-006,DS05,santa_elena,CAMPAIGN_01,136.000000000,138.000000000,2.000000000,0.444449126,0.000000000,0.000000000
SE-C01-006-A0070,SE-C01-006,DS05,santa_elena,CAMPAIGN_01,138.000000000,140.000000000,2.000000000,0.439464532,0.000000000,0.000000000
SE-C01-006-A0071,SE-C01-006,DS05,santa_elena,CAMPAIGN_01,140.000000000,142.000000000,2.000000000,0.422429771,0.000000000,0.000000000
SE-C01-006-A0072,SE-C01-006,DS05,santa_elena,CAMPAIGN_01,142.000000000,144.000000000,2.000000000,0.444011247,0.000000000,0.000000000
SE-C01-006-A0073,SE-C01-006,DS05,santa_elena,CAMPAIGN_01,144.000000000,146.000000000,2.000000000,0.394798187,0.000000000,0.000000000
SE-C01-006-A0074,SE-C01-006,DS05,santa_elena,CAMPAIGN_01,146.000000000,148.000000000,2.000000000,0.430796064,0.000000000,0.000000000
SE-C01-006-A0075,SE-C01-006,DS05,santa_elena,CAMPAIGN_01,148.000000000,150.000000000,2.000000000,0.448289921,0.000000000,0.000000000
SE-C01-006-A0076,SE-C01-006,DS05,santa_elena,CAMPAIGN_01,150.000000000,152.000000000,2.000000000,0.438258092,0.000000000,0.000000000
SE-C01-006-A0077,SE-C01-006,DS05,santa_elena,CAMPAIGN_01,152.000000000,154.000000000,2.000000000,0.404749967,0.000000000,0.000000000
SE-C01-006-A0078,SE-C01-006,DS05,santa_elena,CAMPAIGN_01,154.000000000,156.000000000,2.000000000,0.395312091,0.000000000,0.000000000
SE-C01-006-A0079,SE-C01-006,DS05,santa_elena,CAMPAIGN_01,156.000000000,158.000000000,2.000000000,0.454189924,0.000000000,0.000000000
SE-C01-006-A0080,SE-C01-006,DS05,santa_elena,CAMPAIGN_01,158.000000000,160.000000000,2.000000000,0.455102683,0.000000000,0.000000000
SE-C01-006-A0081,SE-C01-006,DS05,santa_elena,CAMPAIGN_01,160.000000000,162.000000000,2.000000000,0.453180410,0.000000000,0.000000000
SE-C01-006-A0082,SE-C01-006,DS05,santa_elena,CAMPAIGN_01,162.000000000,164.000000000,2.000000000,0.450791272,0.000000000,0.000000000
SE-C01-006-A0083,SE-C01-006,DS05,santa_elena,CAMPAIGN_01,164.000000000,166.000000000,2.000000000,0.450255289,0.000000000,0.000000000
SE-C01-006-A0084,SE-C01-006,DS05,santa_elena,CAMPAIGN_01,166.000000000,168.000000000,2.000000000,0.424782108,0.000000000,0.000000000
SE-C01-006-A0085,SE-C01-006,DS05,santa_elena,CAMPAIGN_01,168.000000000,170.000000000,2.000000000,0.409958912,0.000000000,0.000000000
SE-C01-006-A0086,SE-C01-006,DS05,santa_elena,CAMPAIGN_01,170.000000000,172.000000000,2.000000000,0.438731935,0.000000000,0.000000000
SE-C01-006-A0087,SE-C01-006,DS05,santa_elena,CAMPAIGN_01,172.000000000,174.000000000,2.000000000,0.449296005,0.000000000,0.000000000
SE-C01-006-A0088,SE-C01-006,DS05,santa_elena,CAMPAIGN_01,174.000000000,176.000000000,2.000000000,0.452872773,0.000000000,0.000000000
SE-C01-006-A0089,SE-C01-006,DS05,santa_elena,CAMPAIGN_01,176.000000000,178.000000000,2.000000000,0.461516340,0.000000000,0.000000000
SE-C01-006-A0090,SE-C01-006,DS05,santa_elena,CAMPAIGN_01,178.000000000,180.000000000,2.000000000,0.465585682,0.000000000,0.000000000
SE-C01-006-A0091,SE-C01-006,DS05,santa_elena,CAMPAIGN_01,180.000000000,182.000000000,2.000000000,0.425890228,0.000000000,0.000000000
SE-C01-006-A0092,SE-C01-006,DS05,santa_elena,CAMPAIGN_01,182.000000000,184.000000000,2.000000000,0.478324211,0.000000000,0.000000000
SE-C01-006-A0093,SE-C01-006,DS05,santa_elena,CAMPAIGN_01,184.000000000,186.000000000,2.000000000,0.423087515,0.000000000,0.000000000
SE-C01-006-A0094,SE-C01-006,DS05,santa_elena,CAMPAIGN_01,186.000000000,188.000000000,2.000000000,0.428244293,0.000000000,0.000000000
SE-C01-006-A0095,SE-C01-006,DS05,santa_elena,CAMPAIGN_01,188.000000000,190.000000000,2.000000000,0.444534413,0.000000000,0.000000000
SE-C01-006-A0096,SE-C01-006,DS05,santa_elena,CAMPAIGN_01,190.000000000,192.000000000,2.000000000,0.432945019,0.000000000,0.000000000
SE-C01-006-A0097,SE-C01-006,DS05,santa_elena,CAMPAIGN_01,192.000000000,194.000000000,2.000000000,0.452438229,0.000000000,0.000000000
SE-C01-006-A0098,SE-C01-006,DS05,santa_elena,CAMPAIGN_01,194.000000000,196.000000000,2.000000000,0.423989621,0.000000000,0.000000000
SE-C01-006-A0099,SE-C01-006,DS05,santa_elena,CAMPAIGN_01,196.000000000,198.000000000,2.000000000,0.412353446,0.000000000,0.000000000
SE-C01-006-A0100,SE-C01-006,DS05,santa_elena,CAMPAIGN_01,198.000000000,200.000000000,2.000000000,0.436807048,0.000000000,0.000000000
SE-C01-006-A0101,SE-C01-006,DS05,santa_elena,CAMPAIGN_01,200.000000000,202.000000000,2.000000000,0.423255764,0.000000000,0.000000000
SE-C01-006-A0102,SE-C01-006,DS05,santa_elena,CAMPAIGN_01,202.000000000,204.000000000,2.000000000,0.402248987,0.000000000,0.000000000
SE-C01-006-A0103,SE-C01-006,DS05,santa_elena,CAMPAIGN_01,204.000000000,206.000000000,2.000000000,0.427534156,0.000000000,0.000000000
SE-C01-006-A0104,SE-C01-006,DS05,santa_elena,CAMPAIGN_01,206.000000000,208.000000000,2.000000000,0.441531105,0.000000000,0.000000000
SE-C01-006-A0105,SE-C01-006,DS05,santa_elena,CAMPAIGN_01,208.000000000,210.000000000,2.000000000,0.395983486,0.000000000,0.000000000
SE-C01-006-A0106,SE-C01-006,DS05,santa_elena,CAMPAIGN_01,210.000000000,212.000000000,2.000000000,0.416914122,0.000000000,0.000000000
SE-C01-006-A0107,SE-C01-006,DS05,santa_elena,CAMPAIGN_01,212.000000000,214.000000000,2.000000000,0.409150420,0.000000000,0.000000000
SE-C01-006-A0108,SE-C01-006,DS05,santa_elena,CAMPAIGN_01,214.000000000,214.866317557,0.866317557,0.415791496,0.000000000,0.000000000
SE-C01-007-A0001,SE-C01-007,DS05,santa_elena,CAMPAIGN_01,0.000000000,2.000000000,2.000000000,0.073207095,0.000000000,0.000000000
SE-C01-007-A0002,SE-C01-007,DS05,santa_elena,CAMPAIGN_01,2.000000000,4.000000000,2.000000000,0.075761484,0.000000000,0.000000000
SE-C01-007-A0003,SE-C01-007,DS05,santa_elena,CAMPAIGN_01,4.000000000,6.000000000,2.000000000,0.071153724,0.000000000,0.000000000
SE-C01-007-A0004,SE-C01-007,DS05,santa_elena,CAMPAIGN_01,6.000000000,8.000000000,2.000000000,0.077253207,0.000000000,0.000000000
SE-C01-007-A0005,SE-C01-007,DS05,santa_elena,CAMPAIGN_01,8.000000000,10.000000000,2.000000000,0.073671918,0.000000000,0.000000000
SE-C01-007-A0006,SE-C01-007,DS05,santa_elena,CAMPAIGN_01,10.000000000,12.000000000,2.000000000,0.074839911,0.000000000,0.000000000
SE-C01-007-A0007,SE-C01-007,DS05,santa_elena,CAMPAIGN_01,12.000000000,14.000000000,2.000000000,0.083763390,0.000000000,0.000000000
SE-C01-007-A0008,SE-C01-007,DS05,santa_elena,CAMPAIGN_01,14.000000000,16.000000000,2.000000000,0.081677012,0.000000000,0.000000000
SE-C01-007-A0009,SE-C01-007,DS05,santa_elena,CAMPAIGN_01,16.000000000,18.000000000,2.000000000,0.081699978,0.000000000,0.000000000
SE-C01-007-A0010,SE-C01-007,DS05,santa_elena,CAMPAIGN_01,18.000000000,20.000000000,2.000000000,0.090782678,0.000000000,0.000000000
SE-C01-007-A0011,SE-C01-007,DS05,santa_elena,CAMPAIGN_01,20.000000000,22.000000000,2.000000000,0.090329648,0.000000000,0.000000000
SE-C01-007-A0012,SE-C01-007,DS05,santa_elena,CAMPAIGN_01,22.000000000,24.000000000,2.000000000,0.090778005,0.000000000,0.000000000
SE-C01-007-A0013,SE-C01-007,DS05,santa_elena,CAMPAIGN_01,24.000000000,26.000000000,2.000000000,0.096957511,0.000000000,0.000000000
SE-C01-007-A0014,SE-C01-007,DS05,santa_elena,CAMPAIGN_01,26.000000000,28.000000000,2.000000000,0.096068828,0.000000000,0.000000000
SE-C01-007-A0015,SE-C01-007,DS05,santa_elena,CAMPAIGN_01,28.000000000,30.000000000,2.000000000,0.104769607,0.000000000,0.000000000
SE-C01-007-A0016,SE-C01-007,DS05,santa_elena,CAMPAIGN_01,30.000000000,32.000000000,2.000000000,0.106098397,0.000000000,0.000000000
SE-C01-007-A0017,SE-C01-007,DS05,santa_elena,CAMPAIGN_01,32.000000000,34.000000000,2.000000000,0.103384744,0.000000000,0.000000000
SE-C01-007-A0018,SE-C01-007,DS05,santa_elena,CAMPAIGN_01,34.000000000,36.000000000,2.000000000,0.119933444,0.000000000,0.000000000
SE-C01-007-A0019,SE-C01-007,DS05,santa_elena,CAMPAIGN_01,36.000000000,38.000000000,2.000000000,0.133637246,0.000000000,0.000000000
SE-C01-007-A0020,SE-C01-007,DS05,santa_elena,CAMPAIGN_01,38.000000000,40.000000000,2.000000000,0.146417583,0.000000000,0.000000000
SE-C01-007-A0021,SE-C01-007,DS05,santa_elena,CAMPAIGN_01,40.000000000,42.000000000,2.000000000,0.142375710,0.000000000,0.000000000
SE-C01-007-A0022,SE-C01-007,DS05,santa_elena,CAMPAIGN_01,42.000000000,44.000000000,2.000000000,0.139795785,0.000000000,0.000000000
SE-C01-007-A0023,SE-C01-007,DS05,santa_elena,CAMPAIGN_01,44.000000000,46.000000000,2.000000000,0.154863912,0.000000000,0.000000000
SE-C01-007-A0024,SE-C01-007,DS05,santa_elena,CAMPAIGN_01,46.000000000,48.000000000,2.000000000,0.170832048,0.000000000,0.000000000
SE-C01-007-A0025,SE-C01-007,DS05,santa_elena,CAMPAIGN_01,48.000000000,50.000000000,2.000000000,0.146647632,0.000000000,0.000000000
SE-C01-007-A0026,SE-C01-007,DS05,santa_elena,CAMPAIGN_01,50.000000000,52.000000000,2.000000000,0.165656617,0.000000000,0.000000000
SE-C01-007-A0027,SE-C01-007,DS05,santa_elena,CAMPAIGN_01,52.000000000,54.000000000,2.000000000,0.173560611,0.000000000,0.000000000
SE-C01-007-A0028,SE-C01-007,DS05,santa_elena,CAMPAIGN_01,54.000000000,56.000000000,2.000000000,0.171319192,0.000000000,0.000000000
SE-C01-007-A0029,SE-C01-007,DS05,santa_elena,CAMPAIGN_01,56.000000000,58.000000000,2.000000000,0.180901793,0.000000000,0.000000000
SE-C01-007-A0030,SE-C01-007,DS05,santa_elena,CAMPAIGN_01,58.000000000,60.000000000,2.000000000,0.188312338,0.000000000,0.000000000
SE-C01-007-A0031,SE-C01-007,DS05,santa_elena,CAMPAIGN_01,60.000000000,62.000000000,2.000000000,0.195240812,0.000000000,0.000000000
SE-C01-007-A0032,SE-C01-007,DS05,santa_elena,CAMPAIGN_01,62.000000000,64.000000000,2.000000000,0.196849606,0.000000000,0.000000000
SE-C01-007-A0033,SE-C01-007,DS05,santa_elena,CAMPAIGN_01,64.000000000,66.000000000,2.000000000,0.200926022,0.000000000,0.000000000
SE-C01-007-A0034,SE-C01-007,DS05,santa_elena,CAMPAIGN_01,66.000000000,68.000000000,2.000000000,0.189613779,0.000000000,0.000000000
SE-C01-007-A0035,SE-C01-007,DS05,santa_elena,CAMPAIGN_01,68.000000000,70.000000000,2.000000000,0.210194695,0.000000000,0.000000000
SE-C01-007-A0036,SE-C01-007,DS05,santa_elena,CAMPAIGN_01,70.000000000,72.000000000,2.000000000,0.209455343,0.000000000,0.000000000
SE-C01-007-A0037,SE-C01-007,DS05,santa_elena,CAMPAIGN_01,72.000000000,74.000000000,2.000000000,0.221487849,0.000000000,0.000000000
SE-C01-007-A0038,SE-C01-007,DS05,santa_elena,CAMPAIGN_01,74.000000000,76.000000000,2.000000000,0.226561678,0.000000000,0.000000000
SE-C01-007-A0039,SE-C01-007,DS05,santa_elena,CAMPAIGN_01,76.000000000,78.000000000,2.000000000,0.236705203,0.000000000,0.000000000
SE-C01-007-A0040,SE-C01-007,DS05,santa_elena,CAMPAIGN_01,78.000000000,80.000000000,2.000000000,0.237291528,0.000000000,0.000000000
SE-C01-007-A0041,SE-C01-007,DS05,santa_elena,CAMPAIGN_01,80.000000000,82.000000000,2.000000000,0.252192147,0.000000000,0.000000000
SE-C01-007-A0042,SE-C01-007,DS05,santa_elena,CAMPAIGN_01,82.000000000,84.000000000,2.000000000,0.250433470,0.000000000,0.000000000
SE-C01-007-A0043,SE-C01-007,DS05,santa_elena,CAMPAIGN_01,84.000000000,86.000000000,2.000000000,0.278862507,0.000000000,0.000000000
SE-C01-007-A0044,SE-C01-007,DS05,santa_elena,CAMPAIGN_01,86.000000000,88.000000000,2.000000000,0.252364868,0.000000000,0.000000000
SE-C01-007-A0045,SE-C01-007,DS05,santa_elena,CAMPAIGN_01,88.000000000,90.000000000,2.000000000,0.269755905,0.000000000,0.000000000
SE-C01-007-A0046,SE-C01-007,DS05,santa_elena,CAMPAIGN_01,90.000000000,92.000000000,2.000000000,0.271634427,0.000000000,0.000000000
SE-C01-007-A0047,SE-C01-007,DS05,santa_elena,CAMPAIGN_01,92.000000000,94.000000000,2.000000000,0.283500711,0.000000000,0.000000000
SE-C01-007-A0048,SE-C01-007,DS05,santa_elena,CAMPAIGN_01,94.000000000,96.000000000,2.000000000,0.308441869,0.000000000,0.000000000
SE-C01-007-A0049,SE-C01-007,DS05,santa_elena,CAMPAIGN_01,96.000000000,98.000000000,2.000000000,0.294198399,0.000000000,0.000000000
SE-C01-007-A0050,SE-C01-007,DS05,santa_elena,CAMPAIGN_01,98.000000000,100.000000000,2.000000000,0.301818849,0.000000000,0.000000000
SE-C01-007-A0051,SE-C01-007,DS05,santa_elena,CAMPAIGN_01,100.000000000,102.000000000,2.000000000,0.315515335,0.000000000,0.000000000
SE-C01-007-A0052,SE-C01-007,DS05,santa_elena,CAMPAIGN_01,102.000000000,104.000000000,2.000000000,0.313085734,0.000000000,0.000000000
SE-C01-007-A0053,SE-C01-007,DS05,santa_elena,CAMPAIGN_01,104.000000000,106.000000000,2.000000000,0.303771393,0.000000000,0.000000000
SE-C01-007-A0054,SE-C01-007,DS05,santa_elena,CAMPAIGN_01,106.000000000,108.000000000,2.000000000,0.348982626,0.000000000,0.000000000
SE-C01-007-A0055,SE-C01-007,DS05,santa_elena,CAMPAIGN_01,108.000000000,110.000000000,2.000000000,0.327667328,0.000000000,0.000000000
SE-C01-007-A0056,SE-C01-007,DS05,santa_elena,CAMPAIGN_01,110.000000000,112.000000000,2.000000000,0.326873296,0.000000000,0.000000000
SE-C01-007-A0057,SE-C01-007,DS05,santa_elena,CAMPAIGN_01,112.000000000,114.000000000,2.000000000,0.339185313,0.000000000,0.000000000
SE-C01-007-A0058,SE-C01-007,DS05,santa_elena,CAMPAIGN_01,114.000000000,116.000000000,2.000000000,0.367015138,0.000000000,0.000000000
SE-C01-007-A0059,SE-C01-007,DS05,santa_elena,CAMPAIGN_01,116.000000000,118.000000000,2.000000000,0.367625443,0.000000000,0.000000000
SE-C01-007-A0060,SE-C01-007,DS05,santa_elena,CAMPAIGN_01,118.000000000,120.000000000,2.000000000,0.360976918,0.000000000,0.000000000
SE-C01-007-A0061,SE-C01-007,DS05,santa_elena,CAMPAIGN_01,120.000000000,122.000000000,2.000000000,0.380866173,0.000000000,0.000000000
SE-C01-007-A0062,SE-C01-007,DS05,santa_elena,CAMPAIGN_01,122.000000000,124.000000000,2.000000000,0.395531062,0.000000000,0.000000000
SE-C01-007-A0063,SE-C01-007,DS05,santa_elena,CAMPAIGN_01,124.000000000,126.000000000,2.000000000,0.381676315,0.000000000,0.000000000
SE-C01-007-A0064,SE-C01-007,DS05,santa_elena,CAMPAIGN_01,126.000000000,128.000000000,2.000000000,0.406302307,0.000000000,0.000000000
SE-C01-007-A0065,SE-C01-007,DS05,santa_elena,CAMPAIGN_01,128.000000000,130.000000000,2.000000000,0.403892149,0.000000000,0.000000000
SE-C01-007-A0066,SE-C01-007,DS05,santa_elena,CAMPAIGN_01,130.000000000,132.000000000,2.000000000,0.399810656,0.000000000,0.000000000
SE-C01-007-A0067,SE-C01-007,DS05,santa_elena,CAMPAIGN_01,132.000000000,134.000000000,2.000000000,0.418455091,0.000000000,0.000000000
SE-C01-007-A0068,SE-C01-007,DS05,santa_elena,CAMPAIGN_01,134.000000000,136.000000000,2.000000000,0.449941535,0.000000000,0.000000000
SE-C01-007-A0069,SE-C01-007,DS05,santa_elena,CAMPAIGN_01,136.000000000,138.000000000,2.000000000,0.418996802,0.000000000,0.000000000
SE-C01-007-A0070,SE-C01-007,DS05,santa_elena,CAMPAIGN_01,138.000000000,140.000000000,2.000000000,0.462787194,0.000000000,0.000000000
SE-C01-007-A0071,SE-C01-007,DS05,santa_elena,CAMPAIGN_01,140.000000000,142.000000000,2.000000000,0.427219903,0.000000000,0.000000000
SE-C01-007-A0072,SE-C01-007,DS05,santa_elena,CAMPAIGN_01,142.000000000,144.000000000,2.000000000,0.463180879,0.000000000,0.000000000
SE-C01-007-A0073,SE-C01-007,DS05,santa_elena,CAMPAIGN_01,144.000000000,146.000000000,2.000000000,0.443923739,0.000000000,0.000000000
SE-C01-007-A0074,SE-C01-007,DS05,santa_elena,CAMPAIGN_01,146.000000000,148.000000000,2.000000000,0.466045283,0.000000000,0.000000000
SE-C01-007-A0075,SE-C01-007,DS05,santa_elena,CAMPAIGN_01,148.000000000,150.000000000,2.000000000,0.471542552,0.000000000,0.000000000
SE-C01-007-A0076,SE-C01-007,DS05,santa_elena,CAMPAIGN_01,150.000000000,152.000000000,2.000000000,0.495075044,0.000000000,0.000000000
SE-C01-007-A0077,SE-C01-007,DS05,santa_elena,CAMPAIGN_01,152.000000000,154.000000000,2.000000000,0.513912544,0.000000000,0.000000000
SE-C01-007-A0078,SE-C01-007,DS05,santa_elena,CAMPAIGN_01,154.000000000,156.000000000,2.000000000,0.510396190,0.000000000,0.000000000
SE-C01-007-A0079,SE-C01-007,DS05,santa_elena,CAMPAIGN_01,156.000000000,158.000000000,2.000000000,0.524886159,0.000000000,0.000000000
SE-C01-007-A0080,SE-C01-007,DS05,santa_elena,CAMPAIGN_01,158.000000000,160.000000000,2.000000000,0.484170100,0.000000000,0.000000000
SE-C01-007-A0081,SE-C01-007,DS05,santa_elena,CAMPAIGN_01,160.000000000,162.000000000,2.000000000,0.491792833,0.000000000,0.000000000
SE-C01-007-A0082,SE-C01-007,DS05,santa_elena,CAMPAIGN_01,162.000000000,164.000000000,2.000000000,0.521380049,0.000000000,0.000000000
SE-C01-007-A0083,SE-C01-007,DS05,santa_elena,CAMPAIGN_01,164.000000000,166.000000000,2.000000000,0.562643511,0.000000000,0.000000000
SE-C01-007-A0084,SE-C01-007,DS05,santa_elena,CAMPAIGN_01,166.000000000,168.000000000,2.000000000,0.538765610,0.000000000,0.000000000
SE-C01-007-A0085,SE-C01-007,DS05,santa_elena,CAMPAIGN_01,168.000000000,170.000000000,2.000000000,0.541129408,0.000000000,0.000000000
SE-C01-007-A0086,SE-C01-007,DS05,santa_elena,CAMPAIGN_01,170.000000000,172.000000000,2.000000000,0.565799033,0.000000000,0.000000000
SE-C01-007-A0087,SE-C01-007,DS05,santa_elena,CAMPAIGN_01,172.000000000,174.000000000,2.000000000,0.522138465,0.000000000,0.000000000
SE-C01-007-A0088,SE-C01-007,DS05,santa_elena,CAMPAIGN_01,174.000000000,176.000000000,2.000000000,0.540616100,0.000000000,0.000000000
SE-C01-007-A0089,SE-C01-007,DS05,santa_elena,CAMPAIGN_01,176.000000000,178.000000000,2.000000000,0.570695744,0.000000000,0.000000000
SE-C01-007-A0090,SE-C01-007,DS05,santa_elena,CAMPAIGN_01,178.000000000,180.000000000,2.000000000,0.568095803,0.000000000,0.000000000
SE-C01-007-A0091,SE-C01-007,DS05,santa_elena,CAMPAIGN_01,180.000000000,182.000000000,2.000000000,0.616448715,0.000000000,0.000000000
SE-C01-007-A0092,SE-C01-007,DS05,santa_elena,CAMPAIGN_01,182.000000000,184.000000000,2.000000000,0.600728185,0.000000000,0.000000000
SE-C01-007-A0093,SE-C01-007,DS05,santa_elena,CAMPAIGN_01,184.000000000,186.000000000,2.000000000,0.603566418,0.000000000,0.000000000
SE-C01-007-A0094,SE-C01-007,DS05,santa_elena,CAMPAIGN_01,186.000000000,188.000000000,2.000000000,0.593930363,0.000000000,0.000000000
SE-C01-007-A0095,SE-C01-007,DS05,santa_elena,CAMPAIGN_01,188.000000000,190.000000000,2.000000000,0.609318491,0.000000000,0.000000000
SE-C01-007-A0096,SE-C01-007,DS05,santa_elena,CAMPAIGN_01,190.000000000,192.000000000,2.000000000,0.612433183,0.000000000,0.000000000
SE-C01-007-A0097,SE-C01-007,DS05,santa_elena,CAMPAIGN_01,192.000000000,194.000000000,2.000000000,0.657601165,0.000000000,0.000000000
SE-C01-007-A0098,SE-C01-007,DS05,santa_elena,CAMPAIGN_01,194.000000000,196.000000000,2.000000000,0.651814233,0.000000000,0.000000000
SE-C01-007-A0099,SE-C01-007,DS05,santa_elena,CAMPAIGN_01,196.000000000,198.000000000,2.000000000,0.623367086,0.000000000,0.000000000
SE-C01-007-A0100,SE-C01-007,DS05,santa_elena,CAMPAIGN_01,198.000000000,200.000000000,2.000000000,0.618053897,0.000000000,0.000000000
SE-C01-007-A0101,SE-C01-007,DS05,santa_elena,CAMPAIGN_01,200.000000000,202.000000000,2.000000000,0.625649812,0.000000000,0.000000000
SE-C01-007-A0102,SE-C01-007,DS05,santa_elena,CAMPAIGN_01,202.000000000,204.000000000,2.000000000,0.602748741,0.000000000,0.000000000
SE-C01-007-A0103,SE-C01-007,DS05,santa_elena,CAMPAIGN_01,204.000000000,206.000000000,2.000000000,0.604033028,0.000000000,0.000000000
SE-C01-007-A0104,SE-C01-007,DS05,santa_elena,CAMPAIGN_01,206.000000000,208.000000000,2.000000000,0.635393791,0.000000000,0.000000000
SE-C01-007-A0105,SE-C01-007,DS05,santa_elena,CAMPAIGN_01,208.000000000,210.000000000,2.000000000,0.685612964,0.000000000,0.000000000
SE-C01-007-A0106,SE-C01-007,DS05,santa_elena,CAMPAIGN_01,210.000000000,212.000000000,2.000000000,0.626115284,0.000000000,0.000000000
SE-C01-007-A0107,SE-C01-007,DS05,santa_elena,CAMPAIGN_01,212.000000000,214.000000000,2.000000000,0.627699322,0.000000000,0.000000000
SE-C01-007-A0108,SE-C01-007,DS05,santa_elena,CAMPAIGN_01,214.000000000,216.000000000,2.000000000,0.660979375,0.000000000,0.000000000
SE-C01-007-A0109,SE-C01-007,DS05,santa_elena,CAMPAIGN_01,216.000000000,218.000000000,2.000000000,0.698070887,0.000000000,0.000000000
SE-C01-007-A0110,SE-C01-007,DS05,santa_elena,CAMPAIGN_01,218.000000000,220.000000000,2.000000000,0.670574935,0.000000000,0.000000000
SE-C01-007-A0111,SE-C01-007,DS05,santa_elena,CAMPAIGN_01,220.000000000,222.000000000,2.000000000,0.646660433,0.000000000,0.000000000
SE-C01-007-A0112,SE-C01-007,DS05,santa_elena,CAMPAIGN_01,222.000000000,224.000000000,2.000000000,0.665694232,0.000000000,0.000000000
SE-C01-007-A0113,SE-C01-007,DS05,santa_elena,CAMPAIGN_01,224.000000000,226.000000000,2.000000000,0.677063272,0.000000000,0.000000000
SE-C01-007-A0114,SE-C01-007,DS05,santa_elena,CAMPAIGN_01,226.000000000,228.000000000,2.000000000,0.682298954,0.000000000,0.000000000
SE-C01-007-A0115,SE-C01-007,DS05,santa_elena,CAMPAIGN_01,228.000000000,230.000000000,2.000000000,0.713465270,0.000000000,0.000000000
SE-C01-007-A0116,SE-C01-007,DS05,santa_elena,CAMPAIGN_01,230.000000000,232.000000000,2.000000000,0.668570036,0.000000000,0.000000000
SE-C01-007-A0117,SE-C01-007,DS05,santa_elena,CAMPAIGN_01,232.000000000,234.000000000,2.000000000,0.667560009,0.000000000,0.000000000
SE-C01-007-A0118,SE-C01-007,DS05,santa_elena,CAMPAIGN_01,234.000000000,236.000000000,2.000000000,0.729578114,0.000000000,0.000000000
SE-C01-007-A0119,SE-C01-007,DS05,santa_elena,CAMPAIGN_01,236.000000000,238.000000000,2.000000000,0.679452587,0.000000000,0.000000000
SE-C01-007-A0120,SE-C01-007,DS05,santa_elena,CAMPAIGN_01,238.000000000,240.000000000,2.000000000,0.692645132,0.000000000,0.000000000
SE-C01-007-A0121,SE-C01-007,DS05,santa_elena,CAMPAIGN_01,240.000000000,242.000000000,2.000000000,0.669714894,0.000000000,0.000000000
SE-C01-007-A0122,SE-C01-007,DS05,santa_elena,CAMPAIGN_01,242.000000000,244.000000000,2.000000000,0.646718833,0.000000000,0.000000000
SE-C01-007-A0123,SE-C01-007,DS05,santa_elena,CAMPAIGN_01,244.000000000,246.000000000,2.000000000,0.728222912,0.000000000,0.000000000
SE-C01-007-A0124,SE-C01-007,DS05,santa_elena,CAMPAIGN_01,246.000000000,248.000000000,2.000000000,0.663352217,0.000000000,0.000000000
SE-C01-007-A0125,SE-C01-007,DS05,santa_elena,CAMPAIGN_01,248.000000000,250.000000000,2.000000000,0.653547623,0.000000000,0.000000000
SE-C01-007-A0126,SE-C01-007,DS05,santa_elena,CAMPAIGN_01,250.000000000,252.000000000,2.000000000,0.686834464,0.000000000,0.000000000
SE-C01-007-A0127,SE-C01-007,DS05,santa_elena,CAMPAIGN_01,252.000000000,254.000000000,2.000000000,0.646064752,0.000000000,0.000000000
SE-C01-007-A0128,SE-C01-007,DS05,santa_elena,CAMPAIGN_01,254.000000000,256.000000000,2.000000000,0.675902483,0.000000000,0.000000000
SE-C01-007-A0129,SE-C01-007,DS05,santa_elena,CAMPAIGN_01,256.000000000,258.000000000,2.000000000,0.661052194,0.000000000,0.000000000
SE-C01-007-A0130,SE-C01-007,DS05,santa_elena,CAMPAIGN_01,258.000000000,260.000000000,2.000000000,0.679605652,0.000000000,0.000000000
SE-C01-007-A0131,SE-C01-007,DS05,santa_elena,CAMPAIGN_01,260.000000000,262.000000000,2.000000000,0.721714376,0.000000000,0.000000000
SE-C01-007-A0132,SE-C01-007,DS05,santa_elena,CAMPAIGN_01,262.000000000,264.000000000,2.000000000,0.648051617,0.000000000,0.000000000
SE-C01-007-A0133,SE-C01-007,DS05,santa_elena,CAMPAIGN_01,264.000000000,266.000000000,2.000000000,0.629920538,0.000000000,0.000000000
SE-C01-007-A0134,SE-C01-007,DS05,santa_elena,CAMPAIGN_01,266.000000000,268.000000000,2.000000000,0.654613843,0.000000000,0.000000000
SE-C01-007-A0135,SE-C01-007,DS05,santa_elena,CAMPAIGN_01,268.000000000,270.000000000,2.000000000,0.645242066,0.000000000,0.000000000
SE-C01-007-A0136,SE-C01-007,DS05,santa_elena,CAMPAIGN_01,270.000000000,272.000000000,2.000000000,0.618608091,0.000000000,0.000000000
SE-C01-007-A0137,SE-C01-007,DS05,santa_elena,CAMPAIGN_01,272.000000000,274.000000000,2.000000000,0.699770831,0.000000000,0.000000000
SE-C01-007-A0138,SE-C01-007,DS05,santa_elena,CAMPAIGN_01,274.000000000,276.000000000,2.000000000,0.642180644,0.000000000,0.000000000
SE-C01-007-A0139,SE-C01-007,DS05,santa_elena,CAMPAIGN_01,276.000000000,278.000000000,2.000000000,0.623047449,0.000000000,0.000000000
SE-C01-007-A0140,SE-C01-007,DS05,santa_elena,CAMPAIGN_01,278.000000000,280.000000000,2.000000000,0.635191355,0.000000000,0.000000000
SE-C01-007-A0141,SE-C01-007,DS05,santa_elena,CAMPAIGN_01,280.000000000,282.000000000,2.000000000,0.606178880,0.000000000,0.000000000
SE-C01-007-A0142,SE-C01-007,DS05,santa_elena,CAMPAIGN_01,282.000000000,284.000000000,2.000000000,0.646043340,0.000000000,0.000000000
SE-C01-007-A0143,SE-C01-007,DS05,santa_elena,CAMPAIGN_01,284.000000000,286.000000000,2.000000000,0.663692865,0.000000000,0.000000000
SE-C01-007-A0144,SE-C01-007,DS05,santa_elena,CAMPAIGN_01,286.000000000,286.471894024,0.471894024,0.631706623,0.000000000,0.000000000
SE-C01-008-A0001,SE-C01-008,DS05,santa_elena,CAMPAIGN_01,0.000000000,2.000000000,2.000000000,0.021228443,0.000000000,0.000000000
SE-C01-008-A0002,SE-C01-008,DS05,santa_elena,CAMPAIGN_01,2.000000000,4.000000000,2.000000000,0.019709093,0.000000000,0.000000000
SE-C01-008-A0003,SE-C01-008,DS05,santa_elena,CAMPAIGN_01,4.000000000,6.000000000,2.000000000,0.020513695,0.000000000,0.000000000
SE-C01-008-A0004,SE-C01-008,DS05,santa_elena,CAMPAIGN_01,6.000000000,8.000000000,2.000000000,0.022517538,0.000000000,0.000000000
SE-C01-008-A0005,SE-C01-008,DS05,santa_elena,CAMPAIGN_01,8.000000000,10.000000000,2.000000000,0.018039296,0.000000000,0.000000000
SE-C01-008-A0006,SE-C01-008,DS05,santa_elena,CAMPAIGN_01,10.000000000,12.000000000,2.000000000,0.022278839,0.000000000,0.000000000
SE-C01-008-A0007,SE-C01-008,DS05,santa_elena,CAMPAIGN_01,12.000000000,14.000000000,2.000000000,0.022627649,0.000000000,0.000000000
SE-C01-008-A0008,SE-C01-008,DS05,santa_elena,CAMPAIGN_01,14.000000000,16.000000000,2.000000000,0.020560290,0.000000000,0.000000000
SE-C01-008-A0009,SE-C01-008,DS05,santa_elena,CAMPAIGN_01,16.000000000,18.000000000,2.000000000,0.019947023,0.000000000,0.000000000
SE-C01-008-A0010,SE-C01-008,DS05,santa_elena,CAMPAIGN_01,18.000000000,20.000000000,2.000000000,0.021778360,0.000000000,0.000000000
SE-C01-008-A0011,SE-C01-008,DS05,santa_elena,CAMPAIGN_01,20.000000000,22.000000000,2.000000000,0.020566839,0.000000000,0.000000000
SE-C01-008-A0012,SE-C01-008,DS05,santa_elena,CAMPAIGN_01,22.000000000,24.000000000,2.000000000,0.019068035,0.000000000,0.000000000
SE-C01-008-A0013,SE-C01-008,DS05,santa_elena,CAMPAIGN_01,24.000000000,26.000000000,2.000000000,0.016916679,0.000000000,0.000000000
SE-C01-008-A0014,SE-C01-008,DS05,santa_elena,CAMPAIGN_01,26.000000000,28.000000000,2.000000000,0.020237388,0.000000000,0.000000000
SE-C01-008-A0015,SE-C01-008,DS05,santa_elena,CAMPAIGN_01,28.000000000,30.000000000,2.000000000,0.021086359,0.000000000,0.000000000
SE-C01-008-A0016,SE-C01-008,DS05,santa_elena,CAMPAIGN_01,30.000000000,32.000000000,2.000000000,0.017047343,0.000000000,0.000000000
SE-C01-008-A0017,SE-C01-008,DS05,santa_elena,CAMPAIGN_01,32.000000000,34.000000000,2.000000000,0.017751535,0.000000000,0.000000000
SE-C01-008-A0018,SE-C01-008,DS05,santa_elena,CAMPAIGN_01,34.000000000,36.000000000,2.000000000,0.018194367,0.000000000,0.000000000
SE-C01-008-A0019,SE-C01-008,DS05,santa_elena,CAMPAIGN_01,36.000000000,38.000000000,2.000000000,0.020531790,0.000000000,0.000000000
SE-C01-008-A0020,SE-C01-008,DS05,santa_elena,CAMPAIGN_01,38.000000000,40.000000000,2.000000000,0.021434028,0.000000000,0.000000000
SE-C01-008-A0021,SE-C01-008,DS05,santa_elena,CAMPAIGN_01,40.000000000,42.000000000,2.000000000,0.020345076,0.000000000,0.000000000
SE-C01-008-A0022,SE-C01-008,DS05,santa_elena,CAMPAIGN_01,42.000000000,44.000000000,2.000000000,0.019928273,0.000000000,0.000000000
SE-C01-008-A0023,SE-C01-008,DS05,santa_elena,CAMPAIGN_01,44.000000000,46.000000000,2.000000000,0.022908193,0.000000000,0.000000000
SE-C01-008-A0024,SE-C01-008,DS05,santa_elena,CAMPAIGN_01,46.000000000,48.000000000,2.000000000,0.019457058,0.000000000,0.000000000
SE-C01-008-A0025,SE-C01-008,DS05,santa_elena,CAMPAIGN_01,48.000000000,50.000000000,2.000000000,0.021073229,0.000000000,0.000000000
SE-C01-008-A0026,SE-C01-008,DS05,santa_elena,CAMPAIGN_01,50.000000000,52.000000000,2.000000000,0.019298333,0.000000000,0.000000000
SE-C01-008-A0027,SE-C01-008,DS05,santa_elena,CAMPAIGN_01,52.000000000,54.000000000,2.000000000,0.019624664,0.000000000,0.000000000
SE-C01-008-A0028,SE-C01-008,DS05,santa_elena,CAMPAIGN_01,54.000000000,56.000000000,2.000000000,0.019669533,0.000000000,0.000000000
SE-C01-008-A0029,SE-C01-008,DS05,santa_elena,CAMPAIGN_01,56.000000000,58.000000000,2.000000000,0.023782575,0.000000000,0.000000000
SE-C01-008-A0030,SE-C01-008,DS05,santa_elena,CAMPAIGN_01,58.000000000,60.000000000,2.000000000,0.018853940,0.000000000,0.000000000
SE-C01-008-A0031,SE-C01-008,DS05,santa_elena,CAMPAIGN_01,60.000000000,62.000000000,2.000000000,0.019765476,0.000000000,0.000000000
SE-C01-008-A0032,SE-C01-008,DS05,santa_elena,CAMPAIGN_01,62.000000000,64.000000000,2.000000000,0.020530150,0.000000000,0.000000000
SE-C01-008-A0033,SE-C01-008,DS05,santa_elena,CAMPAIGN_01,64.000000000,66.000000000,2.000000000,0.022353882,0.000000000,0.000000000
SE-C01-008-A0034,SE-C01-008,DS05,santa_elena,CAMPAIGN_01,66.000000000,68.000000000,2.000000000,0.018594748,0.000000000,0.000000000
SE-C01-008-A0035,SE-C01-008,DS05,santa_elena,CAMPAIGN_01,68.000000000,70.000000000,2.000000000,0.021121623,0.000000000,0.000000000
SE-C01-008-A0036,SE-C01-008,DS05,santa_elena,CAMPAIGN_01,70.000000000,72.000000000,2.000000000,0.021620879,0.000000000,0.000000000
SE-C01-008-A0037,SE-C01-008,DS05,santa_elena,CAMPAIGN_01,72.000000000,74.000000000,2.000000000,0.018661865,0.000000000,0.000000000
SE-C01-008-A0038,SE-C01-008,DS05,santa_elena,CAMPAIGN_01,74.000000000,76.000000000,2.000000000,0.021248746,0.000000000,0.000000000
SE-C01-008-A0039,SE-C01-008,DS05,santa_elena,CAMPAIGN_01,76.000000000,78.000000000,2.000000000,0.019855340,0.000000000,0.000000000
SE-C01-008-A0040,SE-C01-008,DS05,santa_elena,CAMPAIGN_01,78.000000000,80.000000000,2.000000000,0.021123965,0.000000000,0.000000000
SE-C01-008-A0041,SE-C01-008,DS05,santa_elena,CAMPAIGN_01,80.000000000,82.000000000,2.000000000,0.021850808,0.000000000,0.000000000
SE-C01-008-A0042,SE-C01-008,DS05,santa_elena,CAMPAIGN_01,82.000000000,84.000000000,2.000000000,0.021072213,0.000000000,0.000000000
SE-C01-008-A0043,SE-C01-008,DS05,santa_elena,CAMPAIGN_01,84.000000000,86.000000000,2.000000000,0.021568761,0.000000000,0.000000000
SE-C01-008-A0044,SE-C01-008,DS05,santa_elena,CAMPAIGN_01,86.000000000,88.000000000,2.000000000,0.019916759,0.000000000,0.000000000
SE-C01-008-A0045,SE-C01-008,DS05,santa_elena,CAMPAIGN_01,88.000000000,90.000000000,2.000000000,0.018891932,0.000000000,0.000000000
SE-C01-008-A0046,SE-C01-008,DS05,santa_elena,CAMPAIGN_01,90.000000000,92.000000000,2.000000000,0.024480491,0.000000000,0.000000000
SE-C01-008-A0047,SE-C01-008,DS05,santa_elena,CAMPAIGN_01,92.000000000,94.000000000,2.000000000,0.019913926,0.000000000,0.000000000
SE-C01-008-A0048,SE-C01-008,DS05,santa_elena,CAMPAIGN_01,94.000000000,96.000000000,2.000000000,0.019109402,0.000000000,0.000000000
SE-C01-008-A0049,SE-C01-008,DS05,santa_elena,CAMPAIGN_01,96.000000000,98.000000000,2.000000000,0.021941828,0.000000000,0.000000000
SE-C01-008-A0050,SE-C01-008,DS05,santa_elena,CAMPAIGN_01,98.000000000,100.000000000,2.000000000,0.020428510,0.000000000,0.000000000
SE-C01-008-A0051,SE-C01-008,DS05,santa_elena,CAMPAIGN_01,100.000000000,102.000000000,2.000000000,0.019184726,0.000000000,0.000000000
SE-C01-008-A0052,SE-C01-008,DS05,santa_elena,CAMPAIGN_01,102.000000000,104.000000000,2.000000000,0.019769161,0.000000000,0.000000000
SE-C01-008-A0053,SE-C01-008,DS05,santa_elena,CAMPAIGN_01,104.000000000,106.000000000,2.000000000,0.020941537,0.000000000,0.000000000
SE-C01-008-A0054,SE-C01-008,DS05,santa_elena,CAMPAIGN_01,106.000000000,108.000000000,2.000000000,0.022564568,0.000000000,0.000000000
SE-C01-008-A0055,SE-C01-008,DS05,santa_elena,CAMPAIGN_01,108.000000000,110.000000000,2.000000000,0.021085882,0.000000000,0.000000000
SE-C01-008-A0056,SE-C01-008,DS05,santa_elena,CAMPAIGN_01,110.000000000,112.000000000,2.000000000,0.024122829,0.000000000,0.000000000
SE-C01-008-A0057,SE-C01-008,DS05,santa_elena,CAMPAIGN_01,112.000000000,114.000000000,2.000000000,0.023946086,0.000000000,0.000000000
SE-C01-008-A0058,SE-C01-008,DS05,santa_elena,CAMPAIGN_01,114.000000000,116.000000000,2.000000000,0.024710752,0.000000000,0.000000000
SE-C01-008-A0059,SE-C01-008,DS05,santa_elena,CAMPAIGN_01,116.000000000,118.000000000,2.000000000,0.020792145,0.000000000,0.000000000
SE-C01-008-A0060,SE-C01-008,DS05,santa_elena,CAMPAIGN_01,118.000000000,120.000000000,2.000000000,0.023996493,0.000000000,0.000000000
SE-C01-008-A0061,SE-C01-008,DS05,santa_elena,CAMPAIGN_01,120.000000000,122.000000000,2.000000000,0.021242116,0.000000000,0.000000000
SE-C01-008-A0062,SE-C01-008,DS05,santa_elena,CAMPAIGN_01,122.000000000,124.000000000,2.000000000,0.022597936,0.000000000,0.000000000
SE-C01-008-A0063,SE-C01-008,DS05,santa_elena,CAMPAIGN_01,124.000000000,126.000000000,2.000000000,0.022476396,0.000000000,0.000000000
SE-C01-008-A0064,SE-C01-008,DS05,santa_elena,CAMPAIGN_01,126.000000000,128.000000000,2.000000000,0.021810822,0.000000000,0.000000000
SE-C01-008-A0065,SE-C01-008,DS05,santa_elena,CAMPAIGN_01,128.000000000,130.000000000,2.000000000,0.023315845,0.000000000,0.000000000
SE-C01-008-A0066,SE-C01-008,DS05,santa_elena,CAMPAIGN_01,130.000000000,132.000000000,2.000000000,0.021052897,0.000000000,0.000000000
SE-C01-008-A0067,SE-C01-008,DS05,santa_elena,CAMPAIGN_01,132.000000000,134.000000000,2.000000000,0.023248539,0.000000000,0.000000000
SE-C01-008-A0068,SE-C01-008,DS05,santa_elena,CAMPAIGN_01,134.000000000,136.000000000,2.000000000,0.021165156,0.000000000,0.000000000
SE-C01-008-A0069,SE-C01-008,DS05,santa_elena,CAMPAIGN_01,136.000000000,138.000000000,2.000000000,0.023365200,0.000000000,0.000000000
SE-C01-008-A0070,SE-C01-008,DS05,santa_elena,CAMPAIGN_01,138.000000000,140.000000000,2.000000000,0.023909196,0.000000000,0.000000000
SE-C01-008-A0071,SE-C01-008,DS05,santa_elena,CAMPAIGN_01,140.000000000,142.000000000,2.000000000,0.021556390,0.000000000,0.000000000
SE-C01-008-A0072,SE-C01-008,DS05,santa_elena,CAMPAIGN_01,142.000000000,144.000000000,2.000000000,0.022397257,0.000000000,0.000000000
SE-C01-008-A0073,SE-C01-008,DS05,santa_elena,CAMPAIGN_01,144.000000000,146.000000000,2.000000000,0.023843292,0.000000000,0.000000000
SE-C01-008-A0074,SE-C01-008,DS05,santa_elena,CAMPAIGN_01,146.000000000,148.000000000,2.000000000,0.020697939,0.000000000,0.000000000
SE-C01-008-A0075,SE-C01-008,DS05,santa_elena,CAMPAIGN_01,148.000000000,150.000000000,2.000000000,0.026287150,0.000000000,0.000000000
SE-C01-008-A0076,SE-C01-008,DS05,santa_elena,CAMPAIGN_01,150.000000000,152.000000000,2.000000000,0.025333429,0.000000000,0.000000000
SE-C01-008-A0077,SE-C01-008,DS05,santa_elena,CAMPAIGN_01,152.000000000,154.000000000,2.000000000,0.021736956,0.000000000,0.000000000
SE-C01-008-A0078,SE-C01-008,DS05,santa_elena,CAMPAIGN_01,154.000000000,156.000000000,2.000000000,0.024415156,0.000000000,0.000000000
SE-C01-008-A0079,SE-C01-008,DS05,santa_elena,CAMPAIGN_01,156.000000000,158.000000000,2.000000000,0.025350048,0.000000000,0.000000000
SE-C01-008-A0080,SE-C01-008,DS05,santa_elena,CAMPAIGN_01,158.000000000,160.000000000,2.000000000,0.024136143,0.000000000,0.000000000
SE-C01-008-A0081,SE-C01-008,DS05,santa_elena,CAMPAIGN_01,160.000000000,162.000000000,2.000000000,0.027119042,0.000000000,0.000000000
SE-C01-008-A0082,SE-C01-008,DS05,santa_elena,CAMPAIGN_01,162.000000000,164.000000000,2.000000000,0.026197058,0.000000000,0.000000000
SE-C01-008-A0083,SE-C01-008,DS05,santa_elena,CAMPAIGN_01,164.000000000,166.000000000,2.000000000,0.026116229,0.000000000,0.000000000
SE-C01-008-A0084,SE-C01-008,DS05,santa_elena,CAMPAIGN_01,166.000000000,168.000000000,2.000000000,0.026284409,0.000000000,0.000000000
SE-C01-008-A0085,SE-C01-008,DS05,santa_elena,CAMPAIGN_01,168.000000000,170.000000000,2.000000000,0.021922456,0.000000000,0.000000000
SE-C01-008-A0086,SE-C01-008,DS05,santa_elena,CAMPAIGN_01,170.000000000,172.000000000,2.000000000,0.023873498,0.000000000,0.000000000
SE-C01-008-A0087,SE-C01-008,DS05,santa_elena,CAMPAIGN_01,172.000000000,174.000000000,2.000000000,0.028376932,0.000000000,0.000000000
SE-C01-008-A0088,SE-C01-008,DS05,santa_elena,CAMPAIGN_01,174.000000000,176.000000000,2.000000000,0.023330971,0.000000000,0.000000000
SE-C01-008-A0089,SE-C01-008,DS05,santa_elena,CAMPAIGN_01,176.000000000,178.000000000,2.000000000,0.027687884,0.000000000,0.000000000
SE-C01-008-A0090,SE-C01-008,DS05,santa_elena,CAMPAIGN_01,178.000000000,180.000000000,2.000000000,0.028927286,0.000000000,0.000000000
SE-C01-008-A0091,SE-C01-008,DS05,santa_elena,CAMPAIGN_01,180.000000000,182.000000000,2.000000000,0.029561888,0.000000000,0.000000000
SE-C01-008-A0092,SE-C01-008,DS05,santa_elena,CAMPAIGN_01,182.000000000,184.000000000,2.000000000,0.031414901,0.000000000,0.000000000
SE-C01-008-A0093,SE-C01-008,DS05,santa_elena,CAMPAIGN_01,184.000000000,186.000000000,2.000000000,0.026692873,0.000000000,0.000000000
SE-C01-008-A0094,SE-C01-008,DS05,santa_elena,CAMPAIGN_01,186.000000000,188.000000000,2.000000000,0.030121489,0.000000000,0.000000000
SE-C01-008-A0095,SE-C01-008,DS05,santa_elena,CAMPAIGN_01,188.000000000,190.000000000,2.000000000,0.029742557,0.000000000,0.000000000
SE-C01-008-A0096,SE-C01-008,DS05,santa_elena,CAMPAIGN_01,190.000000000,192.000000000,2.000000000,0.030613838,0.000000000,0.000000000
SE-C01-008-A0097,SE-C01-008,DS05,santa_elena,CAMPAIGN_01,192.000000000,194.000000000,2.000000000,0.029730163,0.000000000,0.000000000
SE-C01-008-A0098,SE-C01-008,DS05,santa_elena,CAMPAIGN_01,194.000000000,196.000000000,2.000000000,0.029757811,0.000000000,0.000000000
SE-C01-008-A0099,SE-C01-008,DS05,santa_elena,CAMPAIGN_01,196.000000000,198.000000000,2.000000000,0.030915813,0.000000000,0.000000000
SE-C01-008-A0100,SE-C01-008,DS05,santa_elena,CAMPAIGN_01,198.000000000,200.000000000,2.000000000,0.027536908,0.000000000,0.000000000
SE-C01-008-A0101,SE-C01-008,DS05,santa_elena,CAMPAIGN_01,200.000000000,202.000000000,2.000000000,0.033989047,0.000000000,0.000000000
SE-C01-008-A0102,SE-C01-008,DS05,santa_elena,CAMPAIGN_01,202.000000000,204.000000000,2.000000000,0.028423582,0.000000000,0.000000000
SE-C01-008-A0103,SE-C01-008,DS05,santa_elena,CAMPAIGN_01,204.000000000,206.000000000,2.000000000,0.033085649,0.000000000,0.000000000
SE-C01-008-A0104,SE-C01-008,DS05,santa_elena,CAMPAIGN_01,206.000000000,208.000000000,2.000000000,0.034488205,0.000000000,0.000000000
SE-C01-008-A0105,SE-C01-008,DS05,santa_elena,CAMPAIGN_01,208.000000000,210.000000000,2.000000000,0.033415559,0.000000000,0.000000000
SE-C01-008-A0106,SE-C01-008,DS05,santa_elena,CAMPAIGN_01,210.000000000,212.000000000,2.000000000,0.033419136,0.000000000,0.000000000
SE-C01-008-A0107,SE-C01-008,DS05,santa_elena,CAMPAIGN_01,212.000000000,214.000000000,2.000000000,0.036165101,0.000000000,0.000000000
SE-C01-008-A0108,SE-C01-008,DS05,santa_elena,CAMPAIGN_01,214.000000000,216.000000000,2.000000000,0.034313267,0.000000000,0.000000000
SE-C01-008-A0109,SE-C01-008,DS05,santa_elena,CAMPAIGN_01,216.000000000,218.000000000,2.000000000,0.036206110,0.000000000,0.000000000
SE-C01-008-A0110,SE-C01-008,DS05,santa_elena,CAMPAIGN_01,218.000000000,220.000000000,2.000000000,0.036893431,0.000000000,0.000000000
SE-C01-008-A0111,SE-C01-008,DS05,santa_elena,CAMPAIGN_01,220.000000000,222.000000000,2.000000000,0.037767709,0.000000000,0.000000000
SE-C01-008-A0112,SE-C01-008,DS05,santa_elena,CAMPAIGN_01,222.000000000,224.000000000,2.000000000,0.033822151,0.000000000,0.000000000
SE-C01-008-A0113,SE-C01-008,DS05,santa_elena,CAMPAIGN_01,224.000000000,226.000000000,2.000000000,0.034441020,0.000000000,0.000000000
SE-C01-008-A0114,SE-C01-008,DS05,santa_elena,CAMPAIGN_01,226.000000000,228.000000000,2.000000000,0.040791959,0.000000000,0.000000000
SE-C01-008-A0115,SE-C01-008,DS05,santa_elena,CAMPAIGN_01,228.000000000,230.000000000,2.000000000,0.042261301,0.000000000,0.000000000
SE-C01-008-A0116,SE-C01-008,DS05,santa_elena,CAMPAIGN_01,230.000000000,232.000000000,2.000000000,0.041486927,0.000000000,0.000000000
SE-C01-008-A0117,SE-C01-008,DS05,santa_elena,CAMPAIGN_01,232.000000000,234.000000000,2.000000000,0.040723541,0.000000000,0.000000000
SE-C01-008-A0118,SE-C01-008,DS05,santa_elena,CAMPAIGN_01,234.000000000,236.000000000,2.000000000,0.039826018,0.000000000,0.000000000
SE-C01-008-A0119,SE-C01-008,DS05,santa_elena,CAMPAIGN_01,236.000000000,238.000000000,2.000000000,0.043197373,0.000000000,0.000000000
SE-C01-008-A0120,SE-C01-008,DS05,santa_elena,CAMPAIGN_01,238.000000000,240.000000000,2.000000000,0.044627790,0.000000000,0.000000000
SE-C01-008-A0121,SE-C01-008,DS05,santa_elena,CAMPAIGN_01,240.000000000,242.000000000,2.000000000,0.042068381,0.000000000,0.000000000
SE-C01-008-A0122,SE-C01-008,DS05,santa_elena,CAMPAIGN_01,242.000000000,244.000000000,2.000000000,0.040262621,0.000000000,0.000000000
SE-C01-008-A0123,SE-C01-008,DS05,santa_elena,CAMPAIGN_01,244.000000000,246.000000000,2.000000000,0.047493202,0.000000000,0.000000000
SE-C01-008-A0124,SE-C01-008,DS05,santa_elena,CAMPAIGN_01,246.000000000,248.000000000,2.000000000,0.044777801,0.000000000,0.000000000
SE-C01-008-A0125,SE-C01-008,DS05,santa_elena,CAMPAIGN_01,248.000000000,250.000000000,2.000000000,0.044878611,0.000000000,0.000000000
SE-C01-008-A0126,SE-C01-008,DS05,santa_elena,CAMPAIGN_01,250.000000000,252.000000000,2.000000000,0.046497179,0.000000000,0.000000000
SE-C01-008-A0127,SE-C01-008,DS05,santa_elena,CAMPAIGN_01,252.000000000,254.000000000,2.000000000,0.046388306,0.000000000,0.000000000
SE-C01-008-A0128,SE-C01-008,DS05,santa_elena,CAMPAIGN_01,254.000000000,256.000000000,2.000000000,0.051086603,0.000000000,0.000000000
SE-C01-008-A0129,SE-C01-008,DS05,santa_elena,CAMPAIGN_01,256.000000000,258.000000000,2.000000000,0.053388574,0.000000000,0.000000000
SE-C01-008-A0130,SE-C01-008,DS05,santa_elena,CAMPAIGN_01,258.000000000,260.000000000,2.000000000,0.050762286,0.000000000,0.000000000
SE-C01-008-A0131,SE-C01-008,DS05,santa_elena,CAMPAIGN_01,260.000000000,262.000000000,2.000000000,0.049161094,0.000000000,0.000000000
SE-C01-008-A0132,SE-C01-008,DS05,santa_elena,CAMPAIGN_01,262.000000000,264.000000000,2.000000000,0.053965270,0.000000000,0.000000000
SE-C01-008-A0133,SE-C01-008,DS05,santa_elena,CAMPAIGN_01,264.000000000,266.000000000,2.000000000,0.049398243,0.000000000,0.000000000
SE-C01-008-A0134,SE-C01-008,DS05,santa_elena,CAMPAIGN_01,266.000000000,268.000000000,2.000000000,0.056604522,0.000000000,0.000000000
SE-C01-008-A0135,SE-C01-008,DS05,santa_elena,CAMPAIGN_01,268.000000000,270.000000000,2.000000000,0.057019315,0.000000000,0.000000000
SE-C01-008-A0136,SE-C01-008,DS05,santa_elena,CAMPAIGN_01,270.000000000,272.000000000,2.000000000,0.054088753,0.000000000,0.000000000
SE-C01-008-A0137,SE-C01-008,DS05,santa_elena,CAMPAIGN_01,272.000000000,274.000000000,2.000000000,0.056127375,0.000000000,0.000000000
SE-C01-008-A0138,SE-C01-008,DS05,santa_elena,CAMPAIGN_01,274.000000000,276.000000000,2.000000000,0.054122074,0.000000000,0.000000000
SE-C01-008-A0139,SE-C01-008,DS05,santa_elena,CAMPAIGN_01,276.000000000,278.000000000,2.000000000,0.051929191,0.000000000,0.000000000
SE-C01-008-A0140,SE-C01-008,DS05,santa_elena,CAMPAIGN_01,278.000000000,280.000000000,2.000000000,0.058147295,0.000000000,0.000000000
SE-C01-008-A0141,SE-C01-008,DS05,santa_elena,CAMPAIGN_01,280.000000000,282.000000000,2.000000000,0.064809801,0.000000000,0.000000000
SE-C01-008-A0142,SE-C01-008,DS05,santa_elena,CAMPAIGN_01,282.000000000,284.000000000,2.000000000,0.062346904,0.000000000,0.000000000
SE-C01-008-A0143,SE-C01-008,DS05,santa_elena,CAMPAIGN_01,284.000000000,286.000000000,2.000000000,0.064254724,0.000000000,0.000000000
SE-C01-008-A0144,SE-C01-008,DS05,santa_elena,CAMPAIGN_01,286.000000000,288.000000000,2.000000000,0.061691140,0.000000000,0.000000000
SE-C01-008-A0145,SE-C01-008,DS05,santa_elena,CAMPAIGN_01,288.000000000,290.000000000,2.000000000,0.070537250,0.000000000,0.000000000
SE-C01-008-A0146,SE-C01-008,DS05,santa_elena,CAMPAIGN_01,290.000000000,292.000000000,2.000000000,0.064328282,0.000000000,0.000000000
SE-C01-008-A0147,SE-C01-008,DS05,santa_elena,CAMPAIGN_01,292.000000000,294.000000000,2.000000000,0.065349699,0.000000000,0.000000000
SE-C01-008-A0148,SE-C01-008,DS05,santa_elena,CAMPAIGN_01,294.000000000,296.000000000,2.000000000,0.068994860,0.000000000,0.000000000
SE-C01-008-A0149,SE-C01-008,DS05,santa_elena,CAMPAIGN_01,296.000000000,298.000000000,2.000000000,0.072978704,0.000000000,0.000000000
SE-C01-008-A0150,SE-C01-008,DS05,santa_elena,CAMPAIGN_01,298.000000000,300.000000000,2.000000000,0.069596358,0.000000000,0.000000000
SE-C01-008-A0151,SE-C01-008,DS05,santa_elena,CAMPAIGN_01,300.000000000,302.000000000,2.000000000,0.072690090,0.000000000,0.000000000
SE-C01-008-A0152,SE-C01-008,DS05,santa_elena,CAMPAIGN_01,302.000000000,304.000000000,2.000000000,0.073927375,0.000000000,0.000000000
SE-C01-008-A0153,SE-C01-008,DS05,santa_elena,CAMPAIGN_01,304.000000000,306.000000000,2.000000000,0.070197055,0.000000000,0.000000000
SE-C01-008-A0154,SE-C01-008,DS05,santa_elena,CAMPAIGN_01,306.000000000,308.000000000,2.000000000,0.072401722,0.000000000,0.000000000
SE-C01-008-A0155,SE-C01-008,DS05,santa_elena,CAMPAIGN_01,308.000000000,310.000000000,2.000000000,0.073177152,0.000000000,0.000000000
SE-C01-008-A0156,SE-C01-008,DS05,santa_elena,CAMPAIGN_01,310.000000000,312.000000000,2.000000000,0.070786008,0.000000000,0.000000000
SE-C01-008-A0157,SE-C01-008,DS05,santa_elena,CAMPAIGN_01,312.000000000,314.000000000,2.000000000,0.073741293,0.000000000,0.000000000
SE-C01-008-A0158,SE-C01-008,DS05,santa_elena,CAMPAIGN_01,314.000000000,316.000000000,2.000000000,0.079460395,0.000000000,0.000000000
SE-C01-008-A0159,SE-C01-008,DS05,santa_elena,CAMPAIGN_01,316.000000000,318.000000000,2.000000000,0.080428030,0.000000000,0.000000000
SE-C01-008-A0160,SE-C01-008,DS05,santa_elena,CAMPAIGN_01,318.000000000,320.000000000,2.000000000,0.078209041,0.000000000,0.000000000
SE-C01-008-A0161,SE-C01-008,DS05,santa_elena,CAMPAIGN_01,320.000000000,322.000000000,2.000000000,0.085321567,0.000000000,0.000000000
SE-C01-008-A0162,SE-C01-008,DS05,santa_elena,CAMPAIGN_01,322.000000000,324.000000000,2.000000000,0.092240929,0.000000000,0.000000000
SE-C01-008-A0163,SE-C01-008,DS05,santa_elena,CAMPAIGN_01,324.000000000,326.000000000,2.000000000,0.088141662,0.000000000,0.000000000
SE-C01-008-A0164,SE-C01-008,DS05,santa_elena,CAMPAIGN_01,326.000000000,328.000000000,2.000000000,0.081886622,0.000000000,0.000000000
SE-C01-008-A0165,SE-C01-008,DS05,santa_elena,CAMPAIGN_01,328.000000000,330.000000000,2.000000000,0.087232878,0.000000000,0.000000000
SE-C01-008-A0166,SE-C01-008,DS05,santa_elena,CAMPAIGN_01,330.000000000,332.000000000,2.000000000,0.084455976,0.000000000,0.000000000
SE-C01-008-A0167,SE-C01-008,DS05,santa_elena,CAMPAIGN_01,332.000000000,334.000000000,2.000000000,0.086483625,0.000000000,0.000000000
SE-C01-008-A0168,SE-C01-008,DS05,santa_elena,CAMPAIGN_01,334.000000000,336.000000000,2.000000000,0.087963543,0.000000000,0.000000000
SE-C01-008-A0169,SE-C01-008,DS05,santa_elena,CAMPAIGN_01,336.000000000,338.000000000,2.000000000,0.093653013,0.000000000,0.000000000
SE-C01-008-A0170,SE-C01-008,DS05,santa_elena,CAMPAIGN_01,338.000000000,340.000000000,2.000000000,0.093712115,0.000000000,0.000000000
SE-C01-008-A0171,SE-C01-008,DS05,santa_elena,CAMPAIGN_01,340.000000000,342.000000000,2.000000000,0.083697312,0.000000000,0.000000000
SE-C01-008-A0172,SE-C01-008,DS05,santa_elena,CAMPAIGN_01,342.000000000,344.000000000,2.000000000,0.091384103,0.000000000,0.000000000
SE-C01-008-A0173,SE-C01-008,DS05,santa_elena,CAMPAIGN_01,344.000000000,346.000000000,2.000000000,0.093911927,0.000000000,0.000000000
SE-C01-008-A0174,SE-C01-008,DS05,santa_elena,CAMPAIGN_01,346.000000000,348.000000000,2.000000000,0.094740071,0.000000000,0.000000000
SE-C01-008-A0175,SE-C01-008,DS05,santa_elena,CAMPAIGN_01,348.000000000,350.000000000,2.000000000,0.087950935,0.000000000,0.000000000
SE-C01-008-A0176,SE-C01-008,DS05,santa_elena,CAMPAIGN_01,350.000000000,352.000000000,2.000000000,0.100189227,0.000000000,0.000000000
SE-C01-008-A0177,SE-C01-008,DS05,santa_elena,CAMPAIGN_01,352.000000000,354.000000000,2.000000000,0.094442162,0.000000000,0.000000000
SE-C01-008-A0178,SE-C01-008,DS05,santa_elena,CAMPAIGN_01,354.000000000,356.000000000,2.000000000,0.091383434,0.000000000,0.000000000
SE-C01-008-A0179,SE-C01-008,DS05,santa_elena,CAMPAIGN_01,356.000000000,358.000000000,2.000000000,0.103886843,0.000000000,0.000000000
SE-C01-008-A0180,SE-C01-008,DS05,santa_elena,CAMPAIGN_01,358.000000000,360.000000000,2.000000000,0.098098094,0.000000000,0.000000000
SE-C01-008-A0181,SE-C01-008,DS05,santa_elena,CAMPAIGN_01,360.000000000,362.000000000,2.000000000,0.103399399,0.000000000,0.000000000
SE-C01-008-A0182,SE-C01-008,DS05,santa_elena,CAMPAIGN_01,362.000000000,364.000000000,2.000000000,0.099313566,0.000000000,0.000000000
SE-C01-008-A0183,SE-C01-008,DS05,santa_elena,CAMPAIGN_01,364.000000000,366.000000000,2.000000000,0.099739153,0.000000000,0.000000000
SE-C01-008-A0184,SE-C01-008,DS05,santa_elena,CAMPAIGN_01,366.000000000,368.000000000,2.000000000,0.099593834,0.000000000,0.000000000
SE-C01-008-A0185,SE-C01-008,DS05,santa_elena,CAMPAIGN_01,368.000000000,370.000000000,2.000000000,0.098798537,0.000000000,0.000000000
SE-C01-008-A0186,SE-C01-008,DS05,santa_elena,CAMPAIGN_01,370.000000000,372.000000000,2.000000000,0.108249020,0.000000000,0.000000000
SE-C01-008-A0187,SE-C01-008,DS05,santa_elena,CAMPAIGN_01,372.000000000,374.000000000,2.000000000,0.097195778,0.000000000,0.000000000
SE-C01-008-A0188,SE-C01-008,DS05,santa_elena,CAMPAIGN_01,374.000000000,376.000000000,2.000000000,0.103815570,0.000000000,0.000000000
SE-C01-008-A0189,SE-C01-008,DS05,santa_elena,CAMPAIGN_01,376.000000000,378.000000000,2.000000000,0.106724299,0.000000000,0.000000000
SE-C01-008-A0190,SE-C01-008,DS05,santa_elena,CAMPAIGN_01,378.000000000,380.000000000,2.000000000,0.111926975,0.000000000,0.000000000
SE-C01-008-A0191,SE-C01-008,DS05,santa_elena,CAMPAIGN_01,380.000000000,382.000000000,2.000000000,0.107331724,0.000000000,0.000000000
SE-C01-008-A0192,SE-C01-008,DS05,santa_elena,CAMPAIGN_01,382.000000000,384.000000000,2.000000000,0.106614744,0.000000000,0.000000000
SE-C01-008-A0193,SE-C01-008,DS05,santa_elena,CAMPAIGN_01,384.000000000,386.000000000,2.000000000,0.101311405,0.000000000,0.000000000
SE-C01-008-A0194,SE-C01-008,DS05,santa_elena,CAMPAIGN_01,386.000000000,388.000000000,2.000000000,0.106925231,0.000000000,0.000000000
SE-C01-008-A0195,SE-C01-008,DS05,santa_elena,CAMPAIGN_01,388.000000000,390.000000000,2.000000000,0.103183071,0.000000000,0.000000000
SE-C01-008-A0196,SE-C01-008,DS05,santa_elena,CAMPAIGN_01,390.000000000,392.000000000,2.000000000,0.107875042,0.000000000,0.000000000
SE-C01-008-A0197,SE-C01-008,DS05,santa_elena,CAMPAIGN_01,392.000000000,394.000000000,2.000000000,0.101948816,0.000000000,0.000000000
SE-C01-008-A0198,SE-C01-008,DS05,santa_elena,CAMPAIGN_01,394.000000000,396.000000000,2.000000000,0.105742516,0.000000000,0.000000000
SE-C01-008-A0199,SE-C01-008,DS05,santa_elena,CAMPAIGN_01,396.000000000,398.000000000,2.000000000,0.109971129,0.000000000,0.000000000
SE-C01-008-A0200,SE-C01-008,DS05,santa_elena,CAMPAIGN_01,398.000000000,400.000000000,2.000000000,0.112990585,0.000000000,0.000000000
SE-C01-008-A0201,SE-C01-008,DS05,santa_elena,CAMPAIGN_01,400.000000000,402.000000000,2.000000000,0.115074384,0.000000000,0.000000000
SE-C01-008-A0202,SE-C01-008,DS05,santa_elena,CAMPAIGN_01,402.000000000,404.000000000,2.000000000,0.112746320,0.000000000,0.000000000
SE-C01-008-A0203,SE-C01-008,DS05,santa_elena,CAMPAIGN_01,404.000000000,406.000000000,2.000000000,0.110876369,0.000000000,0.000000000
SE-C01-008-A0204,SE-C01-008,DS05,santa_elena,CAMPAIGN_01,406.000000000,408.000000000,2.000000000,0.113228657,0.000000000,0.000000000
SE-C01-008-A0205,SE-C01-008,DS05,santa_elena,CAMPAIGN_01,408.000000000,410.000000000,2.000000000,0.117149693,0.000000000,0.000000000
SE-C01-008-A0206,SE-C01-008,DS05,santa_elena,CAMPAIGN_01,410.000000000,412.000000000,2.000000000,0.117163256,0.000000000,0.000000000
SE-C01-008-A0207,SE-C01-008,DS05,santa_elena,CAMPAIGN_01,412.000000000,414.000000000,2.000000000,0.109499332,0.000000000,0.000000000
SE-C01-008-A0208,SE-C01-008,DS05,santa_elena,CAMPAIGN_01,414.000000000,416.000000000,2.000000000,0.112588864,0.000000000,0.000000000
SE-C01-008-A0209,SE-C01-008,DS05,santa_elena,CAMPAIGN_01,416.000000000,418.000000000,2.000000000,0.113299047,0.000000000,0.000000000
SE-C01-008-A0210,SE-C01-008,DS05,santa_elena,CAMPAIGN_01,418.000000000,420.000000000,2.000000000,0.119590026,0.000000000,0.000000000
SE-C01-008-A0211,SE-C01-008,DS05,santa_elena,CAMPAIGN_01,420.000000000,422.000000000,2.000000000,0.106670056,0.000000000,0.000000000
SE-C01-008-A0212,SE-C01-008,DS05,santa_elena,CAMPAIGN_01,422.000000000,424.000000000,2.000000000,0.111874372,0.000000000,0.000000000
SE-C01-008-A0213,SE-C01-008,DS05,santa_elena,CAMPAIGN_01,424.000000000,426.000000000,2.000000000,0.113850624,0.000000000,0.000000000
SE-C01-008-A0214,SE-C01-008,DS05,santa_elena,CAMPAIGN_01,426.000000000,428.000000000,2.000000000,0.113987048,0.000000000,0.000000000
SE-C01-008-A0215,SE-C01-008,DS05,santa_elena,CAMPAIGN_01,428.000000000,430.000000000,2.000000000,0.106544682,0.000000000,0.000000000
SE-C01-008-A0216,SE-C01-008,DS05,santa_elena,CAMPAIGN_01,430.000000000,432.000000000,2.000000000,0.106737242,0.000000000,0.000000000
SE-C01-008-A0217,SE-C01-008,DS05,santa_elena,CAMPAIGN_01,432.000000000,434.000000000,2.000000000,0.098487413,0.000000000,0.000000000
SE-C01-008-A0218,SE-C01-008,DS05,santa_elena,CAMPAIGN_01,434.000000000,436.000000000,2.000000000,0.103292292,0.000000000,0.000000000
SE-C01-008-A0219,SE-C01-008,DS05,santa_elena,CAMPAIGN_01,436.000000000,438.000000000,2.000000000,0.107231075,0.000000000,0.000000000
SE-C01-008-A0220,SE-C01-008,DS05,santa_elena,CAMPAIGN_01,438.000000000,440.000000000,2.000000000,0.100616103,0.000000000,0.000000000
SE-C01-008-A0221,SE-C01-008,DS05,santa_elena,CAMPAIGN_01,440.000000000,442.000000000,2.000000000,0.101401597,0.000000000,0.000000000
SE-C01-008-A0222,SE-C01-008,DS05,santa_elena,CAMPAIGN_01,442.000000000,444.000000000,2.000000000,0.107449608,0.000000000,0.000000000
SE-C01-008-A0223,SE-C01-008,DS05,santa_elena,CAMPAIGN_01,444.000000000,446.000000000,2.000000000,0.110287223,0.000000000,0.000000000
SE-C01-008-A0224,SE-C01-008,DS05,santa_elena,CAMPAIGN_01,446.000000000,448.000000000,2.000000000,0.101957496,0.000000000,0.000000000
SE-C01-008-A0225,SE-C01-008,DS05,santa_elena,CAMPAIGN_01,448.000000000,450.000000000,2.000000000,0.112211760,0.000000000,0.000000000
SE-C01-008-A0226,SE-C01-008,DS05,santa_elena,CAMPAIGN_01,450.000000000,452.000000000,2.000000000,0.106196256,0.000000000,0.000000000
SE-C01-008-A0227,SE-C01-008,DS05,santa_elena,CAMPAIGN_01,452.000000000,452.607426132,0.607426132,0.106095628,0.000000000,0.000000000
SE-C01-009-A0001,SE-C01-009,DS05,santa_elena,CAMPAIGN_01,0.000000000,2.000000000,2.000000000,0.043304698,0.000000000,0.000000000
SE-C01-009-A0002,SE-C01-009,DS05,santa_elena,CAMPAIGN_01,2.000000000,4.000000000,2.000000000,0.048069891,0.000000000,0.000000000
SE-C01-009-A0003,SE-C01-009,DS05,santa_elena,CAMPAIGN_01,4.000000000,6.000000000,2.000000000,0.052888097,0.000000000,0.000000000
SE-C01-009-A0004,SE-C01-009,DS05,santa_elena,CAMPAIGN_01,6.000000000,8.000000000,2.000000000,0.047694943,0.000000000,0.000000000
SE-C01-009-A0005,SE-C01-009,DS05,santa_elena,CAMPAIGN_01,8.000000000,10.000000000,2.000000000,0.048208154,0.000000000,0.000000000
SE-C01-009-A0006,SE-C01-009,DS05,santa_elena,CAMPAIGN_01,10.000000000,12.000000000,2.000000000,0.052402793,0.000000000,0.000000000
SE-C01-009-A0007,SE-C01-009,DS05,santa_elena,CAMPAIGN_01,12.000000000,14.000000000,2.000000000,0.049826107,0.000000000,0.000000000
SE-C01-009-A0008,SE-C01-009,DS05,santa_elena,CAMPAIGN_01,14.000000000,16.000000000,2.000000000,0.053025410,0.000000000,0.000000000
SE-C01-009-A0009,SE-C01-009,DS05,santa_elena,CAMPAIGN_01,16.000000000,18.000000000,2.000000000,0.050838880,0.000000000,0.000000000
SE-C01-009-A0010,SE-C01-009,DS05,santa_elena,CAMPAIGN_01,18.000000000,20.000000000,2.000000000,0.052029724,0.000000000,0.000000000
SE-C01-009-A0011,SE-C01-009,DS05,santa_elena,CAMPAIGN_01,20.000000000,22.000000000,2.000000000,0.053644683,0.000000000,0.000000000
SE-C01-009-A0012,SE-C01-009,DS05,santa_elena,CAMPAIGN_01,22.000000000,24.000000000,2.000000000,0.051826623,0.000000000,0.000000000
SE-C01-009-A0013,SE-C01-009,DS05,santa_elena,CAMPAIGN_01,24.000000000,26.000000000,2.000000000,0.057803787,0.000000000,0.000000000
SE-C01-009-A0014,SE-C01-009,DS05,santa_elena,CAMPAIGN_01,26.000000000,28.000000000,2.000000000,0.053952015,0.000000000,0.000000000
SE-C01-009-A0015,SE-C01-009,DS05,santa_elena,CAMPAIGN_01,28.000000000,30.000000000,2.000000000,0.060193646,0.000000000,0.000000000
SE-C01-009-A0016,SE-C01-009,DS05,santa_elena,CAMPAIGN_01,30.000000000,32.000000000,2.000000000,0.055071137,0.000000000,0.000000000
SE-C01-009-A0017,SE-C01-009,DS05,santa_elena,CAMPAIGN_01,32.000000000,34.000000000,2.000000000,0.055890332,0.000000000,0.000000000
SE-C01-009-A0018,SE-C01-009,DS05,santa_elena,CAMPAIGN_01,34.000000000,36.000000000,2.000000000,0.057231230,0.000000000,0.000000000
SE-C01-009-A0019,SE-C01-009,DS05,santa_elena,CAMPAIGN_01,36.000000000,38.000000000,2.000000000,0.057167741,0.000000000,0.000000000
SE-C01-009-A0020,SE-C01-009,DS05,santa_elena,CAMPAIGN_01,38.000000000,40.000000000,2.000000000,0.059350478,0.000000000,0.000000000
SE-C01-009-A0021,SE-C01-009,DS05,santa_elena,CAMPAIGN_01,40.000000000,42.000000000,2.000000000,0.063782369,0.000000000,0.000000000
SE-C01-009-A0022,SE-C01-009,DS05,santa_elena,CAMPAIGN_01,42.000000000,44.000000000,2.000000000,0.063450877,0.000000000,0.000000000
SE-C01-009-A0023,SE-C01-009,DS05,santa_elena,CAMPAIGN_01,44.000000000,46.000000000,2.000000000,0.063750678,0.000000000,0.000000000
SE-C01-009-A0024,SE-C01-009,DS05,santa_elena,CAMPAIGN_01,46.000000000,48.000000000,2.000000000,0.063096380,0.000000000,0.000000000
SE-C01-009-A0025,SE-C01-009,DS05,santa_elena,CAMPAIGN_01,48.000000000,50.000000000,2.000000000,0.065712291,0.000000000,0.000000000
SE-C01-009-A0026,SE-C01-009,DS05,santa_elena,CAMPAIGN_01,50.000000000,52.000000000,2.000000000,0.064945508,0.000000000,0.000000000
SE-C01-009-A0027,SE-C01-009,DS05,santa_elena,CAMPAIGN_01,52.000000000,54.000000000,2.000000000,0.071352126,0.000000000,0.000000000
SE-C01-009-A0028,SE-C01-009,DS05,santa_elena,CAMPAIGN_01,54.000000000,56.000000000,2.000000000,0.064287703,0.000000000,0.000000000
SE-C01-009-A0029,SE-C01-009,DS05,santa_elena,CAMPAIGN_01,56.000000000,58.000000000,2.000000000,0.068370964,0.000000000,0.000000000
SE-C01-009-A0030,SE-C01-009,DS05,santa_elena,CAMPAIGN_01,58.000000000,60.000000000,2.000000000,0.068274675,0.000000000,0.000000000
SE-C01-009-A0031,SE-C01-009,DS05,santa_elena,CAMPAIGN_01,60.000000000,62.000000000,2.000000000,0.066287228,0.000000000,0.000000000
SE-C01-009-A0032,SE-C01-009,DS05,santa_elena,CAMPAIGN_01,62.000000000,64.000000000,2.000000000,0.059624604,0.000000000,0.000000000
SE-C01-009-A0033,SE-C01-009,DS05,santa_elena,CAMPAIGN_01,64.000000000,66.000000000,2.000000000,0.065765856,0.000000000,0.000000000
SE-C01-009-A0034,SE-C01-009,DS05,santa_elena,CAMPAIGN_01,66.000000000,68.000000000,2.000000000,0.066367597,0.000000000,0.000000000
SE-C01-009-A0035,SE-C01-009,DS05,santa_elena,CAMPAIGN_01,68.000000000,70.000000000,2.000000000,0.068730096,0.000000000,0.000000000
SE-C01-009-A0036,SE-C01-009,DS05,santa_elena,CAMPAIGN_01,70.000000000,72.000000000,2.000000000,0.066360300,0.000000000,0.000000000
SE-C01-009-A0037,SE-C01-009,DS05,santa_elena,CAMPAIGN_01,72.000000000,74.000000000,2.000000000,0.070881051,0.000000000,0.000000000
SE-C01-009-A0038,SE-C01-009,DS05,santa_elena,CAMPAIGN_01,74.000000000,76.000000000,2.000000000,0.069292546,0.000000000,0.000000000
SE-C01-009-A0039,SE-C01-009,DS05,santa_elena,CAMPAIGN_01,76.000000000,78.000000000,2.000000000,0.074149262,0.000000000,0.000000000
SE-C01-009-A0040,SE-C01-009,DS05,santa_elena,CAMPAIGN_01,78.000000000,80.000000000,2.000000000,0.067255752,0.000000000,0.000000000
SE-C01-009-A0041,SE-C01-009,DS05,santa_elena,CAMPAIGN_01,80.000000000,82.000000000,2.000000000,0.067699463,0.000000000,0.000000000
SE-C01-009-A0042,SE-C01-009,DS05,santa_elena,CAMPAIGN_01,82.000000000,84.000000000,2.000000000,0.064482403,0.000000000,0.000000000
SE-C01-009-A0043,SE-C01-009,DS05,santa_elena,CAMPAIGN_01,84.000000000,86.000000000,2.000000000,0.070112025,0.000000000,0.000000000
SE-C01-009-A0044,SE-C01-009,DS05,santa_elena,CAMPAIGN_01,86.000000000,88.000000000,2.000000000,0.070272867,0.000000000,0.000000000
SE-C01-009-A0045,SE-C01-009,DS05,santa_elena,CAMPAIGN_01,88.000000000,90.000000000,2.000000000,0.066070388,0.000000000,0.000000000
SE-C01-009-A0046,SE-C01-009,DS05,santa_elena,CAMPAIGN_01,90.000000000,92.000000000,2.000000000,0.069371064,0.000000000,0.000000000
SE-C01-009-A0047,SE-C01-009,DS05,santa_elena,CAMPAIGN_01,92.000000000,94.000000000,2.000000000,0.074725452,0.000000000,0.000000000
SE-C01-009-A0048,SE-C01-009,DS05,santa_elena,CAMPAIGN_01,94.000000000,96.000000000,2.000000000,0.068743423,0.000000000,0.000000000
SE-C01-009-A0049,SE-C01-009,DS05,santa_elena,CAMPAIGN_01,96.000000000,98.000000000,2.000000000,0.068195695,0.000000000,0.000000000
SE-C01-009-A0050,SE-C01-009,DS05,santa_elena,CAMPAIGN_01,98.000000000,100.000000000,2.000000000,0.075050452,0.000000000,0.000000000
SE-C01-009-A0051,SE-C01-009,DS05,santa_elena,CAMPAIGN_01,100.000000000,102.000000000,2.000000000,0.069998176,0.000000000,0.000000000
SE-C01-009-A0052,SE-C01-009,DS05,santa_elena,CAMPAIGN_01,102.000000000,104.000000000,2.000000000,0.076061466,0.000000000,0.000000000
SE-C01-009-A0053,SE-C01-009,DS05,santa_elena,CAMPAIGN_01,104.000000000,106.000000000,2.000000000,0.076739363,0.000000000,0.000000000
SE-C01-009-A0054,SE-C01-009,DS05,santa_elena,CAMPAIGN_01,106.000000000,108.000000000,2.000000000,0.076074829,0.000000000,0.000000000
SE-C01-009-A0055,SE-C01-009,DS05,santa_elena,CAMPAIGN_01,108.000000000,110.000000000,2.000000000,0.078589943,0.000000000,0.000000000
SE-C01-009-A0056,SE-C01-009,DS05,santa_elena,CAMPAIGN_01,110.000000000,112.000000000,2.000000000,0.077766560,0.000000000,0.000000000
SE-C01-009-A0057,SE-C01-009,DS05,santa_elena,CAMPAIGN_01,112.000000000,114.000000000,2.000000000,0.070813560,0.000000000,0.000000000
SE-C01-009-A0058,SE-C01-009,DS05,santa_elena,CAMPAIGN_01,114.000000000,116.000000000,2.000000000,0.070335942,0.000000000,0.000000000
SE-C01-009-A0059,SE-C01-009,DS05,santa_elena,CAMPAIGN_01,116.000000000,118.000000000,2.000000000,0.073479819,0.000000000,0.000000000
SE-C01-009-A0060,SE-C01-009,DS05,santa_elena,CAMPAIGN_01,118.000000000,120.000000000,2.000000000,0.074321926,0.000000000,0.000000000
SE-C01-009-A0061,SE-C01-009,DS05,santa_elena,CAMPAIGN_01,120.000000000,122.000000000,2.000000000,0.079398487,0.000000000,0.000000000
SE-C01-009-A0062,SE-C01-009,DS05,santa_elena,CAMPAIGN_01,122.000000000,124.000000000,2.000000000,0.071396889,0.000000000,0.000000000
SE-C01-009-A0063,SE-C01-009,DS05,santa_elena,CAMPAIGN_01,124.000000000,126.000000000,2.000000000,0.077566658,0.000000000,0.000000000
SE-C01-009-A0064,SE-C01-009,DS05,santa_elena,CAMPAIGN_01,126.000000000,128.000000000,2.000000000,0.078413530,0.000000000,0.000000000
SE-C01-009-A0065,SE-C01-009,DS05,santa_elena,CAMPAIGN_01,128.000000000,130.000000000,2.000000000,0.077586164,0.000000000,0.000000000
SE-C01-009-A0066,SE-C01-009,DS05,santa_elena,CAMPAIGN_01,130.000000000,132.000000000,2.000000000,0.070753414,0.000000000,0.000000000
SE-C01-009-A0067,SE-C01-009,DS05,santa_elena,CAMPAIGN_01,132.000000000,134.000000000,2.000000000,0.071540818,0.000000000,0.000000000
SE-C01-009-A0068,SE-C01-009,DS05,santa_elena,CAMPAIGN_01,134.000000000,136.000000000,2.000000000,0.079312407,0.000000000,0.000000000
SE-C01-009-A0069,SE-C01-009,DS05,santa_elena,CAMPAIGN_01,136.000000000,138.000000000,2.000000000,0.072048451,0.000000000,0.000000000
SE-C01-009-A0070,SE-C01-009,DS05,santa_elena,CAMPAIGN_01,138.000000000,140.000000000,2.000000000,0.076236359,0.000000000,0.000000000
SE-C01-009-A0071,SE-C01-009,DS05,santa_elena,CAMPAIGN_01,140.000000000,142.000000000,2.000000000,0.074110946,0.000000000,0.000000000
SE-C01-009-A0072,SE-C01-009,DS05,santa_elena,CAMPAIGN_01,142.000000000,144.000000000,2.000000000,0.079829617,0.000000000,0.000000000
SE-C01-009-A0073,SE-C01-009,DS05,santa_elena,CAMPAIGN_01,144.000000000,146.000000000,2.000000000,0.074405259,0.000000000,0.000000000
SE-C01-009-A0074,SE-C01-009,DS05,santa_elena,CAMPAIGN_01,146.000000000,148.000000000,2.000000000,0.076205442,0.000000000,0.000000000
SE-C01-009-A0075,SE-C01-009,DS05,santa_elena,CAMPAIGN_01,148.000000000,150.000000000,2.000000000,0.072916191,0.000000000,0.000000000
SE-C01-009-A0076,SE-C01-009,DS05,santa_elena,CAMPAIGN_01,150.000000000,152.000000000,2.000000000,0.074974527,0.000000000,0.000000000
SE-C01-009-A0077,SE-C01-009,DS05,santa_elena,CAMPAIGN_01,152.000000000,154.000000000,2.000000000,0.071749478,0.000000000,0.000000000
SE-C01-009-A0078,SE-C01-009,DS05,santa_elena,CAMPAIGN_01,154.000000000,156.000000000,2.000000000,0.070646527,0.000000000,0.000000000
SE-C01-009-A0079,SE-C01-009,DS05,santa_elena,CAMPAIGN_01,156.000000000,158.000000000,2.000000000,0.072872297,0.000000000,0.000000000
SE-C01-009-A0080,SE-C01-009,DS05,santa_elena,CAMPAIGN_01,158.000000000,160.000000000,2.000000000,0.074511589,0.000000000,0.000000000
SE-C01-009-A0081,SE-C01-009,DS05,santa_elena,CAMPAIGN_01,160.000000000,162.000000000,2.000000000,0.065762492,0.000000000,0.000000000
SE-C01-009-A0082,SE-C01-009,DS05,santa_elena,CAMPAIGN_01,162.000000000,164.000000000,2.000000000,0.067079389,0.000000000,0.000000000
SE-C01-009-A0083,SE-C01-009,DS05,santa_elena,CAMPAIGN_01,164.000000000,166.000000000,2.000000000,0.072876577,0.000000000,0.000000000
SE-C01-009-A0084,SE-C01-009,DS05,santa_elena,CAMPAIGN_01,166.000000000,168.000000000,2.000000000,0.072358105,0.000000000,0.000000000
SE-C01-009-A0085,SE-C01-009,DS05,santa_elena,CAMPAIGN_01,168.000000000,170.000000000,2.000000000,0.069306960,0.000000000,0.000000000
SE-C01-009-A0086,SE-C01-009,DS05,santa_elena,CAMPAIGN_01,170.000000000,172.000000000,2.000000000,0.076492995,0.000000000,0.000000000
SE-C01-009-A0087,SE-C01-009,DS05,santa_elena,CAMPAIGN_01,172.000000000,174.000000000,2.000000000,0.067555245,0.000000000,0.000000000
SE-C01-009-A0088,SE-C01-009,DS05,santa_elena,CAMPAIGN_01,174.000000000,176.000000000,2.000000000,0.068538791,0.000000000,0.000000000
SE-C01-009-A0089,SE-C01-009,DS05,santa_elena,CAMPAIGN_01,176.000000000,178.000000000,2.000000000,0.065088534,0.000000000,0.000000000
SE-C01-009-A0090,SE-C01-009,DS05,santa_elena,CAMPAIGN_01,178.000000000,180.000000000,2.000000000,0.070500814,0.000000000,0.000000000
SE-C01-009-A0091,SE-C01-009,DS05,santa_elena,CAMPAIGN_01,180.000000000,182.000000000,2.000000000,0.075545737,0.000000000,0.000000000
SE-C01-009-A0092,SE-C01-009,DS05,santa_elena,CAMPAIGN_01,182.000000000,184.000000000,2.000000000,0.070337462,0.000000000,0.000000000
SE-C01-009-A0093,SE-C01-009,DS05,santa_elena,CAMPAIGN_01,184.000000000,186.000000000,2.000000000,0.064905875,0.000000000,0.000000000
SE-C01-009-A0094,SE-C01-009,DS05,santa_elena,CAMPAIGN_01,186.000000000,188.000000000,2.000000000,0.070522794,0.000000000,0.000000000
SE-C01-009-A0095,SE-C01-009,DS05,santa_elena,CAMPAIGN_01,188.000000000,190.000000000,2.000000000,0.065555096,0.000000000,0.000000000
SE-C01-009-A0096,SE-C01-009,DS05,santa_elena,CAMPAIGN_01,190.000000000,192.000000000,2.000000000,0.066720427,0.000000000,0.000000000
SE-C01-009-A0097,SE-C01-009,DS05,santa_elena,CAMPAIGN_01,192.000000000,194.000000000,2.000000000,0.067518685,0.000000000,0.000000000
SE-C01-009-A0098,SE-C01-009,DS05,santa_elena,CAMPAIGN_01,194.000000000,196.000000000,2.000000000,0.065208595,0.000000000,0.000000000
SE-C01-009-A0099,SE-C01-009,DS05,santa_elena,CAMPAIGN_01,196.000000000,198.000000000,2.000000000,0.069346266,0.000000000,0.000000000
SE-C01-009-A0100,SE-C01-009,DS05,santa_elena,CAMPAIGN_01,198.000000000,200.000000000,2.000000000,0.069692432,0.000000000,0.000000000
SE-C01-009-A0101,SE-C01-009,DS05,santa_elena,CAMPAIGN_01,200.000000000,202.000000000,2.000000000,0.064818381,0.000000000,0.000000000
SE-C01-009-A0102,SE-C01-009,DS05,santa_elena,CAMPAIGN_01,202.000000000,204.000000000,2.000000000,0.066037593,0.000000000,0.000000000
SE-C01-009-A0103,SE-C01-009,DS05,santa_elena,CAMPAIGN_01,204.000000000,206.000000000,2.000000000,0.065775750,0.000000000,0.000000000
SE-C01-009-A0104,SE-C01-009,DS05,santa_elena,CAMPAIGN_01,206.000000000,208.000000000,2.000000000,0.058228018,0.000000000,0.000000000
SE-C01-009-A0105,SE-C01-009,DS05,santa_elena,CAMPAIGN_01,208.000000000,210.000000000,2.000000000,0.054558084,0.000000000,0.000000000
SE-C01-010-A0001,SE-C01-010,DS05,santa_elena,CAMPAIGN_01,0.000000000,2.000000000,2.000000000,0.194483692,0.000000000,0.000000000
SE-C01-010-A0002,SE-C01-010,DS05,santa_elena,CAMPAIGN_01,2.000000000,4.000000000,2.000000000,0.193717091,0.000000000,0.000000000
SE-C01-010-A0003,SE-C01-010,DS05,santa_elena,CAMPAIGN_01,4.000000000,6.000000000,2.000000000,0.197790624,0.000000000,0.000000000
SE-C01-010-A0004,SE-C01-010,DS05,santa_elena,CAMPAIGN_01,6.000000000,8.000000000,2.000000000,0.195951213,0.000000000,0.000000000
SE-C01-010-A0005,SE-C01-010,DS05,santa_elena,CAMPAIGN_01,8.000000000,10.000000000,2.000000000,0.198619643,0.000000000,0.000000000
SE-C01-010-A0006,SE-C01-010,DS05,santa_elena,CAMPAIGN_01,10.000000000,12.000000000,2.000000000,0.192596669,0.000000000,0.000000000
SE-C01-010-A0007,SE-C01-010,DS05,santa_elena,CAMPAIGN_01,12.000000000,14.000000000,2.000000000,0.212950768,0.000000000,0.000000000
SE-C01-010-A0008,SE-C01-010,DS05,santa_elena,CAMPAIGN_01,14.000000000,16.000000000,2.000000000,0.217011657,0.000000000,0.000000000
SE-C01-010-A0009,SE-C01-010,DS05,santa_elena,CAMPAIGN_01,16.000000000,18.000000000,2.000000000,0.227649767,0.000000000,0.000000000
SE-C01-010-A0010,SE-C01-010,DS05,santa_elena,CAMPAIGN_01,18.000000000,20.000000000,2.000000000,0.239952449,0.000000000,0.000000000
SE-C01-010-A0011,SE-C01-010,DS05,santa_elena,CAMPAIGN_01,20.000000000,22.000000000,2.000000000,0.228826585,0.000000000,0.000000000
SE-C01-010-A0012,SE-C01-010,DS05,santa_elena,CAMPAIGN_01,22.000000000,24.000000000,2.000000000,0.259796213,0.000000000,0.000000000
SE-C01-010-A0013,SE-C01-010,DS05,santa_elena,CAMPAIGN_01,24.000000000,26.000000000,2.000000000,0.241770366,0.000000000,0.000000000
SE-C01-010-A0014,SE-C01-010,DS05,santa_elena,CAMPAIGN_01,26.000000000,28.000000000,2.000000000,0.253184580,0.000000000,0.000000000
SE-C01-010-A0015,SE-C01-010,DS05,santa_elena,CAMPAIGN_01,28.000000000,30.000000000,2.000000000,0.251748616,0.000000000,0.000000000
SE-C01-010-A0016,SE-C01-010,DS05,santa_elena,CAMPAIGN_01,30.000000000,32.000000000,2.000000000,0.262065545,0.000000000,0.000000000
SE-C01-010-A0017,SE-C01-010,DS05,santa_elena,CAMPAIGN_01,32.000000000,34.000000000,2.000000000,0.265478819,0.000000000,0.000000000
SE-C01-010-A0018,SE-C01-010,DS05,santa_elena,CAMPAIGN_01,34.000000000,36.000000000,2.000000000,0.273967718,0.000000000,0.000000000
SE-C01-010-A0019,SE-C01-010,DS05,santa_elena,CAMPAIGN_01,36.000000000,38.000000000,2.000000000,0.262942602,0.000000000,0.000000000
SE-C01-010-A0020,SE-C01-010,DS05,santa_elena,CAMPAIGN_01,38.000000000,40.000000000,2.000000000,0.274452511,0.000000000,0.000000000
SE-C01-010-A0021,SE-C01-010,DS05,santa_elena,CAMPAIGN_01,40.000000000,42.000000000,2.000000000,0.287283776,0.000000000,0.000000000
SE-C01-010-A0022,SE-C01-010,DS05,santa_elena,CAMPAIGN_01,42.000000000,44.000000000,2.000000000,0.282873782,0.000000000,0.000000000
SE-C01-010-A0023,SE-C01-010,DS05,santa_elena,CAMPAIGN_01,44.000000000,46.000000000,2.000000000,0.300050520,0.000000000,0.000000000
SE-C01-010-A0024,SE-C01-010,DS05,santa_elena,CAMPAIGN_01,46.000000000,48.000000000,2.000000000,0.253515354,0.000000000,0.000000000
SE-C01-010-A0025,SE-C01-010,DS05,santa_elena,CAMPAIGN_01,48.000000000,50.000000000,2.000000000,0.291226705,0.000000000,0.000000000
SE-C01-010-A0026,SE-C01-010,DS05,santa_elena,CAMPAIGN_01,50.000000000,52.000000000,2.000000000,0.309896348,0.000000000,0.000000000
SE-C01-010-A0027,SE-C01-010,DS05,santa_elena,CAMPAIGN_01,52.000000000,54.000000000,2.000000000,0.324057991,0.000000000,0.000000000
SE-C01-010-A0028,SE-C01-010,DS05,santa_elena,CAMPAIGN_01,54.000000000,56.000000000,2.000000000,0.290179095,0.000000000,0.000000000
SE-C01-010-A0029,SE-C01-010,DS05,santa_elena,CAMPAIGN_01,56.000000000,58.000000000,2.000000000,0.313569203,0.000000000,0.000000000
SE-C01-010-A0030,SE-C01-010,DS05,santa_elena,CAMPAIGN_01,58.000000000,60.000000000,2.000000000,0.309987831,0.000000000,0.000000000
SE-C01-010-A0031,SE-C01-010,DS05,santa_elena,CAMPAIGN_01,60.000000000,62.000000000,2.000000000,0.339669139,0.000000000,0.000000000
SE-C01-010-A0032,SE-C01-010,DS05,santa_elena,CAMPAIGN_01,62.000000000,64.000000000,2.000000000,0.328646561,0.000000000,0.000000000
SE-C01-010-A0033,SE-C01-010,DS05,santa_elena,CAMPAIGN_01,64.000000000,66.000000000,2.000000000,0.336608739,0.000000000,0.000000000
SE-C01-010-A0034,SE-C01-010,DS05,santa_elena,CAMPAIGN_01,66.000000000,68.000000000,2.000000000,0.330923488,0.000000000,0.000000000
SE-C01-010-A0035,SE-C01-010,DS05,santa_elena,CAMPAIGN_01,68.000000000,70.000000000,2.000000000,0.367664965,0.000000000,0.000000000
SE-C01-010-A0036,SE-C01-010,DS05,santa_elena,CAMPAIGN_01,70.000000000,72.000000000,2.000000000,0.360977613,0.000000000,0.000000000
SE-C01-010-A0037,SE-C01-010,DS05,santa_elena,CAMPAIGN_01,72.000000000,74.000000000,2.000000000,0.359209592,0.000000000,0.000000000
SE-C01-010-A0038,SE-C01-010,DS05,santa_elena,CAMPAIGN_01,74.000000000,76.000000000,2.000000000,0.349007948,0.000000000,0.000000000
SE-C01-010-A0039,SE-C01-010,DS05,santa_elena,CAMPAIGN_01,76.000000000,78.000000000,2.000000000,0.373326877,0.000000000,0.000000000
SE-C01-010-A0040,SE-C01-010,DS05,santa_elena,CAMPAIGN_01,78.000000000,80.000000000,2.000000000,0.380692922,0.000000000,0.000000000
SE-C01-010-A0041,SE-C01-010,DS05,santa_elena,CAMPAIGN_01,80.000000000,82.000000000,2.000000000,0.359551958,0.000000000,0.000000000
SE-C01-010-A0042,SE-C01-010,DS05,santa_elena,CAMPAIGN_01,82.000000000,84.000000000,2.000000000,0.361518124,0.000000000,0.000000000
SE-C01-010-A0043,SE-C01-010,DS05,santa_elena,CAMPAIGN_01,84.000000000,86.000000000,2.000000000,0.358292979,0.000000000,0.000000000
SE-C01-010-A0044,SE-C01-010,DS05,santa_elena,CAMPAIGN_01,86.000000000,88.000000000,2.000000000,0.376610665,0.000000000,0.000000000
SE-C01-010-A0045,SE-C01-010,DS05,santa_elena,CAMPAIGN_01,88.000000000,90.000000000,2.000000000,0.410438407,0.000000000,0.000000000
SE-C01-010-A0046,SE-C01-010,DS05,santa_elena,CAMPAIGN_01,90.000000000,92.000000000,2.000000000,0.408429570,0.000000000,0.000000000
SE-C01-010-A0047,SE-C01-010,DS05,santa_elena,CAMPAIGN_01,92.000000000,94.000000000,2.000000000,0.395543477,0.000000000,0.000000000
SE-C01-010-A0048,SE-C01-010,DS05,santa_elena,CAMPAIGN_01,94.000000000,96.000000000,2.000000000,0.416081868,0.000000000,0.000000000
SE-C01-010-A0049,SE-C01-010,DS05,santa_elena,CAMPAIGN_01,96.000000000,98.000000000,2.000000000,0.388242364,0.000000000,0.000000000
SE-C01-010-A0050,SE-C01-010,DS05,santa_elena,CAMPAIGN_01,98.000000000,100.000000000,2.000000000,0.425297777,0.000000000,0.000000000
SE-C01-010-A0051,SE-C01-010,DS05,santa_elena,CAMPAIGN_01,100.000000000,102.000000000,2.000000000,0.429124381,0.000000000,0.000000000
SE-C01-010-A0052,SE-C01-010,DS05,santa_elena,CAMPAIGN_01,102.000000000,104.000000000,2.000000000,0.420336722,0.000000000,0.000000000
SE-C01-010-A0053,SE-C01-010,DS05,santa_elena,CAMPAIGN_01,104.000000000,106.000000000,2.000000000,0.403410338,0.000000000,0.000000000
SE-C01-010-A0054,SE-C01-010,DS05,santa_elena,CAMPAIGN_01,106.000000000,108.000000000,2.000000000,0.435283486,0.000000000,0.000000000
SE-C01-010-A0055,SE-C01-010,DS05,santa_elena,CAMPAIGN_01,108.000000000,110.000000000,2.000000000,0.416002167,0.000000000,0.000000000
SE-C01-010-A0056,SE-C01-010,DS05,santa_elena,CAMPAIGN_01,110.000000000,112.000000000,2.000000000,0.411386446,0.000000000,0.000000000
SE-C01-010-A0057,SE-C01-010,DS05,santa_elena,CAMPAIGN_01,112.000000000,114.000000000,2.000000000,0.416987560,0.000000000,0.000000000
SE-C01-010-A0058,SE-C01-010,DS05,santa_elena,CAMPAIGN_01,114.000000000,116.000000000,2.000000000,0.435535917,0.000000000,0.000000000
SE-C01-010-A0059,SE-C01-010,DS05,santa_elena,CAMPAIGN_01,116.000000000,118.000000000,2.000000000,0.433167073,0.000000000,0.000000000
SE-C01-010-A0060,SE-C01-010,DS05,santa_elena,CAMPAIGN_01,118.000000000,120.000000000,2.000000000,0.458786112,0.000000000,0.000000000
SE-C01-010-A0061,SE-C01-010,DS05,santa_elena,CAMPAIGN_01,120.000000000,122.000000000,2.000000000,0.483187980,0.000000000,0.000000000
SE-C01-010-A0062,SE-C01-010,DS05,santa_elena,CAMPAIGN_01,122.000000000,124.000000000,2.000000000,0.406708180,0.000000000,0.000000000
SE-C01-010-A0063,SE-C01-010,DS05,santa_elena,CAMPAIGN_01,124.000000000,126.000000000,2.000000000,0.406523735,0.000000000,0.000000000
SE-C01-010-A0064,SE-C01-010,DS05,santa_elena,CAMPAIGN_01,126.000000000,128.000000000,2.000000000,0.458645950,0.000000000,0.000000000
SE-C01-010-A0065,SE-C01-010,DS05,santa_elena,CAMPAIGN_01,128.000000000,130.000000000,2.000000000,0.428030084,0.000000000,0.000000000
SE-C01-010-A0066,SE-C01-010,DS05,santa_elena,CAMPAIGN_01,130.000000000,132.000000000,2.000000000,0.452192910,0.000000000,0.000000000
SE-C01-010-A0067,SE-C01-010,DS05,santa_elena,CAMPAIGN_01,132.000000000,134.000000000,2.000000000,0.467098663,0.000000000,0.000000000
SE-C01-010-A0068,SE-C01-010,DS05,santa_elena,CAMPAIGN_01,134.000000000,136.000000000,2.000000000,0.455429591,0.000000000,0.000000000
SE-C01-010-A0069,SE-C01-010,DS05,santa_elena,CAMPAIGN_01,136.000000000,138.000000000,2.000000000,0.472242757,0.000000000,0.000000000
SE-C01-010-A0070,SE-C01-010,DS05,santa_elena,CAMPAIGN_01,138.000000000,140.000000000,2.000000000,0.451332114,0.000000000,0.000000000
SE-C01-010-A0071,SE-C01-010,DS05,santa_elena,CAMPAIGN_01,140.000000000,142.000000000,2.000000000,0.450656381,0.000000000,0.000000000
SE-C01-010-A0072,SE-C01-010,DS05,santa_elena,CAMPAIGN_01,142.000000000,144.000000000,2.000000000,0.451358171,0.000000000,0.000000000
SE-C01-010-A0073,SE-C01-010,DS05,santa_elena,CAMPAIGN_01,144.000000000,146.000000000,2.000000000,0.468806854,0.000000000,0.000000000
SE-C01-010-A0074,SE-C01-010,DS05,santa_elena,CAMPAIGN_01,146.000000000,148.000000000,2.000000000,0.462779487,0.000000000,0.000000000
SE-C01-010-A0075,SE-C01-010,DS05,santa_elena,CAMPAIGN_01,148.000000000,150.000000000,2.000000000,0.473503874,0.000000000,0.000000000
SE-C01-010-A0076,SE-C01-010,DS05,santa_elena,CAMPAIGN_01,150.000000000,152.000000000,2.000000000,0.447442465,0.000000000,0.000000000
SE-C01-010-A0077,SE-C01-010,DS05,santa_elena,CAMPAIGN_01,152.000000000,154.000000000,2.000000000,0.455856218,0.000000000,0.000000000
SE-C01-010-A0078,SE-C01-010,DS05,santa_elena,CAMPAIGN_01,154.000000000,156.000000000,2.000000000,0.480676790,0.000000000,0.000000000
SE-C01-010-A0079,SE-C01-010,DS05,santa_elena,CAMPAIGN_01,156.000000000,158.000000000,2.000000000,0.475326186,0.000000000,0.000000000
SE-C01-010-A0080,SE-C01-010,DS05,santa_elena,CAMPAIGN_01,158.000000000,160.000000000,2.000000000,0.465614409,0.000000000,0.000000000
SE-C01-010-A0081,SE-C01-010,DS05,santa_elena,CAMPAIGN_01,160.000000000,162.000000000,2.000000000,0.442172708,0.000000000,0.000000000
SE-C01-010-A0082,SE-C01-010,DS05,santa_elena,CAMPAIGN_01,162.000000000,164.000000000,2.000000000,0.485199598,0.000000000,0.000000000
SE-C01-010-A0083,SE-C01-010,DS05,santa_elena,CAMPAIGN_01,164.000000000,166.000000000,2.000000000,0.463779677,0.000000000,0.000000000
SE-C01-010-A0084,SE-C01-010,DS05,santa_elena,CAMPAIGN_01,166.000000000,168.000000000,2.000000000,0.462984503,0.000000000,0.000000000
SE-C01-010-A0085,SE-C01-010,DS05,santa_elena,CAMPAIGN_01,168.000000000,170.000000000,2.000000000,0.476123825,0.000000000,0.000000000
SE-C01-010-A0086,SE-C01-010,DS05,santa_elena,CAMPAIGN_01,170.000000000,172.000000000,2.000000000,0.454304254,0.000000000,0.000000000
SE-C01-010-A0087,SE-C01-010,DS05,santa_elena,CAMPAIGN_01,172.000000000,174.000000000,2.000000000,0.473057976,0.000000000,0.000000000
SE-C01-010-A0088,SE-C01-010,DS05,santa_elena,CAMPAIGN_01,174.000000000,176.000000000,2.000000000,0.484371441,0.000000000,0.000000000
SE-C01-010-A0089,SE-C01-010,DS05,santa_elena,CAMPAIGN_01,176.000000000,178.000000000,2.000000000,0.409282231,0.000000000,0.000000000
SE-C01-010-A0090,SE-C01-010,DS05,santa_elena,CAMPAIGN_01,178.000000000,180.000000000,2.000000000,0.476699306,0.000000000,0.000000000
SE-C01-010-A0091,SE-C01-010,DS05,santa_elena,CAMPAIGN_01,180.000000000,182.000000000,2.000000000,0.438503087,0.000000000,0.000000000
SE-C01-010-A0092,SE-C01-010,DS05,santa_elena,CAMPAIGN_01,182.000000000,184.000000000,2.000000000,0.449584951,0.000000000,0.000000000
SE-C01-010-A0093,SE-C01-010,DS05,santa_elena,CAMPAIGN_01,184.000000000,186.000000000,2.000000000,0.442640442,0.000000000,0.000000000
SE-C01-010-A0094,SE-C01-010,DS05,santa_elena,CAMPAIGN_01,186.000000000,188.000000000,2.000000000,0.470520446,0.000000000,0.000000000
SE-C01-010-A0095,SE-C01-010,DS05,santa_elena,CAMPAIGN_01,188.000000000,190.000000000,2.000000000,0.455629040,0.000000000,0.000000000
SE-C01-010-A0096,SE-C01-010,DS05,santa_elena,CAMPAIGN_01,190.000000000,192.000000000,2.000000000,0.432847089,0.000000000,0.000000000
SE-C01-010-A0097,SE-C01-010,DS05,santa_elena,CAMPAIGN_01,192.000000000,194.000000000,2.000000000,0.422034010,0.000000000,0.000000000
SE-C01-010-A0098,SE-C01-010,DS05,santa_elena,CAMPAIGN_01,194.000000000,196.000000000,2.000000000,0.427839452,0.000000000,0.000000000
SE-C01-010-A0099,SE-C01-010,DS05,santa_elena,CAMPAIGN_01,196.000000000,198.000000000,2.000000000,0.418700181,0.000000000,0.000000000
SE-C01-010-A0100,SE-C01-010,DS05,santa_elena,CAMPAIGN_01,198.000000000,200.000000000,2.000000000,0.424998045,0.000000000,0.000000000
SE-C01-010-A0101,SE-C01-010,DS05,santa_elena,CAMPAIGN_01,200.000000000,202.000000000,2.000000000,0.421806716,0.000000000,0.000000000
SE-C01-010-A0102,SE-C01-010,DS05,santa_elena,CAMPAIGN_01,202.000000000,204.000000000,2.000000000,0.421603305,0.000000000,0.000000000
SE-C01-010-A0103,SE-C01-010,DS05,santa_elena,CAMPAIGN_01,204.000000000,206.000000000,2.000000000,0.439469403,0.000000000,0.000000000
SE-C01-010-A0104,SE-C01-010,DS05,santa_elena,CAMPAIGN_01,206.000000000,208.000000000,2.000000000,0.386237337,0.000000000,0.000000000
SE-C01-010-A0105,SE-C01-010,DS05,santa_elena,CAMPAIGN_01,208.000000000,210.000000000,2.000000000,0.435473301,0.000000000,0.000000000
SE-C01-011-A0001,SE-C01-011,DS05,santa_elena,CAMPAIGN_01,0.000000000,2.000000000,2.000000000,0.144685870,0.000000000,0.000000000
SE-C01-011-A0002,SE-C01-011,DS05,santa_elena,CAMPAIGN_01,2.000000000,4.000000000,2.000000000,0.146892852,0.000000000,0.000000000
SE-C01-011-A0003,SE-C01-011,DS05,santa_elena,CAMPAIGN_01,4.000000000,6.000000000,2.000000000,0.155833116,0.000000000,0.000000000
SE-C01-011-A0004,SE-C01-011,DS05,santa_elena,CAMPAIGN_01,6.000000000,8.000000000,2.000000000,0.158826165,0.000000000,0.000000000
SE-C01-011-A0005,SE-C01-011,DS05,santa_elena,CAMPAIGN_01,8.000000000,10.000000000,2.000000000,0.176489520,0.000000000,0.000000000
SE-C01-011-A0006,SE-C01-011,DS05,santa_elena,CAMPAIGN_01,10.000000000,12.000000000,2.000000000,0.166066693,0.000000000,0.000000000
SE-C01-011-A0007,SE-C01-011,DS05,santa_elena,CAMPAIGN_01,12.000000000,14.000000000,2.000000000,0.169608727,0.000000000,0.000000000
SE-C01-011-A0008,SE-C01-011,DS05,santa_elena,CAMPAIGN_01,14.000000000,16.000000000,2.000000000,0.167913669,0.000000000,0.000000000
SE-C01-011-A0009,SE-C01-011,DS05,santa_elena,CAMPAIGN_01,16.000000000,18.000000000,2.000000000,0.174167094,0.000000000,0.000000000
SE-C01-011-A0010,SE-C01-011,DS05,santa_elena,CAMPAIGN_01,18.000000000,20.000000000,2.000000000,0.202294082,0.000000000,0.000000000
SE-C01-011-A0011,SE-C01-011,DS05,santa_elena,CAMPAIGN_01,20.000000000,22.000000000,2.000000000,0.183778264,0.000000000,0.000000000
SE-C01-011-A0012,SE-C01-011,DS05,santa_elena,CAMPAIGN_01,22.000000000,24.000000000,2.000000000,0.191136072,0.000000000,0.000000000
SE-C01-011-A0013,SE-C01-011,DS05,santa_elena,CAMPAIGN_01,24.000000000,26.000000000,2.000000000,0.189463604,0.000000000,0.000000000
SE-C01-011-A0014,SE-C01-011,DS05,santa_elena,CAMPAIGN_01,26.000000000,28.000000000,2.000000000,0.206306991,0.000000000,0.000000000
SE-C01-011-A0015,SE-C01-011,DS05,santa_elena,CAMPAIGN_01,28.000000000,30.000000000,2.000000000,0.213893092,0.000000000,0.000000000
SE-C01-011-A0016,SE-C01-011,DS05,santa_elena,CAMPAIGN_01,30.000000000,32.000000000,2.000000000,0.216252659,0.000000000,0.000000000
SE-C01-011-A0017,SE-C01-011,DS05,santa_elena,CAMPAIGN_01,32.000000000,34.000000000,2.000000000,0.217845872,0.000000000,0.000000000
SE-C01-011-A0018,SE-C01-011,DS05,santa_elena,CAMPAIGN_01,34.000000000,36.000000000,2.000000000,0.241924477,0.000000000,0.000000000
SE-C01-011-A0019,SE-C01-011,DS05,santa_elena,CAMPAIGN_01,36.000000000,38.000000000,2.000000000,0.228206178,0.000000000,0.000000000
SE-C01-011-A0020,SE-C01-011,DS05,santa_elena,CAMPAIGN_01,38.000000000,40.000000000,2.000000000,0.239235027,0.000000000,0.000000000
SE-C01-011-A0021,SE-C01-011,DS05,santa_elena,CAMPAIGN_01,40.000000000,42.000000000,2.000000000,0.252141800,0.000000000,0.000000000
SE-C01-011-A0022,SE-C01-011,DS05,santa_elena,CAMPAIGN_01,42.000000000,44.000000000,2.000000000,0.254729111,0.000000000,0.000000000
SE-C01-011-A0023,SE-C01-011,DS05,santa_elena,CAMPAIGN_01,44.000000000,46.000000000,2.000000000,0.278157499,0.000000000,0.000000000
SE-C01-011-A0024,SE-C01-011,DS05,santa_elena,CAMPAIGN_01,46.000000000,48.000000000,2.000000000,0.257293521,0.000000000,0.000000000
SE-C01-011-A0025,SE-C01-011,DS05,santa_elena,CAMPAIGN_01,48.000000000,50.000000000,2.000000000,0.270311015,0.000000000,0.000000000
SE-C01-011-A0026,SE-C01-011,DS05,santa_elena,CAMPAIGN_01,50.000000000,52.000000000,2.000000000,0.268632967,0.000000000,0.000000000
SE-C01-011-A0027,SE-C01-011,DS05,santa_elena,CAMPAIGN_01,52.000000000,54.000000000,2.000000000,0.289367437,0.000000000,0.000000000
SE-C01-011-A0028,SE-C01-011,DS05,santa_elena,CAMPAIGN_01,54.000000000,56.000000000,2.000000000,0.298455916,0.000000000,0.000000000
SE-C01-011-A0029,SE-C01-011,DS05,santa_elena,CAMPAIGN_01,56.000000000,58.000000000,2.000000000,0.306607623,0.000000000,0.000000000
SE-C01-011-A0030,SE-C01-011,DS05,santa_elena,CAMPAIGN_01,58.000000000,60.000000000,2.000000000,0.315605095,0.000000000,0.000000000
SE-C01-011-A0031,SE-C01-011,DS05,santa_elena,CAMPAIGN_01,60.000000000,62.000000000,2.000000000,0.309731606,0.000000000,0.000000000
SE-C01-011-A0032,SE-C01-011,DS05,santa_elena,CAMPAIGN_01,62.000000000,64.000000000,2.000000000,0.323344400,0.000000000,0.000000000
SE-C01-011-A0033,SE-C01-011,DS05,santa_elena,CAMPAIGN_01,64.000000000,66.000000000,2.000000000,0.360633300,0.000000000,0.000000000
SE-C01-011-A0034,SE-C01-011,DS05,santa_elena,CAMPAIGN_01,66.000000000,68.000000000,2.000000000,0.309775271,0.000000000,0.000000000
SE-C01-011-A0035,SE-C01-011,DS05,santa_elena,CAMPAIGN_01,68.000000000,70.000000000,2.000000000,0.360563837,0.000000000,0.000000000
SE-C01-011-A0036,SE-C01-011,DS05,santa_elena,CAMPAIGN_01,70.000000000,72.000000000,2.000000000,0.338827164,0.000000000,0.000000000
SE-C01-011-A0037,SE-C01-011,DS05,santa_elena,CAMPAIGN_01,72.000000000,74.000000000,2.000000000,0.375754075,0.000000000,0.000000000
SE-C01-011-A0038,SE-C01-011,DS05,santa_elena,CAMPAIGN_01,74.000000000,76.000000000,2.000000000,0.366064754,0.000000000,0.000000000
SE-C01-011-A0039,SE-C01-011,DS05,santa_elena,CAMPAIGN_01,76.000000000,78.000000000,2.000000000,0.353111956,0.000000000,0.000000000
SE-C01-011-A0040,SE-C01-011,DS05,santa_elena,CAMPAIGN_01,78.000000000,80.000000000,2.000000000,0.379009140,0.000000000,0.000000000
SE-C01-011-A0041,SE-C01-011,DS05,santa_elena,CAMPAIGN_01,80.000000000,82.000000000,2.000000000,0.382296611,0.000000000,0.000000000
SE-C01-011-A0042,SE-C01-011,DS05,santa_elena,CAMPAIGN_01,82.000000000,84.000000000,2.000000000,0.394117046,0.000000000,0.000000000
SE-C01-011-A0043,SE-C01-011,DS05,santa_elena,CAMPAIGN_01,84.000000000,86.000000000,2.000000000,0.397203503,0.000000000,0.000000000
SE-C01-011-A0044,SE-C01-011,DS05,santa_elena,CAMPAIGN_01,86.000000000,88.000000000,2.000000000,0.428007395,0.000000000,0.000000000
SE-C01-011-A0045,SE-C01-011,DS05,santa_elena,CAMPAIGN_01,88.000000000,90.000000000,2.000000000,0.408389840,0.000000000,0.000000000
SE-C01-011-A0046,SE-C01-011,DS05,santa_elena,CAMPAIGN_01,90.000000000,92.000000000,2.000000000,0.408194759,0.000000000,0.000000000
SE-C01-011-A0047,SE-C01-011,DS05,santa_elena,CAMPAIGN_01,92.000000000,94.000000000,2.000000000,0.441435441,0.000000000,0.000000000
SE-C01-011-A0048,SE-C01-011,DS05,santa_elena,CAMPAIGN_01,94.000000000,96.000000000,2.000000000,0.459697805,0.000000000,0.000000000
SE-C01-011-A0049,SE-C01-011,DS05,santa_elena,CAMPAIGN_01,96.000000000,98.000000000,2.000000000,0.447056637,0.000000000,0.000000000
SE-C01-011-A0050,SE-C01-011,DS05,santa_elena,CAMPAIGN_01,98.000000000,100.000000000,2.000000000,0.467488692,0.000000000,0.000000000
SE-C01-011-A0051,SE-C01-011,DS05,santa_elena,CAMPAIGN_01,100.000000000,102.000000000,2.000000000,0.474375828,0.000000000,0.000000000
SE-C01-011-A0052,SE-C01-011,DS05,santa_elena,CAMPAIGN_01,102.000000000,104.000000000,2.000000000,0.502557379,0.000000000,0.000000000
SE-C01-011-A0053,SE-C01-011,DS05,santa_elena,CAMPAIGN_01,104.000000000,106.000000000,2.000000000,0.492698946,0.000000000,0.000000000
SE-C01-011-A0054,SE-C01-011,DS05,santa_elena,CAMPAIGN_01,106.000000000,108.000000000,2.000000000,0.504736350,0.000000000,0.000000000
SE-C01-011-A0055,SE-C01-011,DS05,santa_elena,CAMPAIGN_01,108.000000000,110.000000000,2.000000000,0.506816396,0.000000000,0.000000000
SE-C01-011-A0056,SE-C01-011,DS05,santa_elena,CAMPAIGN_01,110.000000000,112.000000000,2.000000000,0.520924504,0.000000000,0.000000000
SE-C01-011-A0057,SE-C01-011,DS05,santa_elena,CAMPAIGN_01,112.000000000,114.000000000,2.000000000,0.534576510,0.000000000,0.000000000
SE-C01-011-A0058,SE-C01-011,DS05,santa_elena,CAMPAIGN_01,114.000000000,116.000000000,2.000000000,0.518982270,0.000000000,0.000000000
SE-C01-011-A0059,SE-C01-011,DS05,santa_elena,CAMPAIGN_01,116.000000000,118.000000000,2.000000000,0.540987673,0.000000000,0.000000000
SE-C01-011-A0060,SE-C01-011,DS05,santa_elena,CAMPAIGN_01,118.000000000,120.000000000,2.000000000,0.556126215,0.000000000,0.000000000
SE-C01-011-A0061,SE-C01-011,DS05,santa_elena,CAMPAIGN_01,120.000000000,122.000000000,2.000000000,0.544413016,0.000000000,0.000000000
SE-C01-011-A0062,SE-C01-011,DS05,santa_elena,CAMPAIGN_01,122.000000000,124.000000000,2.000000000,0.549877751,0.000000000,0.000000000
SE-C01-011-A0063,SE-C01-011,DS05,santa_elena,CAMPAIGN_01,124.000000000,126.000000000,2.000000000,0.599896537,0.000000000,0.000000000
SE-C01-011-A0064,SE-C01-011,DS05,santa_elena,CAMPAIGN_01,126.000000000,128.000000000,2.000000000,0.586981424,0.000000000,0.000000000
SE-C01-011-A0065,SE-C01-011,DS05,santa_elena,CAMPAIGN_01,128.000000000,130.000000000,2.000000000,0.531757843,0.000000000,0.000000000
SE-C01-011-A0066,SE-C01-011,DS05,santa_elena,CAMPAIGN_01,130.000000000,132.000000000,2.000000000,0.568977405,0.000000000,0.000000000
SE-C01-011-A0067,SE-C01-011,DS05,santa_elena,CAMPAIGN_01,132.000000000,134.000000000,2.000000000,0.597437457,0.000000000,0.000000000
SE-C01-011-A0068,SE-C01-011,DS05,santa_elena,CAMPAIGN_01,134.000000000,136.000000000,2.000000000,0.574949830,0.000000000,0.000000000
SE-C01-011-A0069,SE-C01-011,DS05,santa_elena,CAMPAIGN_01,136.000000000,138.000000000,2.000000000,0.514643853,0.000000000,0.000000000
SE-C01-011-A0070,SE-C01-011,DS05,santa_elena,CAMPAIGN_01,138.000000000,140.000000000,2.000000000,0.634025892,0.000000000,0.000000000
SE-C01-011-A0071,SE-C01-011,DS05,santa_elena,CAMPAIGN_01,140.000000000,142.000000000,2.000000000,0.613148600,0.000000000,0.000000000
SE-C01-011-A0072,SE-C01-011,DS05,santa_elena,CAMPAIGN_01,142.000000000,144.000000000,2.000000000,0.588501911,0.000000000,0.000000000
SE-C01-011-A0073,SE-C01-011,DS05,santa_elena,CAMPAIGN_01,144.000000000,146.000000000,2.000000000,0.599908997,0.000000000,0.000000000
SE-C01-011-A0074,SE-C01-011,DS05,santa_elena,CAMPAIGN_01,146.000000000,148.000000000,2.000000000,0.612738756,0.000000000,0.000000000
SE-C01-011-A0075,SE-C01-011,DS05,santa_elena,CAMPAIGN_01,148.000000000,150.000000000,2.000000000,0.623572580,0.000000000,0.000000000
SE-C01-011-A0076,SE-C01-011,DS05,santa_elena,CAMPAIGN_01,150.000000000,152.000000000,2.000000000,0.639802574,0.000000000,0.000000000
SE-C01-011-A0077,SE-C01-011,DS05,santa_elena,CAMPAIGN_01,152.000000000,154.000000000,2.000000000,0.684632250,0.000000000,0.000000000
SE-C01-011-A0078,SE-C01-011,DS05,santa_elena,CAMPAIGN_01,154.000000000,156.000000000,2.000000000,0.643382022,0.000000000,0.000000000
SE-C01-011-A0079,SE-C01-011,DS05,santa_elena,CAMPAIGN_01,156.000000000,158.000000000,2.000000000,0.644834961,0.000000000,0.000000000
SE-C01-011-A0080,SE-C01-011,DS05,santa_elena,CAMPAIGN_01,158.000000000,160.000000000,2.000000000,0.613142799,0.000000000,0.000000000
SE-C01-011-A0081,SE-C01-011,DS05,santa_elena,CAMPAIGN_01,160.000000000,162.000000000,2.000000000,0.676637116,0.000000000,0.000000000
SE-C01-011-A0082,SE-C01-011,DS05,santa_elena,CAMPAIGN_01,162.000000000,164.000000000,2.000000000,0.722887685,0.000000000,0.000000000
SE-C01-011-A0083,SE-C01-011,DS05,santa_elena,CAMPAIGN_01,164.000000000,166.000000000,2.000000000,0.656440145,0.000000000,0.000000000
SE-C01-011-A0084,SE-C01-011,DS05,santa_elena,CAMPAIGN_01,166.000000000,168.000000000,2.000000000,0.678320359,0.000000000,0.000000000
SE-C01-011-A0085,SE-C01-011,DS05,santa_elena,CAMPAIGN_01,168.000000000,170.000000000,2.000000000,0.653973277,0.000000000,0.000000000
SE-C01-011-A0086,SE-C01-011,DS05,santa_elena,CAMPAIGN_01,170.000000000,172.000000000,2.000000000,0.669330769,0.000000000,0.000000000
SE-C01-011-A0087,SE-C01-011,DS05,santa_elena,CAMPAIGN_01,172.000000000,174.000000000,2.000000000,0.712197033,0.000000000,0.000000000
SE-C01-011-A0088,SE-C01-011,DS05,santa_elena,CAMPAIGN_01,174.000000000,176.000000000,2.000000000,0.641764676,0.000000000,0.000000000
SE-C01-011-A0089,SE-C01-011,DS05,santa_elena,CAMPAIGN_01,176.000000000,178.000000000,2.000000000,0.693659337,0.000000000,0.000000000
SE-C01-011-A0090,SE-C01-011,DS05,santa_elena,CAMPAIGN_01,178.000000000,180.000000000,2.000000000,0.671814893,0.000000000,0.000000000
SE-C01-011-A0091,SE-C01-011,DS05,santa_elena,CAMPAIGN_01,180.000000000,182.000000000,2.000000000,0.617753552,0.000000000,0.000000000
SE-C01-011-A0092,SE-C01-011,DS05,santa_elena,CAMPAIGN_01,182.000000000,184.000000000,2.000000000,0.691393438,0.000000000,0.000000000
SE-C01-011-A0093,SE-C01-011,DS05,santa_elena,CAMPAIGN_01,184.000000000,186.000000000,2.000000000,0.707180934,0.000000000,0.000000000
SE-C01-011-A0094,SE-C01-011,DS05,santa_elena,CAMPAIGN_01,186.000000000,188.000000000,2.000000000,0.671657159,0.000000000,0.000000000
SE-C01-011-A0095,SE-C01-011,DS05,santa_elena,CAMPAIGN_01,188.000000000,190.000000000,2.000000000,0.672924551,0.000000000,0.000000000
SE-C01-011-A0096,SE-C01-011,DS05,santa_elena,CAMPAIGN_01,190.000000000,192.000000000,2.000000000,0.690356269,0.000000000,0.000000000
SE-C01-011-A0097,SE-C01-011,DS05,santa_elena,CAMPAIGN_01,192.000000000,194.000000000,2.000000000,0.716811369,0.000000000,0.000000000
SE-C01-011-A0098,SE-C01-011,DS05,santa_elena,CAMPAIGN_01,194.000000000,196.000000000,2.000000000,0.719308464,0.000000000,0.000000000
SE-C01-011-A0099,SE-C01-011,DS05,santa_elena,CAMPAIGN_01,196.000000000,198.000000000,2.000000000,0.673836640,0.000000000,0.000000000
SE-C01-011-A0100,SE-C01-011,DS05,santa_elena,CAMPAIGN_01,198.000000000,200.000000000,2.000000000,0.670317091,0.000000000,0.000000000
SE-C01-011-A0101,SE-C01-011,DS05,santa_elena,CAMPAIGN_01,200.000000000,202.000000000,2.000000000,0.731251641,0.000000000,0.000000000
SE-C01-011-A0102,SE-C01-011,DS05,santa_elena,CAMPAIGN_01,202.000000000,204.000000000,2.000000000,0.661850500,0.000000000,0.000000000
SE-C01-011-A0103,SE-C01-011,DS05,santa_elena,CAMPAIGN_01,204.000000000,206.000000000,2.000000000,0.709125304,0.000000000,0.000000000
SE-C01-011-A0104,SE-C01-011,DS05,santa_elena,CAMPAIGN_01,206.000000000,208.000000000,2.000000000,0.706911919,0.000000000,0.000000000
SE-C01-011-A0105,SE-C01-011,DS05,santa_elena,CAMPAIGN_01,208.000000000,210.000000000,2.000000000,0.689870880,0.000000000,0.000000000
SE-C01-011-A0106,SE-C01-011,DS05,santa_elena,CAMPAIGN_01,210.000000000,212.000000000,2.000000000,0.707408475,0.000000000,0.000000000
SE-C01-011-A0107,SE-C01-011,DS05,santa_elena,CAMPAIGN_01,212.000000000,214.000000000,2.000000000,0.745425853,0.000000000,0.000000000
SE-C01-011-A0108,SE-C01-011,DS05,santa_elena,CAMPAIGN_01,214.000000000,216.000000000,2.000000000,0.693713132,0.000000000,0.000000000
SE-C01-011-A0109,SE-C01-011,DS05,santa_elena,CAMPAIGN_01,216.000000000,218.000000000,2.000000000,0.689447379,0.000000000,0.000000000
SE-C01-011-A0110,SE-C01-011,DS05,santa_elena,CAMPAIGN_01,218.000000000,220.000000000,2.000000000,0.696104574,0.000000000,0.000000000
SE-C01-011-A0111,SE-C01-011,DS05,santa_elena,CAMPAIGN_01,220.000000000,222.000000000,2.000000000,0.653033012,0.000000000,0.000000000
SE-C01-011-A0112,SE-C01-011,DS05,santa_elena,CAMPAIGN_01,222.000000000,224.000000000,2.000000000,0.677458265,0.000000000,0.000000000
SE-C01-011-A0113,SE-C01-011,DS05,santa_elena,CAMPAIGN_01,224.000000000,226.000000000,2.000000000,0.680517679,0.000000000,0.000000000
SE-C01-011-A0114,SE-C01-011,DS05,santa_elena,CAMPAIGN_01,226.000000000,228.000000000,2.000000000,0.633408381,0.000000000,0.000000000
SE-C01-011-A0115,SE-C01-011,DS05,santa_elena,CAMPAIGN_01,228.000000000,230.000000000,2.000000000,0.682635250,0.000000000,0.000000000
SE-C01-011-A0116,SE-C01-011,DS05,santa_elena,CAMPAIGN_01,230.000000000,232.000000000,2.000000000,0.694631869,0.000000000,0.000000000
SE-C01-011-A0117,SE-C01-011,DS05,santa_elena,CAMPAIGN_01,232.000000000,234.000000000,2.000000000,0.628909957,0.000000000,0.000000000
SE-C01-011-A0118,SE-C01-011,DS05,santa_elena,CAMPAIGN_01,234.000000000,236.000000000,2.000000000,0.618691771,0.000000000,0.000000000
SE-C01-011-A0119,SE-C01-011,DS05,santa_elena,CAMPAIGN_01,236.000000000,238.000000000,2.000000000,0.607887192,0.000000000,0.000000000
SE-C01-011-A0120,SE-C01-011,DS05,santa_elena,CAMPAIGN_01,238.000000000,240.000000000,2.000000000,0.652286789,0.000000000,0.000000000
SE-C01-011-A0121,SE-C01-011,DS05,santa_elena,CAMPAIGN_01,240.000000000,242.000000000,2.000000000,0.628222295,0.000000000,0.000000000
SE-C01-011-A0122,SE-C01-011,DS05,santa_elena,CAMPAIGN_01,242.000000000,244.000000000,2.000000000,0.640577808,0.000000000,0.000000000
SE-C01-011-A0123,SE-C01-011,DS05,santa_elena,CAMPAIGN_01,244.000000000,244.701974418,0.701974418,0.635874133,0.000000000,0.000000000
SE-C01-012-A0001,SE-C01-012,DS05,santa_elena,CAMPAIGN_01,0.000000000,2.000000000,2.000000000,0.023790958,0.000000000,0.000000000
SE-C01-012-A0002,SE-C01-012,DS05,santa_elena,CAMPAIGN_01,2.000000000,4.000000000,2.000000000,0.023561819,0.000000000,0.000000000
SE-C01-012-A0003,SE-C01-012,DS05,santa_elena,CAMPAIGN_01,4.000000000,6.000000000,2.000000000,0.019440559,0.000000000,0.000000000
SE-C01-012-A0004,SE-C01-012,DS05,santa_elena,CAMPAIGN_01,6.000000000,8.000000000,2.000000000,0.021524898,0.000000000,0.000000000
SE-C01-012-A0005,SE-C01-012,DS05,santa_elena,CAMPAIGN_01,8.000000000,10.000000000,2.000000000,0.019357146,0.000000000,0.000000000
SE-C01-012-A0006,SE-C01-012,DS05,santa_elena,CAMPAIGN_01,10.000000000,12.000000000,2.000000000,0.023678924,0.000000000,0.000000000
SE-C01-012-A0007,SE-C01-012,DS05,santa_elena,CAMPAIGN_01,12.000000000,14.000000000,2.000000000,0.024590905,0.000000000,0.000000000
SE-C01-012-A0008,SE-C01-012,DS05,santa_elena,CAMPAIGN_01,14.000000000,16.000000000,2.000000000,0.023042593,0.000000000,0.000000000
SE-C01-012-A0009,SE-C01-012,DS05,santa_elena,CAMPAIGN_01,16.000000000,18.000000000,2.000000000,0.022283746,0.000000000,0.000000000
SE-C01-012-A0010,SE-C01-012,DS05,santa_elena,CAMPAIGN_01,18.000000000,20.000000000,2.000000000,0.024267536,0.000000000,0.000000000
SE-C01-012-A0011,SE-C01-012,DS05,santa_elena,CAMPAIGN_01,20.000000000,22.000000000,2.000000000,0.023426823,0.000000000,0.000000000
SE-C01-012-A0012,SE-C01-012,DS05,santa_elena,CAMPAIGN_01,22.000000000,24.000000000,2.000000000,0.022825723,0.000000000,0.000000000
SE-C01-012-A0013,SE-C01-012,DS05,santa_elena,CAMPAIGN_01,24.000000000,26.000000000,2.000000000,0.026459341,0.000000000,0.000000000
SE-C01-012-A0014,SE-C01-012,DS05,santa_elena,CAMPAIGN_01,26.000000000,28.000000000,2.000000000,0.026311171,0.000000000,0.000000000
SE-C01-012-A0015,SE-C01-012,DS05,santa_elena,CAMPAIGN_01,28.000000000,30.000000000,2.000000000,0.025447490,0.000000000,0.000000000
SE-C01-012-A0016,SE-C01-012,DS05,santa_elena,CAMPAIGN_01,30.000000000,32.000000000,2.000000000,0.025381616,0.000000000,0.000000000
SE-C01-012-A0017,SE-C01-012,DS05,santa_elena,CAMPAIGN_01,32.000000000,34.000000000,2.000000000,0.023614574,0.000000000,0.000000000
SE-C01-012-A0018,SE-C01-012,DS05,santa_elena,CAMPAIGN_01,34.000000000,36.000000000,2.000000000,0.024379980,0.000000000,0.000000000
SE-C01-012-A0019,SE-C01-012,DS05,santa_elena,CAMPAIGN_01,36.000000000,38.000000000,2.000000000,0.021980358,0.000000000,0.000000000
SE-C01-012-A0020,SE-C01-012,DS05,santa_elena,CAMPAIGN_01,38.000000000,40.000000000,2.000000000,0.023672744,0.000000000,0.000000000
SE-C01-012-A0021,SE-C01-012,DS05,santa_elena,CAMPAIGN_01,40.000000000,42.000000000,2.000000000,0.030450169,0.000000000,0.000000000
SE-C01-012-A0022,SE-C01-012,DS05,santa_elena,CAMPAIGN_01,42.000000000,44.000000000,2.000000000,0.026590199,0.000000000,0.000000000
SE-C01-012-A0023,SE-C01-012,DS05,santa_elena,CAMPAIGN_01,44.000000000,46.000000000,2.000000000,0.023458115,0.000000000,0.000000000
SE-C01-012-A0024,SE-C01-012,DS05,santa_elena,CAMPAIGN_01,46.000000000,48.000000000,2.000000000,0.023446192,0.000000000,0.000000000
SE-C01-012-A0025,SE-C01-012,DS05,santa_elena,CAMPAIGN_01,48.000000000,50.000000000,2.000000000,0.024883081,0.000000000,0.000000000
SE-C01-012-A0026,SE-C01-012,DS05,santa_elena,CAMPAIGN_01,50.000000000,52.000000000,2.000000000,0.025700611,0.000000000,0.000000000
SE-C01-012-A0027,SE-C01-012,DS05,santa_elena,CAMPAIGN_01,52.000000000,54.000000000,2.000000000,0.024188469,0.000000000,0.000000000
SE-C01-012-A0028,SE-C01-012,DS05,santa_elena,CAMPAIGN_01,54.000000000,56.000000000,2.000000000,0.029746140,0.000000000,0.000000000
SE-C01-012-A0029,SE-C01-012,DS05,santa_elena,CAMPAIGN_01,56.000000000,58.000000000,2.000000000,0.024979890,0.000000000,0.000000000
SE-C01-012-A0030,SE-C01-012,DS05,santa_elena,CAMPAIGN_01,58.000000000,60.000000000,2.000000000,0.030153575,0.000000000,0.000000000
SE-C01-012-A0031,SE-C01-012,DS05,santa_elena,CAMPAIGN_01,60.000000000,62.000000000,2.000000000,0.029877175,0.000000000,0.000000000
SE-C01-012-A0032,SE-C01-012,DS05,santa_elena,CAMPAIGN_01,62.000000000,64.000000000,2.000000000,0.027073419,0.000000000,0.000000000
SE-C01-012-A0033,SE-C01-012,DS05,santa_elena,CAMPAIGN_01,64.000000000,66.000000000,2.000000000,0.027692235,0.000000000,0.000000000
SE-C01-012-A0034,SE-C01-012,DS05,santa_elena,CAMPAIGN_01,66.000000000,68.000000000,2.000000000,0.030426494,0.000000000,0.000000000
SE-C01-012-A0035,SE-C01-012,DS05,santa_elena,CAMPAIGN_01,68.000000000,70.000000000,2.000000000,0.028960101,0.000000000,0.000000000
SE-C01-012-A0036,SE-C01-012,DS05,santa_elena,CAMPAIGN_01,70.000000000,72.000000000,2.000000000,0.028018390,0.000000000,0.000000000
SE-C01-012-A0037,SE-C01-012,DS05,santa_elena,CAMPAIGN_01,72.000000000,74.000000000,2.000000000,0.029315358,0.000000000,0.000000000
SE-C01-012-A0038,SE-C01-012,DS05,santa_elena,CAMPAIGN_01,74.000000000,76.000000000,2.000000000,0.029765480,0.000000000,0.000000000
SE-C01-012-A0039,SE-C01-012,DS05,santa_elena,CAMPAIGN_01,76.000000000,78.000000000,2.000000000,0.029820113,0.000000000,0.000000000
SE-C01-012-A0040,SE-C01-012,DS05,santa_elena,CAMPAIGN_01,78.000000000,80.000000000,2.000000000,0.033790683,0.000000000,0.000000000
SE-C01-012-A0041,SE-C01-012,DS05,santa_elena,CAMPAIGN_01,80.000000000,82.000000000,2.000000000,0.030263381,0.000000000,0.000000000
SE-C01-012-A0042,SE-C01-012,DS05,santa_elena,CAMPAIGN_01,82.000000000,84.000000000,2.000000000,0.032731571,0.000000000,0.000000000
SE-C01-012-A0043,SE-C01-012,DS05,santa_elena,CAMPAIGN_01,84.000000000,86.000000000,2.000000000,0.028887406,0.000000000,0.000000000
SE-C01-012-A0044,SE-C01-012,DS05,santa_elena,CAMPAIGN_01,86.000000000,88.000000000,2.000000000,0.032808725,0.000000000,0.000000000
SE-C01-012-A0045,SE-C01-012,DS05,santa_elena,CAMPAIGN_01,88.000000000,90.000000000,2.000000000,0.033993051,0.000000000,0.000000000
SE-C01-012-A0046,SE-C01-012,DS05,santa_elena,CAMPAIGN_01,90.000000000,92.000000000,2.000000000,0.035877257,0.000000000,0.000000000
SE-C01-012-A0047,SE-C01-012,DS05,santa_elena,CAMPAIGN_01,92.000000000,94.000000000,2.000000000,0.029731689,0.000000000,0.000000000
SE-C01-012-A0048,SE-C01-012,DS05,santa_elena,CAMPAIGN_01,94.000000000,96.000000000,2.000000000,0.038838480,0.000000000,0.000000000
SE-C01-012-A0049,SE-C01-012,DS05,santa_elena,CAMPAIGN_01,96.000000000,98.000000000,2.000000000,0.033436216,0.000000000,0.000000000
SE-C01-012-A0050,SE-C01-012,DS05,santa_elena,CAMPAIGN_01,98.000000000,100.000000000,2.000000000,0.030086129,0.000000000,0.000000000
SE-C01-012-A0051,SE-C01-012,DS05,santa_elena,CAMPAIGN_01,100.000000000,102.000000000,2.000000000,0.035837403,0.000000000,0.000000000
SE-C01-012-A0052,SE-C01-012,DS05,santa_elena,CAMPAIGN_01,102.000000000,104.000000000,2.000000000,0.034987973,0.000000000,0.000000000
SE-C01-012-A0053,SE-C01-012,DS05,santa_elena,CAMPAIGN_01,104.000000000,106.000000000,2.000000000,0.034833470,0.000000000,0.000000000
SE-C01-012-A0054,SE-C01-012,DS05,santa_elena,CAMPAIGN_01,106.000000000,108.000000000,2.000000000,0.036440742,0.000000000,0.000000000
SE-C01-012-A0055,SE-C01-012,DS05,santa_elena,CAMPAIGN_01,108.000000000,110.000000000,2.000000000,0.038022567,0.000000000,0.000000000
SE-C01-012-A0056,SE-C01-012,DS05,santa_elena,CAMPAIGN_01,110.000000000,112.000000000,2.000000000,0.036787858,0.000000000,0.000000000
SE-C01-012-A0057,SE-C01-012,DS05,santa_elena,CAMPAIGN_01,112.000000000,114.000000000,2.000000000,0.040369329,0.000000000,0.000000000
SE-C01-012-A0058,SE-C01-012,DS05,santa_elena,CAMPAIGN_01,114.000000000,116.000000000,2.000000000,0.041469180,0.000000000,0.000000000
SE-C01-012-A0059,SE-C01-012,DS05,santa_elena,CAMPAIGN_01,116.000000000,118.000000000,2.000000000,0.036315371,0.000000000,0.000000000
SE-C01-012-A0060,SE-C01-012,DS05,santa_elena,CAMPAIGN_01,118.000000000,120.000000000,2.000000000,0.042758951,0.000000000,0.000000000
SE-C01-012-A0061,SE-C01-012,DS05,santa_elena,CAMPAIGN_01,120.000000000,122.000000000,2.000000000,0.037499158,0.000000000,0.000000000
SE-C01-012-A0062,SE-C01-012,DS05,santa_elena,CAMPAIGN_01,122.000000000,124.000000000,2.000000000,0.043416376,0.000000000,0.000000000
SE-C01-012-A0063,SE-C01-012,DS05,santa_elena,CAMPAIGN_01,124.000000000,126.000000000,2.000000000,0.040785210,0.000000000,0.000000000
SE-C01-012-A0064,SE-C01-012,DS05,santa_elena,CAMPAIGN_01,126.000000000,128.000000000,2.000000000,0.047767057,0.000000000,0.000000000
SE-C01-012-A0065,SE-C01-012,DS05,santa_elena,CAMPAIGN_01,128.000000000,130.000000000,2.000000000,0.042629625,0.000000000,0.000000000
SE-C01-012-A0066,SE-C01-012,DS05,santa_elena,CAMPAIGN_01,130.000000000,132.000000000,2.000000000,0.047329722,0.000000000,0.000000000
SE-C01-012-A0067,SE-C01-012,DS05,santa_elena,CAMPAIGN_01,132.000000000,134.000000000,2.000000000,0.042267187,0.000000000,0.000000000
SE-C01-012-A0068,SE-C01-012,DS05,santa_elena,CAMPAIGN_01,134.000000000,136.000000000,2.000000000,0.047066969,0.000000000,0.000000000
SE-C01-012-A0069,SE-C01-012,DS05,santa_elena,CAMPAIGN_01,136.000000000,138.000000000,2.000000000,0.047052456,0.000000000,0.000000000
SE-C01-012-A0070,SE-C01-012,DS05,santa_elena,CAMPAIGN_01,138.000000000,140.000000000,2.000000000,0.052829140,0.000000000,0.000000000
SE-C01-012-A0071,SE-C01-012,DS05,santa_elena,CAMPAIGN_01,140.000000000,142.000000000,2.000000000,0.048496233,0.000000000,0.000000000
SE-C01-012-A0072,SE-C01-012,DS05,santa_elena,CAMPAIGN_01,142.000000000,144.000000000,2.000000000,0.045042000,0.000000000,0.000000000
SE-C01-012-A0073,SE-C01-012,DS05,santa_elena,CAMPAIGN_01,144.000000000,146.000000000,2.000000000,0.052515041,0.000000000,0.000000000
SE-C01-012-A0074,SE-C01-012,DS05,santa_elena,CAMPAIGN_01,146.000000000,148.000000000,2.000000000,0.051547026,0.000000000,0.000000000
SE-C01-012-A0075,SE-C01-012,DS05,santa_elena,CAMPAIGN_01,148.000000000,150.000000000,2.000000000,0.050353521,0.000000000,0.000000000
SE-C01-012-A0076,SE-C01-012,DS05,santa_elena,CAMPAIGN_01,150.000000000,152.000000000,2.000000000,0.053436326,0.000000000,0.000000000
SE-C01-012-A0077,SE-C01-012,DS05,santa_elena,CAMPAIGN_01,152.000000000,154.000000000,2.000000000,0.052128691,0.000000000,0.000000000
SE-C01-012-A0078,SE-C01-012,DS05,santa_elena,CAMPAIGN_01,154.000000000,156.000000000,2.000000000,0.048541783,0.000000000,0.000000000
SE-C01-012-A0079,SE-C01-012,DS05,santa_elena,CAMPAIGN_01,156.000000000,158.000000000,2.000000000,0.051901752,0.000000000,0.000000000
SE-C01-012-A0080,SE-C01-012,DS05,santa_elena,CAMPAIGN_01,158.000000000,160.000000000,2.000000000,0.052589172,0.000000000,0.000000000
SE-C01-012-A0081,SE-C01-012,DS05,santa_elena,CAMPAIGN_01,160.000000000,162.000000000,2.000000000,0.055599415,0.000000000,0.000000000
SE-C01-012-A0082,SE-C01-012,DS05,santa_elena,CAMPAIGN_01,162.000000000,164.000000000,2.000000000,0.052527848,0.000000000,0.000000000
SE-C01-012-A0083,SE-C01-012,DS05,santa_elena,CAMPAIGN_01,164.000000000,166.000000000,2.000000000,0.060562625,0.000000000,0.000000000
SE-C01-012-A0084,SE-C01-012,DS05,santa_elena,CAMPAIGN_01,166.000000000,168.000000000,2.000000000,0.056904299,0.000000000,0.000000000
SE-C01-012-A0085,SE-C01-012,DS05,santa_elena,CAMPAIGN_01,168.000000000,170.000000000,2.000000000,0.063198626,0.000000000,0.000000000
SE-C01-012-A0086,SE-C01-012,DS05,santa_elena,CAMPAIGN_01,170.000000000,172.000000000,2.000000000,0.058129152,0.000000000,0.000000000
SE-C01-012-A0087,SE-C01-012,DS05,santa_elena,CAMPAIGN_01,172.000000000,174.000000000,2.000000000,0.060478127,0.000000000,0.000000000
SE-C01-012-A0088,SE-C01-012,DS05,santa_elena,CAMPAIGN_01,174.000000000,176.000000000,2.000000000,0.063279854,0.000000000,0.000000000
SE-C01-012-A0089,SE-C01-012,DS05,santa_elena,CAMPAIGN_01,176.000000000,178.000000000,2.000000000,0.061449396,0.000000000,0.000000000
SE-C01-012-A0090,SE-C01-012,DS05,santa_elena,CAMPAIGN_01,178.000000000,180.000000000,2.000000000,0.063555929,0.000000000,0.000000000
SE-C01-012-A0091,SE-C01-012,DS05,santa_elena,CAMPAIGN_01,180.000000000,182.000000000,2.000000000,0.068477919,0.000000000,0.000000000
SE-C01-012-A0092,SE-C01-012,DS05,santa_elena,CAMPAIGN_01,182.000000000,184.000000000,2.000000000,0.066986553,0.000000000,0.000000000
SE-C01-012-A0093,SE-C01-012,DS05,santa_elena,CAMPAIGN_01,184.000000000,186.000000000,2.000000000,0.068484294,0.000000000,0.000000000
SE-C01-012-A0094,SE-C01-012,DS05,santa_elena,CAMPAIGN_01,186.000000000,188.000000000,2.000000000,0.070325499,0.000000000,0.000000000
SE-C01-012-A0095,SE-C01-012,DS05,santa_elena,CAMPAIGN_01,188.000000000,190.000000000,2.000000000,0.066151271,0.000000000,0.000000000
SE-C01-012-A0096,SE-C01-012,DS05,santa_elena,CAMPAIGN_01,190.000000000,192.000000000,2.000000000,0.063023014,0.000000000,0.000000000
SE-C01-012-A0097,SE-C01-012,DS05,santa_elena,CAMPAIGN_01,192.000000000,194.000000000,2.000000000,0.071219210,0.000000000,0.000000000
SE-C01-012-A0098,SE-C01-012,DS05,santa_elena,CAMPAIGN_01,194.000000000,196.000000000,2.000000000,0.068775489,0.000000000,0.000000000
SE-C01-012-A0099,SE-C01-012,DS05,santa_elena,CAMPAIGN_01,196.000000000,198.000000000,2.000000000,0.077078874,0.000000000,0.000000000
SE-C01-012-A0100,SE-C01-012,DS05,santa_elena,CAMPAIGN_01,198.000000000,200.000000000,2.000000000,0.076946698,0.000000000,0.000000000
SE-C01-012-A0101,SE-C01-012,DS05,santa_elena,CAMPAIGN_01,200.000000000,202.000000000,2.000000000,0.073909409,0.000000000,0.000000000
SE-C01-012-A0102,SE-C01-012,DS05,santa_elena,CAMPAIGN_01,202.000000000,204.000000000,2.000000000,0.075414199,0.000000000,0.000000000
SE-C01-012-A0103,SE-C01-012,DS05,santa_elena,CAMPAIGN_01,204.000000000,206.000000000,2.000000000,0.072214538,0.000000000,0.000000000
SE-C01-012-A0104,SE-C01-012,DS05,santa_elena,CAMPAIGN_01,206.000000000,208.000000000,2.000000000,0.077039562,0.000000000,0.000000000
SE-C01-012-A0105,SE-C01-012,DS05,santa_elena,CAMPAIGN_01,208.000000000,210.000000000,2.000000000,0.077708127,0.000000000,0.000000000
SE-C01-012-A0106,SE-C01-012,DS05,santa_elena,CAMPAIGN_01,210.000000000,212.000000000,2.000000000,0.072271626,0.000000000,0.000000000
SE-C01-012-A0107,SE-C01-012,DS05,santa_elena,CAMPAIGN_01,212.000000000,214.000000000,2.000000000,0.076308295,0.000000000,0.000000000
SE-C01-012-A0108,SE-C01-012,DS05,santa_elena,CAMPAIGN_01,214.000000000,216.000000000,2.000000000,0.077820531,0.000000000,0.000000000
SE-C01-012-A0109,SE-C01-012,DS05,santa_elena,CAMPAIGN_01,216.000000000,218.000000000,2.000000000,0.075211998,0.000000000,0.000000000
SE-C01-012-A0110,SE-C01-012,DS05,santa_elena,CAMPAIGN_01,218.000000000,220.000000000,2.000000000,0.079353124,0.000000000,0.000000000
SE-C01-012-A0111,SE-C01-012,DS05,santa_elena,CAMPAIGN_01,220.000000000,222.000000000,2.000000000,0.083893130,0.000000000,0.000000000
SE-C01-012-A0112,SE-C01-012,DS05,santa_elena,CAMPAIGN_01,222.000000000,224.000000000,2.000000000,0.079862195,0.000000000,0.000000000
SE-C01-012-A0113,SE-C01-012,DS05,santa_elena,CAMPAIGN_01,224.000000000,226.000000000,2.000000000,0.081272171,0.000000000,0.000000000
SE-C01-012-A0114,SE-C01-012,DS05,santa_elena,CAMPAIGN_01,226.000000000,228.000000000,2.000000000,0.083724185,0.000000000,0.000000000
SE-C01-012-A0115,SE-C01-012,DS05,santa_elena,CAMPAIGN_01,228.000000000,230.000000000,2.000000000,0.091762157,0.000000000,0.000000000
SE-C01-012-A0116,SE-C01-012,DS05,santa_elena,CAMPAIGN_01,230.000000000,232.000000000,2.000000000,0.084866731,0.000000000,0.000000000
SE-C01-012-A0117,SE-C01-012,DS05,santa_elena,CAMPAIGN_01,232.000000000,234.000000000,2.000000000,0.083499299,0.000000000,0.000000000
SE-C01-012-A0118,SE-C01-012,DS05,santa_elena,CAMPAIGN_01,234.000000000,236.000000000,2.000000000,0.080438862,0.000000000,0.000000000
SE-C01-012-A0119,SE-C01-012,DS05,santa_elena,CAMPAIGN_01,236.000000000,238.000000000,2.000000000,0.090199952,0.000000000,0.000000000
SE-C01-012-A0120,SE-C01-012,DS05,santa_elena,CAMPAIGN_01,238.000000000,240.000000000,2.000000000,0.083691920,0.000000000,0.000000000
SE-C01-012-A0121,SE-C01-012,DS05,santa_elena,CAMPAIGN_01,240.000000000,242.000000000,2.000000000,0.093327711,0.000000000,0.000000000
SE-C01-012-A0122,SE-C01-012,DS05,santa_elena,CAMPAIGN_01,242.000000000,244.000000000,2.000000000,0.090733013,0.000000000,0.000000000
SE-C01-012-A0123,SE-C01-012,DS05,santa_elena,CAMPAIGN_01,244.000000000,246.000000000,2.000000000,0.096595127,0.000000000,0.000000000
SE-C01-012-A0124,SE-C01-012,DS05,santa_elena,CAMPAIGN_01,246.000000000,248.000000000,2.000000000,0.087170167,0.000000000,0.000000000
SE-C01-012-A0125,SE-C01-012,DS05,santa_elena,CAMPAIGN_01,248.000000000,250.000000000,2.000000000,0.094610864,0.000000000,0.000000000
SE-C01-012-A0126,SE-C01-012,DS05,santa_elena,CAMPAIGN_01,250.000000000,252.000000000,2.000000000,0.092140803,0.000000000,0.000000000
SE-C01-012-A0127,SE-C01-012,DS05,santa_elena,CAMPAIGN_01,252.000000000,254.000000000,2.000000000,0.099602659,0.000000000,0.000000000
SE-C01-012-A0128,SE-C01-012,DS05,santa_elena,CAMPAIGN_01,254.000000000,256.000000000,2.000000000,0.086309596,0.000000000,0.000000000
SE-C01-012-A0129,SE-C01-012,DS05,santa_elena,CAMPAIGN_01,256.000000000,258.000000000,2.000000000,0.094982499,0.000000000,0.000000000
SE-C01-012-A0130,SE-C01-012,DS05,santa_elena,CAMPAIGN_01,258.000000000,260.000000000,2.000000000,0.093676859,0.000000000,0.000000000
SE-C01-012-A0131,SE-C01-012,DS05,santa_elena,CAMPAIGN_01,260.000000000,262.000000000,2.000000000,0.095817079,0.000000000,0.000000000
SE-C01-012-A0132,SE-C01-012,DS05,santa_elena,CAMPAIGN_01,262.000000000,264.000000000,2.000000000,0.088574801,0.000000000,0.000000000
SE-C01-012-A0133,SE-C01-012,DS05,santa_elena,CAMPAIGN_01,264.000000000,266.000000000,2.000000000,0.089855062,0.000000000,0.000000000
SE-C01-012-A0134,SE-C01-012,DS05,santa_elena,CAMPAIGN_01,266.000000000,268.000000000,2.000000000,0.100668219,0.000000000,0.000000000
SE-C01-012-A0135,SE-C01-012,DS05,santa_elena,CAMPAIGN_01,268.000000000,270.000000000,2.000000000,0.090262247,0.000000000,0.000000000
SE-C01-012-A0136,SE-C01-012,DS05,santa_elena,CAMPAIGN_01,270.000000000,272.000000000,2.000000000,0.094219971,0.000000000,0.000000000
SE-C01-012-A0137,SE-C01-012,DS05,santa_elena,CAMPAIGN_01,272.000000000,274.000000000,2.000000000,0.083884436,0.000000000,0.000000000
SE-C01-012-A0138,SE-C01-012,DS05,santa_elena,CAMPAIGN_01,274.000000000,276.000000000,2.000000000,0.095602989,0.000000000,0.000000000
SE-C01-012-A0139,SE-C01-012,DS05,santa_elena,CAMPAIGN_01,276.000000000,278.000000000,2.000000000,0.094705230,0.000000000,0.000000000
SE-C01-012-A0140,SE-C01-012,DS05,santa_elena,CAMPAIGN_01,278.000000000,280.000000000,2.000000000,0.096313451,0.000000000,0.000000000
SE-C01-012-A0141,SE-C01-012,DS05,santa_elena,CAMPAIGN_01,280.000000000,282.000000000,2.000000000,0.095898718,0.000000000,0.000000000
SE-C01-012-A0142,SE-C01-012,DS05,santa_elena,CAMPAIGN_01,282.000000000,284.000000000,2.000000000,0.095144105,0.000000000,0.000000000
SE-C01-012-A0143,SE-C01-012,DS05,santa_elena,CAMPAIGN_01,284.000000000,286.000000000,2.000000000,0.099143557,0.000000000,0.000000000
SE-C01-012-A0144,SE-C01-012,DS05,santa_elena,CAMPAIGN_01,286.000000000,288.000000000,2.000000000,0.097177824,0.000000000,0.000000000
SE-C01-012-A0145,SE-C01-012,DS05,santa_elena,CAMPAIGN_01,288.000000000,290.000000000,2.000000000,0.088405879,0.000000000,0.000000000
SE-C01-012-A0146,SE-C01-012,DS05,santa_elena,CAMPAIGN_01,290.000000000,292.000000000,2.000000000,0.096369349,0.000000000,0.000000000
SE-C01-012-A0147,SE-C01-012,DS05,santa_elena,CAMPAIGN_01,292.000000000,294.000000000,2.000000000,0.088499018,0.000000000,0.000000000
SE-C01-012-A0148,SE-C01-012,DS05,santa_elena,CAMPAIGN_01,294.000000000,296.000000000,2.000000000,0.089159846,0.000000000,0.000000000
SE-C01-012-A0149,SE-C01-012,DS05,santa_elena,CAMPAIGN_01,296.000000000,298.000000000,2.000000000,0.098966964,0.000000000,0.000000000
SE-C01-012-A0150,SE-C01-012,DS05,santa_elena,CAMPAIGN_01,298.000000000,300.000000000,2.000000000,0.081104879,0.000000000,0.000000000
SE-C01-012-A0151,SE-C01-012,DS05,santa_elena,CAMPAIGN_01,300.000000000,302.000000000,2.000000000,0.099774070,0.000000000,0.000000000
SE-C01-012-A0152,SE-C01-012,DS05,santa_elena,CAMPAIGN_01,302.000000000,304.000000000,2.000000000,0.092476643,0.000000000,0.000000000
SE-C01-012-A0153,SE-C01-012,DS05,santa_elena,CAMPAIGN_01,304.000000000,306.000000000,2.000000000,0.090035005,0.000000000,0.000000000
SE-C01-012-A0154,SE-C01-012,DS05,santa_elena,CAMPAIGN_01,306.000000000,308.000000000,2.000000000,0.090882843,0.000000000,0.000000000
SE-C01-012-A0155,SE-C01-012,DS05,santa_elena,CAMPAIGN_01,308.000000000,310.000000000,2.000000000,0.090179672,0.000000000,0.000000000
SE-C01-012-A0156,SE-C01-012,DS05,santa_elena,CAMPAIGN_01,310.000000000,312.000000000,2.000000000,0.085266502,0.000000000,0.000000000
SE-C01-012-A0157,SE-C01-012,DS05,santa_elena,CAMPAIGN_01,312.000000000,314.000000000,2.000000000,0.093116957,0.000000000,0.000000000
SE-C01-012-A0158,SE-C01-012,DS05,santa_elena,CAMPAIGN_01,314.000000000,316.000000000,2.000000000,0.081445370,0.000000000,0.000000000
SE-C01-012-A0159,SE-C01-012,DS05,santa_elena,CAMPAIGN_01,316.000000000,318.000000000,2.000000000,0.085766412,0.000000000,0.000000000
SE-C01-012-A0160,SE-C01-012,DS05,santa_elena,CAMPAIGN_01,318.000000000,320.000000000,2.000000000,0.084583400,0.000000000,0.000000000
SE-C01-012-A0161,SE-C01-012,DS05,santa_elena,CAMPAIGN_01,320.000000000,322.000000000,2.000000000,0.089771142,0.000000000,0.000000000
SE-C01-012-A0162,SE-C01-012,DS05,santa_elena,CAMPAIGN_01,322.000000000,324.000000000,2.000000000,0.088857691,0.000000000,0.000000000
SE-C01-012-A0163,SE-C01-012,DS05,santa_elena,CAMPAIGN_01,324.000000000,325.308623525,1.308623525,0.087474373,0.000000000,0.000000000
SE-C01-013-A0001,SE-C01-013,DS05,santa_elena,CAMPAIGN_01,0.000000000,2.000000000,2.000000000,0.023006900,0.000000000,0.000000000
SE-C01-013-A0002,SE-C01-013,DS05,santa_elena,CAMPAIGN_01,2.000000000,4.000000000,2.000000000,0.025646718,0.000000000,0.000000000
SE-C01-013-A0003,SE-C01-013,DS05,santa_elena,CAMPAIGN_01,4.000000000,6.000000000,2.000000000,0.024031689,0.000000000,0.000000000
SE-C01-013-A0004,SE-C01-013,DS05,santa_elena,CAMPAIGN_01,6.000000000,8.000000000,2.000000000,0.024659636,0.000000000,0.000000000
SE-C01-013-A0005,SE-C01-013,DS05,santa_elena,CAMPAIGN_01,8.000000000,10.000000000,2.000000000,0.020521994,0.000000000,0.000000000
SE-C01-013-A0006,SE-C01-013,DS05,santa_elena,CAMPAIGN_01,10.000000000,12.000000000,2.000000000,0.020680796,0.000000000,0.000000000
SE-C01-013-A0007,SE-C01-013,DS05,santa_elena,CAMPAIGN_01,12.000000000,14.000000000,2.000000000,0.025480836,0.000000000,0.000000000
SE-C01-013-A0008,SE-C01-013,DS05,santa_elena,CAMPAIGN_01,14.000000000,16.000000000,2.000000000,0.020929110,0.000000000,0.000000000
SE-C01-013-A0009,SE-C01-013,DS05,santa_elena,CAMPAIGN_01,16.000000000,18.000000000,2.000000000,0.021124228,0.000000000,0.000000000
SE-C01-013-A0010,SE-C01-013,DS05,santa_elena,CAMPAIGN_01,18.000000000,20.000000000,2.000000000,0.024045541,0.000000000,0.000000000
SE-C01-013-A0011,SE-C01-013,DS05,santa_elena,CAMPAIGN_01,20.000000000,22.000000000,2.000000000,0.022648750,0.000000000,0.000000000
SE-C01-013-A0012,SE-C01-013,DS05,santa_elena,CAMPAIGN_01,22.000000000,24.000000000,2.000000000,0.022703051,0.000000000,0.000000000
SE-C01-013-A0013,SE-C01-013,DS05,santa_elena,CAMPAIGN_01,24.000000000,26.000000000,2.000000000,0.020382880,0.000000000,0.000000000
SE-C01-013-A0014,SE-C01-013,DS05,santa_elena,CAMPAIGN_01,26.000000000,28.000000000,2.000000000,0.024567880,0.000000000,0.000000000
SE-C01-013-A0015,SE-C01-013,DS05,santa_elena,CAMPAIGN_01,28.000000000,30.000000000,2.000000000,0.026109613,0.000000000,0.000000000
SE-C01-013-A0016,SE-C01-013,DS05,santa_elena,CAMPAIGN_01,30.000000000,32.000000000,2.000000000,0.019686568,0.000000000,0.000000000
SE-C01-013-A0017,SE-C01-013,DS05,santa_elena,CAMPAIGN_01,32.000000000,34.000000000,2.000000000,0.023829206,0.000000000,0.000000000
SE-C01-013-A0018,SE-C01-013,DS05,santa_elena,CAMPAIGN_01,34.000000000,36.000000000,2.000000000,0.021932789,0.000000000,0.000000000
SE-C01-013-A0019,SE-C01-013,DS05,santa_elena,CAMPAIGN_01,36.000000000,38.000000000,2.000000000,0.027988024,0.000000000,0.000000000
SE-C01-013-A0020,SE-C01-013,DS05,santa_elena,CAMPAIGN_01,38.000000000,40.000000000,2.000000000,0.022451658,0.000000000,0.000000000
SE-C01-013-A0021,SE-C01-013,DS05,santa_elena,CAMPAIGN_01,40.000000000,42.000000000,2.000000000,0.024838406,0.000000000,0.000000000
SE-C01-013-A0022,SE-C01-013,DS05,santa_elena,CAMPAIGN_01,42.000000000,44.000000000,2.000000000,0.027569079,0.000000000,0.000000000
SE-C01-013-A0023,SE-C01-013,DS05,santa_elena,CAMPAIGN_01,44.000000000,46.000000000,2.000000000,0.024631418,0.000000000,0.000000000
SE-C01-013-A0024,SE-C01-013,DS05,santa_elena,CAMPAIGN_01,46.000000000,48.000000000,2.000000000,0.023464539,0.000000000,0.000000000
SE-C01-013-A0025,SE-C01-013,DS05,santa_elena,CAMPAIGN_01,48.000000000,50.000000000,2.000000000,0.026019263,0.000000000,0.000000000
SE-C01-013-A0026,SE-C01-013,DS05,santa_elena,CAMPAIGN_01,50.000000000,52.000000000,2.000000000,0.026510811,0.000000000,0.000000000
SE-C01-013-A0027,SE-C01-013,DS05,santa_elena,CAMPAIGN_01,52.000000000,54.000000000,2.000000000,0.025074207,0.000000000,0.000000000
SE-C01-013-A0028,SE-C01-013,DS05,santa_elena,CAMPAIGN_01,54.000000000,56.000000000,2.000000000,0.028013306,0.000000000,0.000000000
SE-C01-013-A0029,SE-C01-013,DS05,santa_elena,CAMPAIGN_01,56.000000000,58.000000000,2.000000000,0.026942201,0.000000000,0.000000000
SE-C01-013-A0030,SE-C01-013,DS05,santa_elena,CAMPAIGN_01,58.000000000,60.000000000,2.000000000,0.028614446,0.000000000,0.000000000
SE-C01-013-A0031,SE-C01-013,DS05,santa_elena,CAMPAIGN_01,60.000000000,62.000000000,2.000000000,0.026199551,0.000000000,0.000000000
SE-C01-013-A0032,SE-C01-013,DS05,santa_elena,CAMPAIGN_01,62.000000000,64.000000000,2.000000000,0.026011934,0.000000000,0.000000000
SE-C01-013-A0033,SE-C01-013,DS05,santa_elena,CAMPAIGN_01,64.000000000,66.000000000,2.000000000,0.028174101,0.000000000,0.000000000
SE-C01-013-A0034,SE-C01-013,DS05,santa_elena,CAMPAIGN_01,66.000000000,68.000000000,2.000000000,0.026118497,0.000000000,0.000000000
SE-C01-013-A0035,SE-C01-013,DS05,santa_elena,CAMPAIGN_01,68.000000000,70.000000000,2.000000000,0.027751579,0.000000000,0.000000000
SE-C01-013-A0036,SE-C01-013,DS05,santa_elena,CAMPAIGN_01,70.000000000,72.000000000,2.000000000,0.025028672,0.000000000,0.000000000
SE-C01-013-A0037,SE-C01-013,DS05,santa_elena,CAMPAIGN_01,72.000000000,74.000000000,2.000000000,0.025579995,0.000000000,0.000000000
SE-C01-013-A0038,SE-C01-013,DS05,santa_elena,CAMPAIGN_01,74.000000000,76.000000000,2.000000000,0.026356792,0.000000000,0.000000000
SE-C01-013-A0039,SE-C01-013,DS05,santa_elena,CAMPAIGN_01,76.000000000,78.000000000,2.000000000,0.027333972,0.000000000,0.000000000
SE-C01-013-A0040,SE-C01-013,DS05,santa_elena,CAMPAIGN_01,78.000000000,80.000000000,2.000000000,0.027105483,0.000000000,0.000000000
SE-C01-013-A0041,SE-C01-013,DS05,santa_elena,CAMPAIGN_01,80.000000000,82.000000000,2.000000000,0.026658830,0.000000000,0.000000000
SE-C01-013-A0042,SE-C01-013,DS05,santa_elena,CAMPAIGN_01,82.000000000,84.000000000,2.000000000,0.026978025,0.000000000,0.000000000
SE-C01-013-A0043,SE-C01-013,DS05,santa_elena,CAMPAIGN_01,84.000000000,86.000000000,2.000000000,0.029489816,0.000000000,0.000000000
SE-C01-013-A0044,SE-C01-013,DS05,santa_elena,CAMPAIGN_01,86.000000000,88.000000000,2.000000000,0.026338468,0.000000000,0.000000000
SE-C01-013-A0045,SE-C01-013,DS05,santa_elena,CAMPAIGN_01,88.000000000,90.000000000,2.000000000,0.026277877,0.000000000,0.000000000
SE-C01-013-A0046,SE-C01-013,DS05,santa_elena,CAMPAIGN_01,90.000000000,92.000000000,2.000000000,0.026594148,0.000000000,0.000000000
SE-C01-013-A0047,SE-C01-013,DS05,santa_elena,CAMPAIGN_01,92.000000000,94.000000000,2.000000000,0.026761773,0.000000000,0.000000000
SE-C01-013-A0048,SE-C01-013,DS05,santa_elena,CAMPAIGN_01,94.000000000,96.000000000,2.000000000,0.029800179,0.000000000,0.000000000
SE-C01-013-A0049,SE-C01-013,DS05,santa_elena,CAMPAIGN_01,96.000000000,98.000000000,2.000000000,0.026922187,0.000000000,0.000000000
SE-C01-013-A0050,SE-C01-013,DS05,santa_elena,CAMPAIGN_01,98.000000000,100.000000000,2.000000000,0.027836306,0.000000000,0.000000000
SE-C01-013-A0051,SE-C01-013,DS05,santa_elena,CAMPAIGN_01,100.000000000,102.000000000,2.000000000,0.025925204,0.000000000,0.000000000
SE-C01-013-A0052,SE-C01-013,DS05,santa_elena,CAMPAIGN_01,102.000000000,104.000000000,2.000000000,0.027695389,0.000000000,0.000000000
SE-C01-013-A0053,SE-C01-013,DS05,santa_elena,CAMPAIGN_01,104.000000000,106.000000000,2.000000000,0.028308468,0.000000000,0.000000000
SE-C01-013-A0054,SE-C01-013,DS05,santa_elena,CAMPAIGN_01,106.000000000,108.000000000,2.000000000,0.028004595,0.000000000,0.000000000
SE-C01-013-A0055,SE-C01-013,DS05,santa_elena,CAMPAIGN_01,108.000000000,110.000000000,2.000000000,0.027130404,0.000000000,0.000000000
SE-C01-013-A0056,SE-C01-013,DS05,santa_elena,CAMPAIGN_01,110.000000000,112.000000000,2.000000000,0.027849883,0.000000000,0.000000000
SE-C01-013-A0057,SE-C01-013,DS05,santa_elena,CAMPAIGN_01,112.000000000,114.000000000,2.000000000,0.024933280,0.000000000,0.000000000
SE-C01-013-A0058,SE-C01-013,DS05,santa_elena,CAMPAIGN_01,114.000000000,116.000000000,2.000000000,0.027766189,0.000000000,0.000000000
SE-C01-013-A0059,SE-C01-013,DS05,santa_elena,CAMPAIGN_01,116.000000000,118.000000000,2.000000000,0.027050084,0.000000000,0.000000000
SE-C01-013-A0060,SE-C01-013,DS05,santa_elena,CAMPAIGN_01,118.000000000,120.000000000,2.000000000,0.025513626,0.000000000,0.000000000
SE-C01-013-A0061,SE-C01-013,DS05,santa_elena,CAMPAIGN_01,120.000000000,122.000000000,2.000000000,0.027817853,0.000000000,0.000000000
SE-C01-013-A0062,SE-C01-013,DS05,santa_elena,CAMPAIGN_01,122.000000000,124.000000000,2.000000000,0.026833716,0.000000000,0.000000000
SE-C01-013-A0063,SE-C01-013,DS05,santa_elena,CAMPAIGN_01,124.000000000,126.000000000,2.000000000,0.028095194,0.000000000,0.000000000
SE-C01-013-A0064,SE-C01-013,DS05,santa_elena,CAMPAIGN_01,126.000000000,128.000000000,2.000000000,0.027946437,0.000000000,0.000000000
SE-C01-013-A0065,SE-C01-013,DS05,santa_elena,CAMPAIGN_01,128.000000000,130.000000000,2.000000000,0.029607010,0.000000000,0.000000000
SE-C01-013-A0066,SE-C01-013,DS05,santa_elena,CAMPAIGN_01,130.000000000,132.000000000,2.000000000,0.027355896,0.000000000,0.000000000
SE-C01-013-A0067,SE-C01-013,DS05,santa_elena,CAMPAIGN_01,132.000000000,134.000000000,2.000000000,0.026878114,0.000000000,0.000000000
SE-C01-013-A0068,SE-C01-013,DS05,santa_elena,CAMPAIGN_01,134.000000000,136.000000000,2.000000000,0.031419980,0.000000000,0.000000000
SE-C01-013-A0069,SE-C01-013,DS05,santa_elena,CAMPAIGN_01,136.000000000,138.000000000,2.000000000,0.028453916,0.000000000,0.000000000
SE-C01-013-A0070,SE-C01-013,DS05,santa_elena,CAMPAIGN_01,138.000000000,140.000000000,2.000000000,0.026217215,0.000000000,0.000000000
SE-C01-013-A0071,SE-C01-013,DS05,santa_elena,CAMPAIGN_01,140.000000000,142.000000000,2.000000000,0.025827307,0.000000000,0.000000000
SE-C01-013-A0072,SE-C01-013,DS05,santa_elena,CAMPAIGN_01,142.000000000,144.000000000,2.000000000,0.023341060,0.000000000,0.000000000
SE-C01-013-A0073,SE-C01-013,DS05,santa_elena,CAMPAIGN_01,144.000000000,146.000000000,2.000000000,0.029849763,0.000000000,0.000000000
SE-C01-013-A0074,SE-C01-013,DS05,santa_elena,CAMPAIGN_01,146.000000000,148.000000000,2.000000000,0.025586004,0.000000000,0.000000000
SE-C01-013-A0075,SE-C01-013,DS05,santa_elena,CAMPAIGN_01,148.000000000,150.000000000,2.000000000,0.024261996,0.000000000,0.000000000
SE-C01-013-A0076,SE-C01-013,DS05,santa_elena,CAMPAIGN_01,150.000000000,152.000000000,2.000000000,0.028801874,0.000000000,0.000000000
SE-C01-013-A0077,SE-C01-013,DS05,santa_elena,CAMPAIGN_01,152.000000000,154.000000000,2.000000000,0.026813301,0.000000000,0.000000000
SE-C01-013-A0078,SE-C01-013,DS05,santa_elena,CAMPAIGN_01,154.000000000,156.000000000,2.000000000,0.026113171,0.000000000,0.000000000
SE-C01-013-A0079,SE-C01-013,DS05,santa_elena,CAMPAIGN_01,156.000000000,158.000000000,2.000000000,0.027731686,0.000000000,0.000000000
SE-C01-013-A0080,SE-C01-013,DS05,santa_elena,CAMPAIGN_01,158.000000000,160.000000000,2.000000000,0.027833360,0.000000000,0.000000000
SE-C01-013-A0081,SE-C01-013,DS05,santa_elena,CAMPAIGN_01,160.000000000,162.000000000,2.000000000,0.023111629,0.000000000,0.000000000
SE-C01-013-A0082,SE-C01-013,DS05,santa_elena,CAMPAIGN_01,162.000000000,164.000000000,2.000000000,0.031376939,0.000000000,0.000000000
SE-C01-013-A0083,SE-C01-013,DS05,santa_elena,CAMPAIGN_01,164.000000000,166.000000000,2.000000000,0.028334563,0.000000000,0.000000000
SE-C01-013-A0084,SE-C01-013,DS05,santa_elena,CAMPAIGN_01,166.000000000,168.000000000,2.000000000,0.027798310,0.000000000,0.000000000
SE-C01-013-A0085,SE-C01-013,DS05,santa_elena,CAMPAIGN_01,168.000000000,170.000000000,2.000000000,0.023638968,0.000000000,0.000000000
SE-C01-013-A0086,SE-C01-013,DS05,santa_elena,CAMPAIGN_01,170.000000000,172.000000000,2.000000000,0.030203641,0.000000000,0.000000000
SE-C01-013-A0087,SE-C01-013,DS05,santa_elena,CAMPAIGN_01,172.000000000,174.000000000,2.000000000,0.026884184,0.000000000,0.000000000
SE-C01-013-A0088,SE-C01-013,DS05,santa_elena,CAMPAIGN_01,174.000000000,176.000000000,2.000000000,0.025860652,0.000000000,0.000000000
SE-C01-013-A0089,SE-C01-013,DS05,santa_elena,CAMPAIGN_01,176.000000000,178.000000000,2.000000000,0.026565274,0.000000000,0.000000000
SE-C01-013-A0090,SE-C01-013,DS05,santa_elena,CAMPAIGN_01,178.000000000,180.000000000,2.000000000,0.026789636,0.000000000,0.000000000
SE-C01-013-A0091,SE-C01-013,DS05,santa_elena,CAMPAIGN_01,180.000000000,182.000000000,2.000000000,0.027781088,0.000000000,0.000000000
SE-C01-013-A0092,SE-C01-013,DS05,santa_elena,CAMPAIGN_01,182.000000000,184.000000000,2.000000000,0.029728223,0.000000000,0.000000000
SE-C01-013-A0093,SE-C01-013,DS05,santa_elena,CAMPAIGN_01,184.000000000,186.000000000,2.000000000,0.026382501,0.000000000,0.000000000
SE-C01-013-A0094,SE-C01-013,DS05,santa_elena,CAMPAIGN_01,186.000000000,188.000000000,2.000000000,0.026433545,0.000000000,0.000000000
SE-C01-013-A0095,SE-C01-013,DS05,santa_elena,CAMPAIGN_01,188.000000000,190.000000000,2.000000000,0.029154361,0.000000000,0.000000000
SE-C01-013-A0096,SE-C01-013,DS05,santa_elena,CAMPAIGN_01,190.000000000,192.000000000,2.000000000,0.027503745,0.000000000,0.000000000
SE-C01-013-A0097,SE-C01-013,DS05,santa_elena,CAMPAIGN_01,192.000000000,194.000000000,2.000000000,0.027517448,0.000000000,0.000000000
SE-C01-013-A0098,SE-C01-013,DS05,santa_elena,CAMPAIGN_01,194.000000000,196.000000000,2.000000000,0.027547398,0.000000000,0.000000000
SE-C01-013-A0099,SE-C01-013,DS05,santa_elena,CAMPAIGN_01,196.000000000,198.000000000,2.000000000,0.028537745,0.000000000,0.000000000
SE-C01-013-A0100,SE-C01-013,DS05,santa_elena,CAMPAIGN_01,198.000000000,200.000000000,2.000000000,0.029200789,0.000000000,0.000000000
SE-C01-013-A0101,SE-C01-013,DS05,santa_elena,CAMPAIGN_01,200.000000000,202.000000000,2.000000000,0.026027972,0.000000000,0.000000000
SE-C01-013-A0102,SE-C01-013,DS05,santa_elena,CAMPAIGN_01,202.000000000,204.000000000,2.000000000,0.025359204,0.000000000,0.000000000
SE-C01-013-A0103,SE-C01-013,DS05,santa_elena,CAMPAIGN_01,204.000000000,206.000000000,2.000000000,0.027620687,0.000000000,0.000000000
SE-C01-013-A0104,SE-C01-013,DS05,santa_elena,CAMPAIGN_01,206.000000000,208.000000000,2.000000000,0.028069511,0.000000000,0.000000000
SE-C01-013-A0105,SE-C01-013,DS05,santa_elena,CAMPAIGN_01,208.000000000,210.000000000,2.000000000,0.027093992,0.000000000,0.000000000
SE-C01-014-A0001,SE-C01-014,DS05,santa_elena,CAMPAIGN_01,0.000000000,2.000000000,2.000000000,0.045019043,0.000000000,0.000000000
SE-C01-014-A0002,SE-C01-014,DS05,santa_elena,CAMPAIGN_01,2.000000000,4.000000000,2.000000000,0.044826163,0.000000000,0.000000000
SE-C01-014-A0003,SE-C01-014,DS05,santa_elena,CAMPAIGN_01,4.000000000,6.000000000,2.000000000,0.048999316,0.000000000,0.000000000
SE-C01-014-A0004,SE-C01-014,DS05,santa_elena,CAMPAIGN_01,6.000000000,8.000000000,2.000000000,0.047253991,0.000000000,0.000000000
SE-C01-014-A0005,SE-C01-014,DS05,santa_elena,CAMPAIGN_01,8.000000000,10.000000000,2.000000000,0.048077921,0.000000000,0.000000000
SE-C01-014-A0006,SE-C01-014,DS05,santa_elena,CAMPAIGN_01,10.000000000,12.000000000,2.000000000,0.050417239,0.000000000,0.000000000
SE-C01-014-A0007,SE-C01-014,DS05,santa_elena,CAMPAIGN_01,12.000000000,14.000000000,2.000000000,0.050886505,0.000000000,0.000000000
SE-C01-014-A0008,SE-C01-014,DS05,santa_elena,CAMPAIGN_01,14.000000000,16.000000000,2.000000000,0.044015458,0.000000000,0.000000000
SE-C01-014-A0009,SE-C01-014,DS05,santa_elena,CAMPAIGN_01,16.000000000,18.000000000,2.000000000,0.042715143,0.000000000,0.000000000
SE-C01-014-A0010,SE-C01-014,DS05,santa_elena,CAMPAIGN_01,18.000000000,20.000000000,2.000000000,0.047898996,0.000000000,0.000000000
SE-C01-014-A0011,SE-C01-014,DS05,santa_elena,CAMPAIGN_01,20.000000000,22.000000000,2.000000000,0.047776145,0.000000000,0.000000000
SE-C01-014-A0012,SE-C01-014,DS05,santa_elena,CAMPAIGN_01,22.000000000,24.000000000,2.000000000,0.049320436,0.000000000,0.000000000
SE-C01-014-A0013,SE-C01-014,DS05,santa_elena,CAMPAIGN_01,24.000000000,26.000000000,2.000000000,0.050480118,0.000000000,0.000000000
SE-C01-014-A0014,SE-C01-014,DS05,santa_elena,CAMPAIGN_01,26.000000000,28.000000000,2.000000000,0.047993984,0.000000000,0.000000000
SE-C01-014-A0015,SE-C01-014,DS05,santa_elena,CAMPAIGN_01,28.000000000,30.000000000,2.000000000,0.047312385,0.000000000,0.000000000
SE-C01-014-A0016,SE-C01-014,DS05,santa_elena,CAMPAIGN_01,30.000000000,32.000000000,2.000000000,0.050446545,0.000000000,0.000000000
SE-C01-014-A0017,SE-C01-014,DS05,santa_elena,CAMPAIGN_01,32.000000000,34.000000000,2.000000000,0.055611977,0.000000000,0.000000000
SE-C01-014-A0018,SE-C01-014,DS05,santa_elena,CAMPAIGN_01,34.000000000,36.000000000,2.000000000,0.052390433,0.000000000,0.000000000
SE-C01-014-A0019,SE-C01-014,DS05,santa_elena,CAMPAIGN_01,36.000000000,38.000000000,2.000000000,0.056259183,0.000000000,0.000000000
SE-C01-014-A0020,SE-C01-014,DS05,santa_elena,CAMPAIGN_01,38.000000000,40.000000000,2.000000000,0.052151359,0.000000000,0.000000000
SE-C01-014-A0021,SE-C01-014,DS05,santa_elena,CAMPAIGN_01,40.000000000,42.000000000,2.000000000,0.054595941,0.000000000,0.000000000
SE-C01-014-A0022,SE-C01-014,DS05,santa_elena,CAMPAIGN_01,42.000000000,44.000000000,2.000000000,0.053557060,0.000000000,0.000000000
SE-C01-014-A0023,SE-C01-014,DS05,santa_elena,CAMPAIGN_01,44.000000000,46.000000000,2.000000000,0.059487002,0.000000000,0.000000000
SE-C01-014-A0024,SE-C01-014,DS05,santa_elena,CAMPAIGN_01,46.000000000,48.000000000,2.000000000,0.059371464,0.000000000,0.000000000
SE-C01-014-A0025,SE-C01-014,DS05,santa_elena,CAMPAIGN_01,48.000000000,50.000000000,2.000000000,0.056234175,0.000000000,0.000000000
SE-C01-014-A0026,SE-C01-014,DS05,santa_elena,CAMPAIGN_01,50.000000000,52.000000000,2.000000000,0.060869082,0.000000000,0.000000000
SE-C01-014-A0027,SE-C01-014,DS05,santa_elena,CAMPAIGN_01,52.000000000,54.000000000,2.000000000,0.057825099,0.000000000,0.000000000
SE-C01-014-A0028,SE-C01-014,DS05,santa_elena,CAMPAIGN_01,54.000000000,56.000000000,2.000000000,0.056770280,0.000000000,0.000000000
SE-C01-014-A0029,SE-C01-014,DS05,santa_elena,CAMPAIGN_01,56.000000000,58.000000000,2.000000000,0.051549079,0.000000000,0.000000000
SE-C01-014-A0030,SE-C01-014,DS05,santa_elena,CAMPAIGN_01,58.000000000,60.000000000,2.000000000,0.058047326,0.000000000,0.000000000
SE-C01-014-A0031,SE-C01-014,DS05,santa_elena,CAMPAIGN_01,60.000000000,62.000000000,2.000000000,0.056955045,0.000000000,0.000000000
SE-C01-014-A0032,SE-C01-014,DS05,santa_elena,CAMPAIGN_01,62.000000000,64.000000000,2.000000000,0.065842835,0.000000000,0.000000000
SE-C01-014-A0033,SE-C01-014,DS05,santa_elena,CAMPAIGN_01,64.000000000,66.000000000,2.000000000,0.063447489,0.000000000,0.000000000
SE-C01-014-A0034,SE-C01-014,DS05,santa_elena,CAMPAIGN_01,66.000000000,68.000000000,2.000000000,0.056533080,0.000000000,0.000000000
SE-C01-014-A0035,SE-C01-014,DS05,santa_elena,CAMPAIGN_01,68.000000000,70.000000000,2.000000000,0.069448650,0.000000000,0.000000000
SE-C01-014-A0036,SE-C01-014,DS05,santa_elena,CAMPAIGN_01,70.000000000,72.000000000,2.000000000,0.061312999,0.000000000,0.000000000
SE-C01-014-A0037,SE-C01-014,DS05,santa_elena,CAMPAIGN_01,72.000000000,74.000000000,2.000000000,0.059086887,0.000000000,0.000000000
SE-C01-014-A0038,SE-C01-014,DS05,santa_elena,CAMPAIGN_01,74.000000000,76.000000000,2.000000000,0.060915458,0.000000000,0.000000000
SE-C01-014-A0039,SE-C01-014,DS05,santa_elena,CAMPAIGN_01,76.000000000,78.000000000,2.000000000,0.066786620,0.000000000,0.000000000
SE-C01-014-A0040,SE-C01-014,DS05,santa_elena,CAMPAIGN_01,78.000000000,80.000000000,2.000000000,0.063558197,0.000000000,0.000000000
SE-C01-014-A0041,SE-C01-014,DS05,santa_elena,CAMPAIGN_01,80.000000000,82.000000000,2.000000000,0.066197715,0.000000000,0.000000000
SE-C01-014-A0042,SE-C01-014,DS05,santa_elena,CAMPAIGN_01,82.000000000,84.000000000,2.000000000,0.067865323,0.000000000,0.000000000
SE-C01-014-A0043,SE-C01-014,DS05,santa_elena,CAMPAIGN_01,84.000000000,86.000000000,2.000000000,0.069622192,0.000000000,0.000000000
SE-C01-014-A0044,SE-C01-014,DS05,santa_elena,CAMPAIGN_01,86.000000000,88.000000000,2.000000000,0.066405164,0.000000000,0.000000000
SE-C01-014-A0045,SE-C01-014,DS05,santa_elena,CAMPAIGN_01,88.000000000,90.000000000,2.000000000,0.068972303,0.000000000,0.000000000
SE-C01-014-A0046,SE-C01-014,DS05,santa_elena,CAMPAIGN_01,90.000000000,92.000000000,2.000000000,0.067614763,0.000000000,0.000000000
SE-C01-014-A0047,SE-C01-014,DS05,santa_elena,CAMPAIGN_01,92.000000000,94.000000000,2.000000000,0.066238762,0.000000000,0.000000000
SE-C01-014-A0048,SE-C01-014,DS05,santa_elena,CAMPAIGN_01,94.000000000,96.000000000,2.000000000,0.068727779,0.000000000,0.000000000
SE-C01-014-A0049,SE-C01-014,DS05,santa_elena,CAMPAIGN_01,96.000000000,98.000000000,2.000000000,0.067869063,0.000000000,0.000000000
SE-C01-014-A0050,SE-C01-014,DS05,santa_elena,CAMPAIGN_01,98.000000000,100.000000000,2.000000000,0.072228129,0.000000000,0.000000000
SE-C01-014-A0051,SE-C01-014,DS05,santa_elena,CAMPAIGN_01,100.000000000,102.000000000,2.000000000,0.070835787,0.000000000,0.000000000
SE-C01-014-A0052,SE-C01-014,DS05,santa_elena,CAMPAIGN_01,102.000000000,104.000000000,2.000000000,0.072494453,0.000000000,0.000000000
SE-C01-014-A0053,SE-C01-014,DS05,santa_elena,CAMPAIGN_01,104.000000000,106.000000000,2.000000000,0.069261111,0.000000000,0.000000000
SE-C01-014-A0054,SE-C01-014,DS05,santa_elena,CAMPAIGN_01,106.000000000,108.000000000,2.000000000,0.071954689,0.000000000,0.000000000
SE-C01-014-A0055,SE-C01-014,DS05,santa_elena,CAMPAIGN_01,108.000000000,110.000000000,2.000000000,0.069055668,0.000000000,0.000000000
SE-C01-014-A0056,SE-C01-014,DS05,santa_elena,CAMPAIGN_01,110.000000000,112.000000000,2.000000000,0.071071901,0.000000000,0.000000000
SE-C01-014-A0057,SE-C01-014,DS05,santa_elena,CAMPAIGN_01,112.000000000,114.000000000,2.000000000,0.068070867,0.000000000,0.000000000
SE-C01-014-A0058,SE-C01-014,DS05,santa_elena,CAMPAIGN_01,114.000000000,116.000000000,2.000000000,0.070853162,0.000000000,0.000000000
SE-C01-014-A0059,SE-C01-014,DS05,santa_elena,CAMPAIGN_01,116.000000000,118.000000000,2.000000000,0.077788283,0.000000000,0.000000000
SE-C01-014-A0060,SE-C01-014,DS05,santa_elena,CAMPAIGN_01,118.000000000,120.000000000,2.000000000,0.067177060,0.000000000,0.000000000
SE-C01-014-A0061,SE-C01-014,DS05,santa_elena,CAMPAIGN_01,120.000000000,122.000000000,2.000000000,0.071287224,0.000000000,0.000000000
SE-C01-014-A0062,SE-C01-014,DS05,santa_elena,CAMPAIGN_01,122.000000000,124.000000000,2.000000000,0.070666561,0.000000000,0.000000000
SE-C01-014-A0063,SE-C01-014,DS05,santa_elena,CAMPAIGN_01,124.000000000,126.000000000,2.000000000,0.072726014,0.000000000,0.000000000
SE-C01-014-A0064,SE-C01-014,DS05,santa_elena,CAMPAIGN_01,126.000000000,128.000000000,2.000000000,0.070477487,0.000000000,0.000000000
SE-C01-014-A0065,SE-C01-014,DS05,santa_elena,CAMPAIGN_01,128.000000000,130.000000000,2.000000000,0.068093394,0.000000000,0.000000000
SE-C01-014-A0066,SE-C01-014,DS05,santa_elena,CAMPAIGN_01,130.000000000,132.000000000,2.000000000,0.074922218,0.000000000,0.000000000
SE-C01-014-A0067,SE-C01-014,DS05,santa_elena,CAMPAIGN_01,132.000000000,134.000000000,2.000000000,0.082005187,0.000000000,0.000000000
SE-C01-014-A0068,SE-C01-014,DS05,santa_elena,CAMPAIGN_01,134.000000000,136.000000000,2.000000000,0.072649820,0.000000000,0.000000000
SE-C01-014-A0069,SE-C01-014,DS05,santa_elena,CAMPAIGN_01,136.000000000,138.000000000,2.000000000,0.071836584,0.000000000,0.000000000
SE-C01-014-A0070,SE-C01-014,DS05,santa_elena,CAMPAIGN_01,138.000000000,140.000000000,2.000000000,0.073452717,0.000000000,0.000000000
SE-C01-014-A0071,SE-C01-014,DS05,santa_elena,CAMPAIGN_01,140.000000000,142.000000000,2.000000000,0.071506259,0.000000000,0.000000000
SE-C01-014-A0072,SE-C01-014,DS05,santa_elena,CAMPAIGN_01,142.000000000,144.000000000,2.000000000,0.070418082,0.000000000,0.000000000
SE-C01-014-A0073,SE-C01-014,DS05,santa_elena,CAMPAIGN_01,144.000000000,146.000000000,2.000000000,0.072484787,0.000000000,0.000000000
SE-C01-014-A0074,SE-C01-014,DS05,santa_elena,CAMPAIGN_01,146.000000000,148.000000000,2.000000000,0.071622425,0.000000000,0.000000000
SE-C01-014-A0075,SE-C01-014,DS05,santa_elena,CAMPAIGN_01,148.000000000,150.000000000,2.000000000,0.078544151,0.000000000,0.000000000
SE-C01-014-A0076,SE-C01-014,DS05,santa_elena,CAMPAIGN_01,150.000000000,152.000000000,2.000000000,0.073085973,0.000000000,0.000000000
SE-C01-014-A0077,SE-C01-014,DS05,santa_elena,CAMPAIGN_01,152.000000000,154.000000000,2.000000000,0.071276810,0.000000000,0.000000000
SE-C01-014-A0078,SE-C01-014,DS05,santa_elena,CAMPAIGN_01,154.000000000,156.000000000,2.000000000,0.070390189,0.000000000,0.000000000
SE-C01-014-A0079,SE-C01-014,DS05,santa_elena,CAMPAIGN_01,156.000000000,158.000000000,2.000000000,0.071835844,0.000000000,0.000000000
SE-C01-014-A0080,SE-C01-014,DS05,santa_elena,CAMPAIGN_01,158.000000000,160.000000000,2.000000000,0.069289751,0.000000000,0.000000000
SE-C01-014-A0081,SE-C01-014,DS05,santa_elena,CAMPAIGN_01,160.000000000,162.000000000,2.000000000,0.070926760,0.000000000,0.000000000
SE-C01-014-A0082,SE-C01-014,DS05,santa_elena,CAMPAIGN_01,162.000000000,164.000000000,2.000000000,0.067021712,0.000000000,0.000000000
SE-C01-014-A0083,SE-C01-014,DS05,santa_elena,CAMPAIGN_01,164.000000000,166.000000000,2.000000000,0.077546773,0.000000000,0.000000000
SE-C01-014-A0084,SE-C01-014,DS05,santa_elena,CAMPAIGN_01,166.000000000,168.000000000,2.000000000,0.074378283,0.000000000,0.000000000
SE-C01-014-A0085,SE-C01-014,DS05,santa_elena,CAMPAIGN_01,168.000000000,170.000000000,2.000000000,0.067951486,0.000000000,0.000000000
SE-C01-014-A0086,SE-C01-014,DS05,santa_elena,CAMPAIGN_01,170.000000000,172.000000000,2.000000000,0.070260263,0.000000000,0.000000000
SE-C01-014-A0087,SE-C01-014,DS05,santa_elena,CAMPAIGN_01,172.000000000,174.000000000,2.000000000,0.070294130,0.000000000,0.000000000
SE-C01-014-A0088,SE-C01-014,DS05,santa_elena,CAMPAIGN_01,174.000000000,176.000000000,2.000000000,0.071748470,0.000000000,0.000000000
SE-C01-014-A0089,SE-C01-014,DS05,santa_elena,CAMPAIGN_01,176.000000000,178.000000000,2.000000000,0.073495376,0.000000000,0.000000000
SE-C01-014-A0090,SE-C01-014,DS05,santa_elena,CAMPAIGN_01,178.000000000,180.000000000,2.000000000,0.067239145,0.000000000,0.000000000
SE-C01-014-A0091,SE-C01-014,DS05,santa_elena,CAMPAIGN_01,180.000000000,182.000000000,2.000000000,0.074413733,0.000000000,0.000000000
SE-C01-014-A0092,SE-C01-014,DS05,santa_elena,CAMPAIGN_01,182.000000000,184.000000000,2.000000000,0.067560672,0.000000000,0.000000000
SE-C01-014-A0093,SE-C01-014,DS05,santa_elena,CAMPAIGN_01,184.000000000,186.000000000,2.000000000,0.070874900,0.000000000,0.000000000
SE-C01-014-A0094,SE-C01-014,DS05,santa_elena,CAMPAIGN_01,186.000000000,188.000000000,2.000000000,0.062519363,0.000000000,0.000000000
SE-C01-014-A0095,SE-C01-014,DS05,santa_elena,CAMPAIGN_01,188.000000000,190.000000000,2.000000000,0.063582068,0.000000000,0.000000000
SE-C01-014-A0096,SE-C01-014,DS05,santa_elena,CAMPAIGN_01,190.000000000,192.000000000,2.000000000,0.065489737,0.000000000,0.000000000
SE-C01-014-A0097,SE-C01-014,DS05,santa_elena,CAMPAIGN_01,192.000000000,194.000000000,2.000000000,0.061902538,0.000000000,0.000000000
SE-C01-014-A0098,SE-C01-014,DS05,santa_elena,CAMPAIGN_01,194.000000000,196.000000000,2.000000000,0.068979315,0.000000000,0.000000000
SE-C01-014-A0099,SE-C01-014,DS05,santa_elena,CAMPAIGN_01,196.000000000,198.000000000,2.000000000,0.061373835,0.000000000,0.000000000
SE-C01-014-A0100,SE-C01-014,DS05,santa_elena,CAMPAIGN_01,198.000000000,200.000000000,2.000000000,0.065468913,0.000000000,0.000000000
SE-C01-014-A0101,SE-C01-014,DS05,santa_elena,CAMPAIGN_01,200.000000000,202.000000000,2.000000000,0.064853014,0.000000000,0.000000000
SE-C01-014-A0102,SE-C01-014,DS05,santa_elena,CAMPAIGN_01,202.000000000,204.000000000,2.000000000,0.058732934,0.000000000,0.000000000
SE-C01-014-A0103,SE-C01-014,DS05,santa_elena,CAMPAIGN_01,204.000000000,206.000000000,2.000000000,0.062482893,0.000000000,0.000000000
SE-C01-014-A0104,SE-C01-014,DS05,santa_elena,CAMPAIGN_01,206.000000000,208.000000000,2.000000000,0.066807662,0.000000000,0.000000000
SE-C01-014-A0105,SE-C01-014,DS05,santa_elena,CAMPAIGN_01,208.000000000,210.000000000,2.000000000,0.061385863,0.000000000,0.000000000
SE-C01-015-A0001,SE-C01-015,DS05,santa_elena,CAMPAIGN_01,0.000000000,2.000000000,2.000000000,0.032695517,0.000000000,0.000000000
SE-C01-015-A0002,SE-C01-015,DS05,santa_elena,CAMPAIGN_01,2.000000000,4.000000000,2.000000000,0.029273722,0.000000000,0.000000000
SE-C01-015-A0003,SE-C01-015,DS05,santa_elena,CAMPAIGN_01,4.000000000,6.000000000,2.000000000,0.035312632,0.000000000,0.000000000
SE-C01-015-A0004,SE-C01-015,DS05,santa_elena,CAMPAIGN_01,6.000000000,8.000000000,2.000000000,0.033796336,0.000000000,0.000000000
SE-C01-015-A0005,SE-C01-015,DS05,santa_elena,CAMPAIGN_01,8.000000000,10.000000000,2.000000000,0.034598308,0.000000000,0.000000000
SE-C01-015-A0006,SE-C01-015,DS05,santa_elena,CAMPAIGN_01,10.000000000,12.000000000,2.000000000,0.032827781,0.000000000,0.000000000
SE-C01-015-A0007,SE-C01-015,DS05,santa_elena,CAMPAIGN_01,12.000000000,14.000000000,2.000000000,0.030266181,0.000000000,0.000000000
SE-C01-015-A0008,SE-C01-015,DS05,santa_elena,CAMPAIGN_01,14.000000000,16.000000000,2.000000000,0.033598542,0.000000000,0.000000000
SE-C01-015-A0009,SE-C01-015,DS05,santa_elena,CAMPAIGN_01,16.000000000,18.000000000,2.000000000,0.034225008,0.000000000,0.000000000
SE-C01-015-A0010,SE-C01-015,DS05,santa_elena,CAMPAIGN_01,18.000000000,20.000000000,2.000000000,0.034704438,0.000000000,0.000000000
SE-C01-015-A0011,SE-C01-015,DS05,santa_elena,CAMPAIGN_01,20.000000000,22.000000000,2.000000000,0.034761114,0.000000000,0.000000000
SE-C01-015-A0012,SE-C01-015,DS05,santa_elena,CAMPAIGN_01,22.000000000,24.000000000,2.000000000,0.036181760,0.000000000,0.000000000
SE-C01-015-A0013,SE-C01-015,DS05,santa_elena,CAMPAIGN_01,24.000000000,26.000000000,2.000000000,0.035790649,0.000000000,0.000000000
SE-C01-015-A0014,SE-C01-015,DS05,santa_elena,CAMPAIGN_01,26.000000000,28.000000000,2.000000000,0.035143066,0.000000000,0.000000000
SE-C01-015-A0015,SE-C01-015,DS05,santa_elena,CAMPAIGN_01,28.000000000,30.000000000,2.000000000,0.041504388,0.000000000,0.000000000
SE-C01-015-A0016,SE-C01-015,DS05,santa_elena,CAMPAIGN_01,30.000000000,32.000000000,2.000000000,0.043034387,0.000000000,0.000000000
SE-C01-015-A0017,SE-C01-015,DS05,santa_elena,CAMPAIGN_01,32.000000000,34.000000000,2.000000000,0.039940590,0.000000000,0.000000000
SE-C01-015-A0018,SE-C01-015,DS05,santa_elena,CAMPAIGN_01,34.000000000,36.000000000,2.000000000,0.042600203,0.000000000,0.000000000
SE-C01-015-A0019,SE-C01-015,DS05,santa_elena,CAMPAIGN_01,36.000000000,38.000000000,2.000000000,0.040423383,0.000000000,0.000000000
SE-C01-015-A0020,SE-C01-015,DS05,santa_elena,CAMPAIGN_01,38.000000000,40.000000000,2.000000000,0.044335678,0.000000000,0.000000000
SE-C01-015-A0021,SE-C01-015,DS05,santa_elena,CAMPAIGN_01,40.000000000,42.000000000,2.000000000,0.035902901,0.000000000,0.000000000
SE-C01-015-A0022,SE-C01-015,DS05,santa_elena,CAMPAIGN_01,42.000000000,44.000000000,2.000000000,0.039189826,0.000000000,0.000000000
SE-C01-015-A0023,SE-C01-015,DS05,santa_elena,CAMPAIGN_01,44.000000000,46.000000000,2.000000000,0.040762171,0.000000000,0.000000000
SE-C01-015-A0024,SE-C01-015,DS05,santa_elena,CAMPAIGN_01,46.000000000,48.000000000,2.000000000,0.046773990,0.000000000,0.000000000
SE-C01-015-A0025,SE-C01-015,DS05,santa_elena,CAMPAIGN_01,48.000000000,50.000000000,2.000000000,0.040031261,0.000000000,0.000000000
SE-C01-015-A0026,SE-C01-015,DS05,santa_elena,CAMPAIGN_01,50.000000000,52.000000000,2.000000000,0.043748481,0.000000000,0.000000000
SE-C01-015-A0027,SE-C01-015,DS05,santa_elena,CAMPAIGN_01,52.000000000,54.000000000,2.000000000,0.040622977,0.000000000,0.000000000
SE-C01-015-A0028,SE-C01-015,DS05,santa_elena,CAMPAIGN_01,54.000000000,56.000000000,2.000000000,0.047202490,0.000000000,0.000000000
SE-C01-015-A0029,SE-C01-015,DS05,santa_elena,CAMPAIGN_01,56.000000000,58.000000000,2.000000000,0.046399234,0.000000000,0.000000000
SE-C01-015-A0030,SE-C01-015,DS05,santa_elena,CAMPAIGN_01,58.000000000,60.000000000,2.000000000,0.048071344,0.000000000,0.000000000
SE-C01-015-A0031,SE-C01-015,DS05,santa_elena,CAMPAIGN_01,60.000000000,62.000000000,2.000000000,0.041916829,0.000000000,0.000000000
SE-C01-015-A0032,SE-C01-015,DS05,santa_elena,CAMPAIGN_01,62.000000000,64.000000000,2.000000000,0.048625860,0.000000000,0.000000000
SE-C01-015-A0033,SE-C01-015,DS05,santa_elena,CAMPAIGN_01,64.000000000,66.000000000,2.000000000,0.050192154,0.000000000,0.000000000
SE-C01-015-A0034,SE-C01-015,DS05,santa_elena,CAMPAIGN_01,66.000000000,68.000000000,2.000000000,0.043315016,0.000000000,0.000000000
SE-C01-015-A0035,SE-C01-015,DS05,santa_elena,CAMPAIGN_01,68.000000000,70.000000000,2.000000000,0.046684812,0.000000000,0.000000000
SE-C01-015-A0036,SE-C01-015,DS05,santa_elena,CAMPAIGN_01,70.000000000,72.000000000,2.000000000,0.048409818,0.000000000,0.000000000
SE-C01-015-A0037,SE-C01-015,DS05,santa_elena,CAMPAIGN_01,72.000000000,74.000000000,2.000000000,0.048668756,0.000000000,0.000000000
SE-C01-015-A0038,SE-C01-015,DS05,santa_elena,CAMPAIGN_01,74.000000000,76.000000000,2.000000000,0.053925651,0.000000000,0.000000000
SE-C01-015-A0039,SE-C01-015,DS05,santa_elena,CAMPAIGN_01,76.000000000,78.000000000,2.000000000,0.047525559,0.000000000,0.000000000
SE-C01-015-A0040,SE-C01-015,DS05,santa_elena,CAMPAIGN_01,78.000000000,80.000000000,2.000000000,0.057284964,0.000000000,0.000000000
SE-C01-015-A0041,SE-C01-015,DS05,santa_elena,CAMPAIGN_01,80.000000000,82.000000000,2.000000000,0.048152977,0.000000000,0.000000000
SE-C01-015-A0042,SE-C01-015,DS05,santa_elena,CAMPAIGN_01,82.000000000,84.000000000,2.000000000,0.055068201,0.000000000,0.000000000
SE-C01-015-A0043,SE-C01-015,DS05,santa_elena,CAMPAIGN_01,84.000000000,86.000000000,2.000000000,0.056500522,0.000000000,0.000000000
SE-C01-015-A0044,SE-C01-015,DS05,santa_elena,CAMPAIGN_01,86.000000000,88.000000000,2.000000000,0.056008617,0.000000000,0.000000000
SE-C01-015-A0045,SE-C01-015,DS05,santa_elena,CAMPAIGN_01,88.000000000,90.000000000,2.000000000,0.059282143,0.000000000,0.000000000
SE-C01-015-A0046,SE-C01-015,DS05,santa_elena,CAMPAIGN_01,90.000000000,92.000000000,2.000000000,0.058886930,0.000000000,0.000000000
SE-C01-015-A0047,SE-C01-015,DS05,santa_elena,CAMPAIGN_01,92.000000000,94.000000000,2.000000000,0.055410068,0.000000000,0.000000000
SE-C01-015-A0048,SE-C01-015,DS05,santa_elena,CAMPAIGN_01,94.000000000,96.000000000,2.000000000,0.059146743,0.000000000,0.000000000
SE-C01-015-A0049,SE-C01-015,DS05,santa_elena,CAMPAIGN_01,96.000000000,98.000000000,2.000000000,0.061549904,0.000000000,0.000000000
SE-C01-015-A0050,SE-C01-015,DS05,santa_elena,CAMPAIGN_01,98.000000000,100.000000000,2.000000000,0.065115521,0.000000000,0.000000000
SE-C01-015-A0051,SE-C01-015,DS05,santa_elena,CAMPAIGN_01,100.000000000,102.000000000,2.000000000,0.061636239,0.000000000,0.000000000
SE-C01-015-A0052,SE-C01-015,DS05,santa_elena,CAMPAIGN_01,102.000000000,104.000000000,2.000000000,0.064960396,0.000000000,0.000000000
SE-C01-015-A0053,SE-C01-015,DS05,santa_elena,CAMPAIGN_01,104.000000000,106.000000000,2.000000000,0.062097486,0.000000000,0.000000000
SE-C01-015-A0054,SE-C01-015,DS05,santa_elena,CAMPAIGN_01,106.000000000,108.000000000,2.000000000,0.058464530,0.000000000,0.000000000
SE-C01-015-A0055,SE-C01-015,DS05,santa_elena,CAMPAIGN_01,108.000000000,110.000000000,2.000000000,0.066567174,0.000000000,0.000000000
SE-C01-015-A0056,SE-C01-015,DS05,santa_elena,CAMPAIGN_01,110.000000000,112.000000000,2.000000000,0.057643758,0.000000000,0.000000000
SE-C01-015-A0057,SE-C01-015,DS05,santa_elena,CAMPAIGN_01,112.000000000,114.000000000,2.000000000,0.064748747,0.000000000,0.000000000
SE-C01-015-A0058,SE-C01-015,DS05,santa_elena,CAMPAIGN_01,114.000000000,116.000000000,2.000000000,0.063391342,0.000000000,0.000000000
SE-C01-015-A0059,SE-C01-015,DS05,santa_elena,CAMPAIGN_01,116.000000000,118.000000000,2.000000000,0.066695841,0.000000000,0.000000000
SE-C01-015-A0060,SE-C01-015,DS05,santa_elena,CAMPAIGN_01,118.000000000,120.000000000,2.000000000,0.064225854,0.000000000,0.000000000
SE-C01-015-A0061,SE-C01-015,DS05,santa_elena,CAMPAIGN_01,120.000000000,122.000000000,2.000000000,0.068528790,0.000000000,0.000000000
SE-C01-015-A0062,SE-C01-015,DS05,santa_elena,CAMPAIGN_01,122.000000000,124.000000000,2.000000000,0.069195323,0.000000000,0.000000000
SE-C01-015-A0063,SE-C01-015,DS05,santa_elena,CAMPAIGN_01,124.000000000,126.000000000,2.000000000,0.064403766,0.000000000,0.000000000
SE-C01-015-A0064,SE-C01-015,DS05,santa_elena,CAMPAIGN_01,126.000000000,128.000000000,2.000000000,0.072235140,0.000000000,0.000000000
SE-C01-015-A0065,SE-C01-015,DS05,santa_elena,CAMPAIGN_01,128.000000000,130.000000000,2.000000000,0.066422876,0.000000000,0.000000000
SE-C01-015-A0066,SE-C01-015,DS05,santa_elena,CAMPAIGN_01,130.000000000,132.000000000,2.000000000,0.065928487,0.000000000,0.000000000
SE-C01-015-A0067,SE-C01-015,DS05,santa_elena,CAMPAIGN_01,132.000000000,134.000000000,2.000000000,0.073161533,0.000000000,0.000000000
SE-C01-015-A0068,SE-C01-015,DS05,santa_elena,CAMPAIGN_01,134.000000000,136.000000000,2.000000000,0.075387287,0.000000000,0.000000000
SE-C01-015-A0069,SE-C01-015,DS05,santa_elena,CAMPAIGN_01,136.000000000,138.000000000,2.000000000,0.064077574,0.000000000,0.000000000
SE-C01-015-A0070,SE-C01-015,DS05,santa_elena,CAMPAIGN_01,138.000000000,140.000000000,2.000000000,0.070998066,0.000000000,0.000000000
SE-C01-015-A0071,SE-C01-015,DS05,santa_elena,CAMPAIGN_01,140.000000000,142.000000000,2.000000000,0.076365166,0.000000000,0.000000000
SE-C01-015-A0072,SE-C01-015,DS05,santa_elena,CAMPAIGN_01,142.000000000,144.000000000,2.000000000,0.072577134,0.000000000,0.000000000
SE-C01-015-A0073,SE-C01-015,DS05,santa_elena,CAMPAIGN_01,144.000000000,146.000000000,2.000000000,0.079070431,0.000000000,0.000000000
SE-C01-015-A0074,SE-C01-015,DS05,santa_elena,CAMPAIGN_01,146.000000000,148.000000000,2.000000000,0.072863352,0.000000000,0.000000000
SE-C01-015-A0075,SE-C01-015,DS05,santa_elena,CAMPAIGN_01,148.000000000,150.000000000,2.000000000,0.071911472,0.000000000,0.000000000
SE-C01-015-A0076,SE-C01-015,DS05,santa_elena,CAMPAIGN_01,150.000000000,152.000000000,2.000000000,0.075194923,0.000000000,0.000000000
SE-C01-015-A0077,SE-C01-015,DS05,santa_elena,CAMPAIGN_01,152.000000000,154.000000000,2.000000000,0.077652556,0.000000000,0.000000000
SE-C01-015-A0078,SE-C01-015,DS05,santa_elena,CAMPAIGN_01,154.000000000,156.000000000,2.000000000,0.083403439,0.000000000,0.000000000
SE-C01-015-A0079,SE-C01-015,DS05,santa_elena,CAMPAIGN_01,156.000000000,158.000000000,2.000000000,0.083524577,0.000000000,0.000000000
SE-C01-015-A0080,SE-C01-015,DS05,santa_elena,CAMPAIGN_01,158.000000000,160.000000000,2.000000000,0.073675755,0.000000000,0.000000000
SE-C01-015-A0081,SE-C01-015,DS05,santa_elena,CAMPAIGN_01,160.000000000,162.000000000,2.000000000,0.078589792,0.000000000,0.000000000
SE-C01-015-A0082,SE-C01-015,DS05,santa_elena,CAMPAIGN_01,162.000000000,164.000000000,2.000000000,0.078886289,0.000000000,0.000000000
SE-C01-015-A0083,SE-C01-015,DS05,santa_elena,CAMPAIGN_01,164.000000000,166.000000000,2.000000000,0.079859772,0.000000000,0.000000000
SE-C01-015-A0084,SE-C01-015,DS05,santa_elena,CAMPAIGN_01,166.000000000,168.000000000,2.000000000,0.078151576,0.000000000,0.000000000
SE-C01-015-A0085,SE-C01-015,DS05,santa_elena,CAMPAIGN_01,168.000000000,170.000000000,2.000000000,0.075135293,0.000000000,0.000000000
SE-C01-015-A0086,SE-C01-015,DS05,santa_elena,CAMPAIGN_01,170.000000000,172.000000000,2.000000000,0.076411344,0.000000000,0.000000000
SE-C01-015-A0087,SE-C01-015,DS05,santa_elena,CAMPAIGN_01,172.000000000,174.000000000,2.000000000,0.075834004,0.000000000,0.000000000
SE-C01-015-A0088,SE-C01-015,DS05,santa_elena,CAMPAIGN_01,174.000000000,176.000000000,2.000000000,0.083577769,0.000000000,0.000000000
SE-C01-015-A0089,SE-C01-015,DS05,santa_elena,CAMPAIGN_01,176.000000000,178.000000000,2.000000000,0.078972128,0.000000000,0.000000000
SE-C01-015-A0090,SE-C01-015,DS05,santa_elena,CAMPAIGN_01,178.000000000,180.000000000,2.000000000,0.079981513,0.000000000,0.000000000
SE-C01-015-A0091,SE-C01-015,DS05,santa_elena,CAMPAIGN_01,180.000000000,182.000000000,2.000000000,0.076716454,0.000000000,0.000000000
SE-C01-015-A0092,SE-C01-015,DS05,santa_elena,CAMPAIGN_01,182.000000000,184.000000000,2.000000000,0.078546301,0.000000000,0.000000000
SE-C01-015-A0093,SE-C01-015,DS05,santa_elena,CAMPAIGN_01,184.000000000,186.000000000,2.000000000,0.081689345,0.000000000,0.000000000
SE-C01-015-A0094,SE-C01-015,DS05,santa_elena,CAMPAIGN_01,186.000000000,188.000000000,2.000000000,0.078189879,0.000000000,0.000000000
SE-C01-015-A0095,SE-C01-015,DS05,santa_elena,CAMPAIGN_01,188.000000000,190.000000000,2.000000000,0.082095060,0.000000000,0.000000000
SE-C01-015-A0096,SE-C01-015,DS05,santa_elena,CAMPAIGN_01,190.000000000,192.000000000,2.000000000,0.081806390,0.000000000,0.000000000
SE-C01-015-A0097,SE-C01-015,DS05,santa_elena,CAMPAIGN_01,192.000000000,194.000000000,2.000000000,0.077841708,0.000000000,0.000000000
SE-C01-015-A0098,SE-C01-015,DS05,santa_elena,CAMPAIGN_01,194.000000000,196.000000000,2.000000000,0.079097478,0.000000000,0.000000000
SE-C01-015-A0099,SE-C01-015,DS05,santa_elena,CAMPAIGN_01,196.000000000,198.000000000,2.000000000,0.081148660,0.000000000,0.000000000
SE-C01-015-A0100,SE-C01-015,DS05,santa_elena,CAMPAIGN_01,198.000000000,200.000000000,2.000000000,0.078555456,0.000000000,0.000000000
SE-C01-015-A0101,SE-C01-015,DS05,santa_elena,CAMPAIGN_01,200.000000000,202.000000000,2.000000000,0.071958684,0.000000000,0.000000000
SE-C01-015-A0102,SE-C01-015,DS05,santa_elena,CAMPAIGN_01,202.000000000,204.000000000,2.000000000,0.081479156,0.000000000,0.000000000
SE-C01-015-A0103,SE-C01-015,DS05,santa_elena,CAMPAIGN_01,204.000000000,206.000000000,2.000000000,0.078275916,0.000000000,0.000000000
SE-C01-015-A0104,SE-C01-015,DS05,santa_elena,CAMPAIGN_01,206.000000000,208.000000000,2.000000000,0.080087117,0.000000000,0.000000000
SE-C01-015-A0105,SE-C01-015,DS05,santa_elena,CAMPAIGN_01,208.000000000,210.000000000,2.000000000,0.076222671,0.000000000,0.000000000
SE-C01-015-A0106,SE-C01-015,DS05,santa_elena,CAMPAIGN_01,210.000000000,212.000000000,2.000000000,0.073127418,0.000000000,0.000000000
SE-C01-015-A0107,SE-C01-015,DS05,santa_elena,CAMPAIGN_01,212.000000000,214.000000000,2.000000000,0.078586256,0.000000000,0.000000000
SE-C01-015-A0108,SE-C01-015,DS05,santa_elena,CAMPAIGN_01,214.000000000,216.000000000,2.000000000,0.075904699,0.000000000,0.000000000
SE-C01-015-A0109,SE-C01-015,DS05,santa_elena,CAMPAIGN_01,216.000000000,218.000000000,2.000000000,0.078897172,0.000000000,0.000000000
SE-C01-015-A0110,SE-C01-015,DS05,santa_elena,CAMPAIGN_01,218.000000000,220.000000000,2.000000000,0.078151294,0.000000000,0.000000000
SE-C01-015-A0111,SE-C01-015,DS05,santa_elena,CAMPAIGN_01,220.000000000,222.000000000,2.000000000,0.073610815,0.000000000,0.000000000
SE-C01-015-A0112,SE-C01-015,DS05,santa_elena,CAMPAIGN_01,222.000000000,224.000000000,2.000000000,0.075766549,0.000000000,0.000000000
SE-C01-015-A0113,SE-C01-015,DS05,santa_elena,CAMPAIGN_01,224.000000000,226.000000000,2.000000000,0.071724330,0.000000000,0.000000000
SE-C01-015-A0114,SE-C01-015,DS05,santa_elena,CAMPAIGN_01,226.000000000,227.581517106,1.581517106,0.072946254,0.000000000,0.000000000
SE-C01-016-A0001,SE-C01-016,DS05,santa_elena,CAMPAIGN_01,0.000000000,2.000000000,2.000000000,0.019987698,0.000000000,0.000000000
SE-C01-016-A0002,SE-C01-016,DS05,santa_elena,CAMPAIGN_01,2.000000000,4.000000000,2.000000000,0.021457251,0.000000000,0.000000000
SE-C01-016-A0003,SE-C01-016,DS05,santa_elena,CAMPAIGN_01,4.000000000,6.000000000,2.000000000,0.015918307,0.000000000,0.000000000
SE-C01-016-A0004,SE-C01-016,DS05,santa_elena,CAMPAIGN_01,6.000000000,8.000000000,2.000000000,0.020618337,0.000000000,0.000000000
SE-C01-016-A0005,SE-C01-016,DS05,santa_elena,CAMPAIGN_01,8.000000000,10.000000000,2.000000000,0.020987927,0.000000000,0.000000000
SE-C01-016-A0006,SE-C01-016,DS05,santa_elena,CAMPAIGN_01,10.000000000,12.000000000,2.000000000,0.019408282,0.000000000,0.000000000
SE-C01-016-A0007,SE-C01-016,DS05,santa_elena,CAMPAIGN_01,12.000000000,14.000000000,2.000000000,0.017228748,0.000000000,0.000000000
SE-C01-016-A0008,SE-C01-016,DS05,santa_elena,CAMPAIGN_01,14.000000000,16.000000000,2.000000000,0.020386267,0.000000000,0.000000000
SE-C01-016-A0009,SE-C01-016,DS05,santa_elena,CAMPAIGN_01,16.000000000,18.000000000,2.000000000,0.022143411,0.000000000,0.000000000
SE-C01-016-A0010,SE-C01-016,DS05,santa_elena,CAMPAIGN_01,18.000000000,20.000000000,2.000000000,0.022152473,0.000000000,0.000000000
SE-C01-016-A0011,SE-C01-016,DS05,santa_elena,CAMPAIGN_01,20.000000000,22.000000000,2.000000000,0.019134160,0.000000000,0.000000000
SE-C01-016-A0012,SE-C01-016,DS05,santa_elena,CAMPAIGN_01,22.000000000,24.000000000,2.000000000,0.018953269,0.000000000,0.000000000
SE-C01-016-A0013,SE-C01-016,DS05,santa_elena,CAMPAIGN_01,24.000000000,26.000000000,2.000000000,0.021160784,0.000000000,0.000000000
SE-C01-016-A0014,SE-C01-016,DS05,santa_elena,CAMPAIGN_01,26.000000000,28.000000000,2.000000000,0.021851087,0.000000000,0.000000000
SE-C01-016-A0015,SE-C01-016,DS05,santa_elena,CAMPAIGN_01,28.000000000,30.000000000,2.000000000,0.020180941,0.000000000,0.000000000
SE-C01-016-A0016,SE-C01-016,DS05,santa_elena,CAMPAIGN_01,30.000000000,32.000000000,2.000000000,0.018793730,0.000000000,0.000000000
SE-C01-016-A0017,SE-C01-016,DS05,santa_elena,CAMPAIGN_01,32.000000000,34.000000000,2.000000000,0.020053755,0.000000000,0.000000000
SE-C01-016-A0018,SE-C01-016,DS05,santa_elena,CAMPAIGN_01,34.000000000,36.000000000,2.000000000,0.023524225,0.000000000,0.000000000
SE-C01-016-A0019,SE-C01-016,DS05,santa_elena,CAMPAIGN_01,36.000000000,38.000000000,2.000000000,0.018913564,0.000000000,0.000000000
SE-C01-016-A0020,SE-C01-016,DS05,santa_elena,CAMPAIGN_01,38.000000000,40.000000000,2.000000000,0.023131521,0.000000000,0.000000000
SE-C01-016-A0021,SE-C01-016,DS05,santa_elena,CAMPAIGN_01,40.000000000,42.000000000,2.000000000,0.021036143,0.000000000,0.000000000
SE-C01-016-A0022,SE-C01-016,DS05,santa_elena,CAMPAIGN_01,42.000000000,44.000000000,2.000000000,0.022526330,0.000000000,0.000000000
SE-C01-016-A0023,SE-C01-016,DS05,santa_elena,CAMPAIGN_01,44.000000000,46.000000000,2.000000000,0.019388233,0.000000000,0.000000000
SE-C01-016-A0024,SE-C01-016,DS05,santa_elena,CAMPAIGN_01,46.000000000,48.000000000,2.000000000,0.021031384,0.000000000,0.000000000
SE-C01-016-A0025,SE-C01-016,DS05,santa_elena,CAMPAIGN_01,48.000000000,50.000000000,2.000000000,0.021968979,0.000000000,0.000000000
SE-C01-016-A0026,SE-C01-016,DS05,santa_elena,CAMPAIGN_01,50.000000000,52.000000000,2.000000000,0.020544749,0.000000000,0.000000000
SE-C01-016-A0027,SE-C01-016,DS05,santa_elena,CAMPAIGN_01,52.000000000,54.000000000,2.000000000,0.017623697,0.000000000,0.000000000
SE-C01-016-A0028,SE-C01-016,DS05,santa_elena,CAMPAIGN_01,54.000000000,56.000000000,2.000000000,0.018654095,0.000000000,0.000000000
SE-C01-016-A0029,SE-C01-016,DS05,santa_elena,CAMPAIGN_01,56.000000000,58.000000000,2.000000000,0.023428143,0.000000000,0.000000000
SE-C01-016-A0030,SE-C01-016,DS05,santa_elena,CAMPAIGN_01,58.000000000,60.000000000,2.000000000,0.019275974,0.000000000,0.000000000
SE-C01-016-A0031,SE-C01-016,DS05,santa_elena,CAMPAIGN_01,60.000000000,62.000000000,2.000000000,0.019350339,0.000000000,0.000000000
SE-C01-016-A0032,SE-C01-016,DS05,santa_elena,CAMPAIGN_01,62.000000000,64.000000000,2.000000000,0.019296286,0.000000000,0.000000000
SE-C01-016-A0033,SE-C01-016,DS05,santa_elena,CAMPAIGN_01,64.000000000,66.000000000,2.000000000,0.023675483,0.000000000,0.000000000
SE-C01-016-A0034,SE-C01-016,DS05,santa_elena,CAMPAIGN_01,66.000000000,68.000000000,2.000000000,0.020567568,0.000000000,0.000000000
SE-C01-016-A0035,SE-C01-016,DS05,santa_elena,CAMPAIGN_01,68.000000000,70.000000000,2.000000000,0.021988864,0.000000000,0.000000000
SE-C01-016-A0036,SE-C01-016,DS05,santa_elena,CAMPAIGN_01,70.000000000,72.000000000,2.000000000,0.018202941,0.000000000,0.000000000
SE-C01-016-A0037,SE-C01-016,DS05,santa_elena,CAMPAIGN_01,72.000000000,74.000000000,2.000000000,0.022450926,0.000000000,0.000000000
SE-C01-016-A0038,SE-C01-016,DS05,santa_elena,CAMPAIGN_01,74.000000000,76.000000000,2.000000000,0.017864680,0.000000000,0.000000000
SE-C01-016-A0039,SE-C01-016,DS05,santa_elena,CAMPAIGN_01,76.000000000,78.000000000,2.000000000,0.021723399,0.000000000,0.000000000
SE-C01-016-A0040,SE-C01-016,DS05,santa_elena,CAMPAIGN_01,78.000000000,80.000000000,2.000000000,0.019586483,0.000000000,0.000000000
SE-C01-016-A0041,SE-C01-016,DS05,santa_elena,CAMPAIGN_01,80.000000000,82.000000000,2.000000000,0.019681525,0.000000000,0.000000000
SE-C01-016-A0042,SE-C01-016,DS05,santa_elena,CAMPAIGN_01,82.000000000,84.000000000,2.000000000,0.022600334,0.000000000,0.000000000
SE-C01-016-A0043,SE-C01-016,DS05,santa_elena,CAMPAIGN_01,84.000000000,86.000000000,2.000000000,0.025260710,0.000000000,0.000000000
SE-C01-016-A0044,SE-C01-016,DS05,santa_elena,CAMPAIGN_01,86.000000000,88.000000000,2.000000000,0.021866334,0.000000000,0.000000000
SE-C01-016-A0045,SE-C01-016,DS05,santa_elena,CAMPAIGN_01,88.000000000,90.000000000,2.000000000,0.020664476,0.000000000,0.000000000
SE-C01-016-A0046,SE-C01-016,DS05,santa_elena,CAMPAIGN_01,90.000000000,92.000000000,2.000000000,0.021523823,0.000000000,0.000000000
SE-C01-016-A0047,SE-C01-016,DS05,santa_elena,CAMPAIGN_01,92.000000000,94.000000000,2.000000000,0.019346161,0.000000000,0.000000000
SE-C01-016-A0048,SE-C01-016,DS05,santa_elena,CAMPAIGN_01,94.000000000,96.000000000,2.000000000,0.022654684,0.000000000,0.000000000
SE-C01-016-A0049,SE-C01-016,DS05,santa_elena,CAMPAIGN_01,96.000000000,98.000000000,2.000000000,0.019021635,0.000000000,0.000000000
SE-C01-016-A0050,SE-C01-016,DS05,santa_elena,CAMPAIGN_01,98.000000000,100.000000000,2.000000000,0.017762867,0.000000000,0.000000000
SE-C01-016-A0051,SE-C01-016,DS05,santa_elena,CAMPAIGN_01,100.000000000,102.000000000,2.000000000,0.021480515,0.000000000,0.000000000
SE-C01-016-A0052,SE-C01-016,DS05,santa_elena,CAMPAIGN_01,102.000000000,104.000000000,2.000000000,0.018756395,0.000000000,0.000000000
SE-C01-016-A0053,SE-C01-016,DS05,santa_elena,CAMPAIGN_01,104.000000000,106.000000000,2.000000000,0.022673787,0.000000000,0.000000000
SE-C01-016-A0054,SE-C01-016,DS05,santa_elena,CAMPAIGN_01,106.000000000,108.000000000,2.000000000,0.021577614,0.000000000,0.000000000
SE-C01-016-A0055,SE-C01-016,DS05,santa_elena,CAMPAIGN_01,108.000000000,110.000000000,2.000000000,0.022676492,0.000000000,0.000000000
SE-C01-016-A0056,SE-C01-016,DS05,santa_elena,CAMPAIGN_01,110.000000000,112.000000000,2.000000000,0.020604454,0.000000000,0.000000000
SE-C01-016-A0057,SE-C01-016,DS05,santa_elena,CAMPAIGN_01,112.000000000,114.000000000,2.000000000,0.020128212,0.000000000,0.000000000
SE-C01-016-A0058,SE-C01-016,DS05,santa_elena,CAMPAIGN_01,114.000000000,116.000000000,2.000000000,0.021285438,0.000000000,0.000000000
SE-C01-016-A0059,SE-C01-016,DS05,santa_elena,CAMPAIGN_01,116.000000000,118.000000000,2.000000000,0.021253181,0.000000000,0.000000000
SE-C01-016-A0060,SE-C01-016,DS05,santa_elena,CAMPAIGN_01,118.000000000,120.000000000,2.000000000,0.022513229,0.000000000,0.000000000
SE-C01-016-A0061,SE-C01-016,DS05,santa_elena,CAMPAIGN_01,120.000000000,122.000000000,2.000000000,0.022757234,0.000000000,0.000000000
SE-C01-016-A0062,SE-C01-016,DS05,santa_elena,CAMPAIGN_01,122.000000000,124.000000000,2.000000000,0.020913886,0.000000000,0.000000000
SE-C01-016-A0063,SE-C01-016,DS05,santa_elena,CAMPAIGN_01,124.000000000,126.000000000,2.000000000,0.019586704,0.000000000,0.000000000
SE-C01-016-A0064,SE-C01-016,DS05,santa_elena,CAMPAIGN_01,126.000000000,128.000000000,2.000000000,0.022732497,0.000000000,0.000000000
SE-C01-016-A0065,SE-C01-016,DS05,santa_elena,CAMPAIGN_01,128.000000000,130.000000000,2.000000000,0.019997286,0.000000000,0.000000000
SE-C01-016-A0066,SE-C01-016,DS05,santa_elena,CAMPAIGN_01,130.000000000,132.000000000,2.000000000,0.021542571,0.000000000,0.000000000
SE-C01-016-A0067,SE-C01-016,DS05,santa_elena,CAMPAIGN_01,132.000000000,134.000000000,2.000000000,0.023656834,0.000000000,0.000000000
SE-C01-016-A0068,SE-C01-016,DS05,santa_elena,CAMPAIGN_01,134.000000000,136.000000000,2.000000000,0.019039856,0.000000000,0.000000000
SE-C01-016-A0069,SE-C01-016,DS05,santa_elena,CAMPAIGN_01,136.000000000,138.000000000,2.000000000,0.021335575,0.000000000,0.000000000
SE-C01-016-A0070,SE-C01-016,DS05,santa_elena,CAMPAIGN_01,138.000000000,140.000000000,2.000000000,0.021351020,0.000000000,0.000000000
SE-C01-016-A0071,SE-C01-016,DS05,santa_elena,CAMPAIGN_01,140.000000000,142.000000000,2.000000000,0.023985027,0.000000000,0.000000000
SE-C01-016-A0072,SE-C01-016,DS05,santa_elena,CAMPAIGN_01,142.000000000,144.000000000,2.000000000,0.022316684,0.000000000,0.000000000
SE-C01-016-A0073,SE-C01-016,DS05,santa_elena,CAMPAIGN_01,144.000000000,146.000000000,2.000000000,0.025922812,0.000000000,0.000000000
SE-C01-016-A0074,SE-C01-016,DS05,santa_elena,CAMPAIGN_01,146.000000000,148.000000000,2.000000000,0.022072798,0.000000000,0.000000000
SE-C01-016-A0075,SE-C01-016,DS05,santa_elena,CAMPAIGN_01,148.000000000,150.000000000,2.000000000,0.024932931,0.000000000,0.000000000
SE-C01-016-A0076,SE-C01-016,DS05,santa_elena,CAMPAIGN_01,150.000000000,152.000000000,2.000000000,0.021822352,0.000000000,0.000000000
SE-C01-016-A0077,SE-C01-016,DS05,santa_elena,CAMPAIGN_01,152.000000000,154.000000000,2.000000000,0.023053207,0.000000000,0.000000000
SE-C01-016-A0078,SE-C01-016,DS05,santa_elena,CAMPAIGN_01,154.000000000,156.000000000,2.000000000,0.024355988,0.000000000,0.000000000
SE-C01-016-A0079,SE-C01-016,DS05,santa_elena,CAMPAIGN_01,156.000000000,158.000000000,2.000000000,0.020585153,0.000000000,0.000000000
SE-C01-016-A0080,SE-C01-016,DS05,santa_elena,CAMPAIGN_01,158.000000000,160.000000000,2.000000000,0.022049289,0.000000000,0.000000000
SE-C01-016-A0081,SE-C01-016,DS05,santa_elena,CAMPAIGN_01,160.000000000,162.000000000,2.000000000,0.018203725,0.000000000,0.000000000
SE-C01-016-A0082,SE-C01-016,DS05,santa_elena,CAMPAIGN_01,162.000000000,164.000000000,2.000000000,0.024592200,0.000000000,0.000000000
SE-C01-016-A0083,SE-C01-016,DS05,santa_elena,CAMPAIGN_01,164.000000000,166.000000000,2.000000000,0.021146102,0.000000000,0.000000000
SE-C01-016-A0084,SE-C01-016,DS05,santa_elena,CAMPAIGN_01,166.000000000,168.000000000,2.000000000,0.021853544,0.000000000,0.000000000
SE-C01-016-A0085,SE-C01-016,DS05,santa_elena,CAMPAIGN_01,168.000000000,170.000000000,2.000000000,0.025555345,0.000000000,0.000000000
SE-C01-016-A0086,SE-C01-016,DS05,santa_elena,CAMPAIGN_01,170.000000000,172.000000000,2.000000000,0.023056246,0.000000000,0.000000000
SE-C01-016-A0087,SE-C01-016,DS05,santa_elena,CAMPAIGN_01,172.000000000,174.000000000,2.000000000,0.021783937,0.000000000,0.000000000
SE-C01-016-A0088,SE-C01-016,DS05,santa_elena,CAMPAIGN_01,174.000000000,176.000000000,2.000000000,0.026252397,0.000000000,0.000000000
SE-C01-016-A0089,SE-C01-016,DS05,santa_elena,CAMPAIGN_01,176.000000000,178.000000000,2.000000000,0.025518597,0.000000000,0.000000000
SE-C01-016-A0090,SE-C01-016,DS05,santa_elena,CAMPAIGN_01,178.000000000,180.000000000,2.000000000,0.024960566,0.000000000,0.000000000
SE-C01-016-A0091,SE-C01-016,DS05,santa_elena,CAMPAIGN_01,180.000000000,182.000000000,2.000000000,0.025990518,0.000000000,0.000000000
SE-C01-016-A0092,SE-C01-016,DS05,santa_elena,CAMPAIGN_01,182.000000000,184.000000000,2.000000000,0.022949114,0.000000000,0.000000000
SE-C01-016-A0093,SE-C01-016,DS05,santa_elena,CAMPAIGN_01,184.000000000,186.000000000,2.000000000,0.022661430,0.000000000,0.000000000
SE-C01-016-A0094,SE-C01-016,DS05,santa_elena,CAMPAIGN_01,186.000000000,188.000000000,2.000000000,0.025068360,0.000000000,0.000000000
SE-C01-016-A0095,SE-C01-016,DS05,santa_elena,CAMPAIGN_01,188.000000000,190.000000000,2.000000000,0.025878802,0.000000000,0.000000000
SE-C01-016-A0096,SE-C01-016,DS05,santa_elena,CAMPAIGN_01,190.000000000,192.000000000,2.000000000,0.026131175,0.000000000,0.000000000
SE-C01-016-A0097,SE-C01-016,DS05,santa_elena,CAMPAIGN_01,192.000000000,194.000000000,2.000000000,0.021244508,0.000000000,0.000000000
SE-C01-016-A0098,SE-C01-016,DS05,santa_elena,CAMPAIGN_01,194.000000000,196.000000000,2.000000000,0.022143613,0.000000000,0.000000000
SE-C01-016-A0099,SE-C01-016,DS05,santa_elena,CAMPAIGN_01,196.000000000,198.000000000,2.000000000,0.027501645,0.000000000,0.000000000
SE-C01-016-A0100,SE-C01-016,DS05,santa_elena,CAMPAIGN_01,198.000000000,200.000000000,2.000000000,0.026753639,0.000000000,0.000000000
SE-C01-016-A0101,SE-C01-016,DS05,santa_elena,CAMPAIGN_01,200.000000000,202.000000000,2.000000000,0.027835617,0.000000000,0.000000000
SE-C01-016-A0102,SE-C01-016,DS05,santa_elena,CAMPAIGN_01,202.000000000,204.000000000,2.000000000,0.025612799,0.000000000,0.000000000
SE-C01-016-A0103,SE-C01-016,DS05,santa_elena,CAMPAIGN_01,204.000000000,206.000000000,2.000000000,0.026227950,0.000000000,0.000000000
SE-C01-016-A0104,SE-C01-016,DS05,santa_elena,CAMPAIGN_01,206.000000000,208.000000000,2.000000000,0.026048929,0.000000000,0.000000000
SE-C01-016-A0105,SE-C01-016,DS05,santa_elena,CAMPAIGN_01,208.000000000,210.000000000,2.000000000,0.025389002,0.000000000,0.000000000
SE-C01-016-A0106,SE-C01-016,DS05,santa_elena,CAMPAIGN_01,210.000000000,212.000000000,2.000000000,0.024577751,0.000000000,0.000000000
SE-C01-016-A0107,SE-C01-016,DS05,santa_elena,CAMPAIGN_01,212.000000000,214.000000000,2.000000000,0.024675507,0.000000000,0.000000000
SE-C01-016-A0108,SE-C01-016,DS05,santa_elena,CAMPAIGN_01,214.000000000,216.000000000,2.000000000,0.024362501,0.000000000,0.000000000
SE-C01-016-A0109,SE-C01-016,DS05,santa_elena,CAMPAIGN_01,216.000000000,218.000000000,2.000000000,0.025711084,0.000000000,0.000000000
SE-C01-016-A0110,SE-C01-016,DS05,santa_elena,CAMPAIGN_01,218.000000000,220.000000000,2.000000000,0.022723419,0.000000000,0.000000000
SE-C01-016-A0111,SE-C01-016,DS05,santa_elena,CAMPAIGN_01,220.000000000,222.000000000,2.000000000,0.025359582,0.000000000,0.000000000
SE-C01-016-A0112,SE-C01-016,DS05,santa_elena,CAMPAIGN_01,222.000000000,224.000000000,2.000000000,0.028901538,0.000000000,0.000000000
SE-C01-016-A0113,SE-C01-016,DS05,santa_elena,CAMPAIGN_01,224.000000000,226.000000000,2.000000000,0.028835149,0.000000000,0.000000000
SE-C01-016-A0114,SE-C01-016,DS05,santa_elena,CAMPAIGN_01,226.000000000,228.000000000,2.000000000,0.025152518,0.000000000,0.000000000
SE-C01-016-A0115,SE-C01-016,DS05,santa_elena,CAMPAIGN_01,228.000000000,230.000000000,2.000000000,0.026623509,0.000000000,0.000000000
SE-C01-016-A0116,SE-C01-016,DS05,santa_elena,CAMPAIGN_01,230.000000000,232.000000000,2.000000000,0.026747675,0.000000000,0.000000000
SE-C01-016-A0117,SE-C01-016,DS05,santa_elena,CAMPAIGN_01,232.000000000,234.000000000,2.000000000,0.023819000,0.000000000,0.000000000
SE-C01-016-A0118,SE-C01-016,DS05,santa_elena,CAMPAIGN_01,234.000000000,236.000000000,2.000000000,0.024226931,0.000000000,0.000000000
SE-C01-016-A0119,SE-C01-016,DS05,santa_elena,CAMPAIGN_01,236.000000000,238.000000000,2.000000000,0.025948724,0.000000000,0.000000000
SE-C01-016-A0120,SE-C01-016,DS05,santa_elena,CAMPAIGN_01,238.000000000,240.000000000,2.000000000,0.025684442,0.000000000,0.000000000
SE-C01-016-A0121,SE-C01-016,DS05,santa_elena,CAMPAIGN_01,240.000000000,242.000000000,2.000000000,0.027707160,0.000000000,0.000000000
SE-C01-016-A0122,SE-C01-016,DS05,santa_elena,CAMPAIGN_01,242.000000000,244.000000000,2.000000000,0.027635236,0.000000000,0.000000000
SE-C01-016-A0123,SE-C01-016,DS05,santa_elena,CAMPAIGN_01,244.000000000,246.000000000,2.000000000,0.027328828,0.000000000,0.000000000
SE-C01-016-A0124,SE-C01-016,DS05,santa_elena,CAMPAIGN_01,246.000000000,248.000000000,2.000000000,0.028022077,0.000000000,0.000000000
SE-C01-016-A0125,SE-C01-016,DS05,santa_elena,CAMPAIGN_01,248.000000000,250.000000000,2.000000000,0.030703160,0.000000000,0.000000000
SE-C01-016-A0126,SE-C01-016,DS05,santa_elena,CAMPAIGN_01,250.000000000,252.000000000,2.000000000,0.027256254,0.000000000,0.000000000
SE-C01-016-A0127,SE-C01-016,DS05,santa_elena,CAMPAIGN_01,252.000000000,254.000000000,2.000000000,0.022234429,0.000000000,0.000000000
SE-C01-016-A0128,SE-C01-016,DS05,santa_elena,CAMPAIGN_01,254.000000000,256.000000000,2.000000000,0.026341950,0.000000000,0.000000000
SE-C01-016-A0129,SE-C01-016,DS05,santa_elena,CAMPAIGN_01,256.000000000,258.000000000,2.000000000,0.026509152,0.000000000,0.000000000
SE-C01-016-A0130,SE-C01-016,DS05,santa_elena,CAMPAIGN_01,258.000000000,260.000000000,2.000000000,0.026620438,0.000000000,0.000000000
SE-C01-016-A0131,SE-C01-016,DS05,santa_elena,CAMPAIGN_01,260.000000000,262.000000000,2.000000000,0.028046422,0.000000000,0.000000000
SE-C01-016-A0132,SE-C01-016,DS05,santa_elena,CAMPAIGN_01,262.000000000,264.000000000,2.000000000,0.025379148,0.000000000,0.000000000
SE-C01-016-A0133,SE-C01-016,DS05,santa_elena,CAMPAIGN_01,264.000000000,266.000000000,2.000000000,0.028715676,0.000000000,0.000000000
SE-C01-016-A0134,SE-C01-016,DS05,santa_elena,CAMPAIGN_01,266.000000000,268.000000000,2.000000000,0.029293584,0.000000000,0.000000000
SE-C01-016-A0135,SE-C01-016,DS05,santa_elena,CAMPAIGN_01,268.000000000,270.000000000,2.000000000,0.026116790,0.000000000,0.000000000
SE-C01-016-A0136,SE-C01-016,DS05,santa_elena,CAMPAIGN_01,270.000000000,272.000000000,2.000000000,0.027354507,0.000000000,0.000000000
SE-C01-016-A0137,SE-C01-016,DS05,santa_elena,CAMPAIGN_01,272.000000000,274.000000000,2.000000000,0.027677576,0.000000000,0.000000000
SE-C01-016-A0138,SE-C01-016,DS05,santa_elena,CAMPAIGN_01,274.000000000,276.000000000,2.000000000,0.032545411,0.000000000,0.000000000
SE-C01-016-A0139,SE-C01-016,DS05,santa_elena,CAMPAIGN_01,276.000000000,278.000000000,2.000000000,0.026480188,0.000000000,0.000000000
SE-C01-016-A0140,SE-C01-016,DS05,santa_elena,CAMPAIGN_01,278.000000000,280.000000000,2.000000000,0.027571015,0.000000000,0.000000000
SE-C01-016-A0141,SE-C01-016,DS05,santa_elena,CAMPAIGN_01,280.000000000,282.000000000,2.000000000,0.026438730,0.000000000,0.000000000
SE-C01-016-A0142,SE-C01-016,DS05,santa_elena,CAMPAIGN_01,282.000000000,284.000000000,2.000000000,0.030285722,0.000000000,0.000000000
SE-C01-016-A0143,SE-C01-016,DS05,santa_elena,CAMPAIGN_01,284.000000000,286.000000000,2.000000000,0.027248433,0.000000000,0.000000000
SE-C01-016-A0144,SE-C01-016,DS05,santa_elena,CAMPAIGN_01,286.000000000,288.000000000,2.000000000,0.031043292,0.000000000,0.000000000
SE-C01-016-A0145,SE-C01-016,DS05,santa_elena,CAMPAIGN_01,288.000000000,290.000000000,2.000000000,0.031989515,0.000000000,0.000000000
SE-C01-016-A0146,SE-C01-016,DS05,santa_elena,CAMPAIGN_01,290.000000000,292.000000000,2.000000000,0.032505901,0.000000000,0.000000000
SE-C01-016-A0147,SE-C01-016,DS05,santa_elena,CAMPAIGN_01,292.000000000,294.000000000,2.000000000,0.029308839,0.000000000,0.000000000
SE-C01-016-A0148,SE-C01-016,DS05,santa_elena,CAMPAIGN_01,294.000000000,296.000000000,2.000000000,0.030364365,0.000000000,0.000000000
SE-C01-016-A0149,SE-C01-016,DS05,santa_elena,CAMPAIGN_01,296.000000000,298.000000000,2.000000000,0.027626843,0.000000000,0.000000000
SE-C01-016-A0150,SE-C01-016,DS05,santa_elena,CAMPAIGN_01,298.000000000,300.000000000,2.000000000,0.028424708,0.000000000,0.000000000
SE-C01-016-A0151,SE-C01-016,DS05,santa_elena,CAMPAIGN_01,300.000000000,302.000000000,2.000000000,0.029375187,0.000000000,0.000000000
SE-C01-016-A0152,SE-C01-016,DS05,santa_elena,CAMPAIGN_01,302.000000000,304.000000000,2.000000000,0.029677452,0.000000000,0.000000000
SE-C01-016-A0153,SE-C01-016,DS05,santa_elena,CAMPAIGN_01,304.000000000,306.000000000,2.000000000,0.028634806,0.000000000,0.000000000
SE-C01-016-A0154,SE-C01-016,DS05,santa_elena,CAMPAIGN_01,306.000000000,308.000000000,2.000000000,0.028102164,0.000000000,0.000000000
SE-C01-016-A0155,SE-C01-016,DS05,santa_elena,CAMPAIGN_01,308.000000000,310.000000000,2.000000000,0.029278835,0.000000000,0.000000000
SE-C01-016-A0156,SE-C01-016,DS05,santa_elena,CAMPAIGN_01,310.000000000,312.000000000,2.000000000,0.028064261,0.000000000,0.000000000
SE-C01-016-A0157,SE-C01-016,DS05,santa_elena,CAMPAIGN_01,312.000000000,314.000000000,2.000000000,0.028312810,0.000000000,0.000000000
SE-C01-016-A0158,SE-C01-016,DS05,santa_elena,CAMPAIGN_01,314.000000000,316.000000000,2.000000000,0.029246127,0.000000000,0.000000000
SE-C01-016-A0159,SE-C01-016,DS05,santa_elena,CAMPAIGN_01,316.000000000,318.000000000,2.000000000,0.029034219,0.000000000,0.000000000
SE-C01-016-A0160,SE-C01-016,DS05,santa_elena,CAMPAIGN_01,318.000000000,320.000000000,2.000000000,0.025548777,0.000000000,0.000000000
SE-C01-016-A0161,SE-C01-016,DS05,santa_elena,CAMPAIGN_01,320.000000000,322.000000000,2.000000000,0.030350611,0.000000000,0.000000000
SE-C01-016-A0162,SE-C01-016,DS05,santa_elena,CAMPAIGN_01,322.000000000,324.000000000,2.000000000,0.028832840,0.000000000,0.000000000
SE-C01-016-A0163,SE-C01-016,DS05,santa_elena,CAMPAIGN_01,324.000000000,326.000000000,2.000000000,0.026084320,0.000000000,0.000000000
SE-C01-016-A0164,SE-C01-016,DS05,santa_elena,CAMPAIGN_01,326.000000000,328.000000000,2.000000000,0.029299618,0.000000000,0.000000000
SE-C01-016-A0165,SE-C01-016,DS05,santa_elena,CAMPAIGN_01,328.000000000,330.000000000,2.000000000,0.027251882,0.000000000,0.000000000
SE-C01-016-A0166,SE-C01-016,DS05,santa_elena,CAMPAIGN_01,330.000000000,332.000000000,2.000000000,0.033117379,0.000000000,0.000000000
SE-C01-016-A0167,SE-C01-016,DS05,santa_elena,CAMPAIGN_01,332.000000000,334.000000000,2.000000000,0.026678142,0.000000000,0.000000000
SE-C01-016-A0168,SE-C01-016,DS05,santa_elena,CAMPAIGN_01,334.000000000,336.000000000,2.000000000,0.030324089,0.000000000,0.000000000
SE-C01-016-A0169,SE-C01-016,DS05,santa_elena,CAMPAIGN_01,336.000000000,338.000000000,2.000000000,0.025602127,0.000000000,0.000000000
SE-C01-016-A0170,SE-C01-016,DS05,santa_elena,CAMPAIGN_01,338.000000000,339.672661179,1.672661179,0.025710941,0.000000000,0.000000000
SE-C02-001-A0001,SE-C02-001,DS05,santa_elena,CAMPAIGN_02,0.000000000,2.000000000,2.000000000,0.126799474,0.000000000,0.000000000
SE-C02-001-A0002,SE-C02-001,DS05,santa_elena,CAMPAIGN_02,2.000000000,4.000000000,2.000000000,0.125903569,0.000000000,0.000000000
SE-C02-001-A0003,SE-C02-001,DS05,santa_elena,CAMPAIGN_02,4.000000000,6.000000000,2.000000000,0.131231657,0.000000000,0.000000000
SE-C02-001-A0004,SE-C02-001,DS05,santa_elena,CAMPAIGN_02,6.000000000,8.000000000,2.000000000,0.132072881,0.000000000,0.000000000
SE-C02-001-A0005,SE-C02-001,DS05,santa_elena,CAMPAIGN_02,8.000000000,10.000000000,2.000000000,0.143439875,0.000000000,0.000000000
SE-C02-001-A0006,SE-C02-001,DS05,santa_elena,CAMPAIGN_02,10.000000000,12.000000000,2.000000000,0.140847557,0.000000000,0.000000000
SE-C02-001-A0007,SE-C02-001,DS05,santa_elena,CAMPAIGN_02,12.000000000,14.000000000,2.000000000,0.153445418,0.000000000,0.000000000
SE-C02-001-A0008,SE-C02-001,DS05,santa_elena,CAMPAIGN_02,14.000000000,16.000000000,2.000000000,0.156999822,0.000000000,0.000000000
SE-C02-001-A0009,SE-C02-001,DS05,santa_elena,CAMPAIGN_02,16.000000000,18.000000000,2.000000000,0.165562777,0.000000000,0.000000000
SE-C02-001-A0010,SE-C02-001,DS05,santa_elena,CAMPAIGN_02,18.000000000,20.000000000,2.000000000,0.160834825,0.000000000,0.000000000
SE-C02-001-A0011,SE-C02-001,DS05,santa_elena,CAMPAIGN_02,20.000000000,22.000000000,2.000000000,0.171614830,0.000000000,0.000000000
SE-C02-001-A0012,SE-C02-001,DS05,santa_elena,CAMPAIGN_02,22.000000000,24.000000000,2.000000000,0.154308759,0.000000000,0.000000000
SE-C02-001-A0013,SE-C02-001,DS05,santa_elena,CAMPAIGN_02,24.000000000,26.000000000,2.000000000,0.171625488,0.000000000,0.000000000
SE-C02-001-A0014,SE-C02-001,DS05,santa_elena,CAMPAIGN_02,26.000000000,28.000000000,2.000000000,0.164100067,0.000000000,0.000000000
SE-C02-001-A0015,SE-C02-001,DS05,santa_elena,CAMPAIGN_02,28.000000000,30.000000000,2.000000000,0.186439216,0.000000000,0.000000000
SE-C02-001-A0016,SE-C02-001,DS05,santa_elena,CAMPAIGN_02,30.000000000,32.000000000,2.000000000,0.188958051,0.000000000,0.000000000
SE-C02-001-A0017,SE-C02-001,DS05,santa_elena,CAMPAIGN_02,32.000000000,34.000000000,2.000000000,0.183027576,0.000000000,0.000000000
SE-C02-001-A0018,SE-C02-001,DS05,santa_elena,CAMPAIGN_02,34.000000000,36.000000000,2.000000000,0.188237884,0.000000000,0.000000000
SE-C02-001-A0019,SE-C02-001,DS05,santa_elena,CAMPAIGN_02,36.000000000,38.000000000,2.000000000,0.196898175,0.000000000,0.000000000
SE-C02-001-A0020,SE-C02-001,DS05,santa_elena,CAMPAIGN_02,38.000000000,40.000000000,2.000000000,0.196480567,0.000000000,0.000000000
SE-C02-001-A0021,SE-C02-001,DS05,santa_elena,CAMPAIGN_02,40.000000000,42.000000000,2.000000000,0.203420008,0.000000000,0.000000000
SE-C02-001-A0022,SE-C02-001,DS05,santa_elena,CAMPAIGN_02,42.000000000,44.000000000,2.000000000,0.213074986,0.000000000,0.000000000
SE-C02-001-A0023,SE-C02-001,DS05,santa_elena,CAMPAIGN_02,44.000000000,46.000000000,2.000000000,0.196904315,0.000000000,0.000000000
SE-C02-001-A0024,SE-C02-001,DS05,santa_elena,CAMPAIGN_02,46.000000000,48.000000000,2.000000000,0.202262481,0.000000000,0.000000000
SE-C02-001-A0025,SE-C02-001,DS05,santa_elena,CAMPAIGN_02,48.000000000,50.000000000,2.000000000,0.228138609,0.000000000,0.000000000
SE-C02-001-A0026,SE-C02-001,DS05,santa_elena,CAMPAIGN_02,50.000000000,52.000000000,2.000000000,0.240115180,0.000000000,0.000000000
SE-C02-001-A0027,SE-C02-001,DS05,santa_elena,CAMPAIGN_02,52.000000000,54.000000000,2.000000000,0.209889378,0.000000000,0.000000000
SE-C02-001-A0028,SE-C02-001,DS05,santa_elena,CAMPAIGN_02,54.000000000,56.000000000,2.000000000,0.238544768,0.000000000,0.000000000
SE-C02-001-A0029,SE-C02-001,DS05,santa_elena,CAMPAIGN_02,56.000000000,58.000000000,2.000000000,0.253155355,0.000000000,0.000000000
SE-C02-001-A0030,SE-C02-001,DS05,santa_elena,CAMPAIGN_02,58.000000000,60.000000000,2.000000000,0.241386515,0.000000000,0.000000000
SE-C02-001-A0031,SE-C02-001,DS05,santa_elena,CAMPAIGN_02,60.000000000,62.000000000,2.000000000,0.256053049,0.000000000,0.000000000
SE-C02-001-A0032,SE-C02-001,DS05,santa_elena,CAMPAIGN_02,62.000000000,64.000000000,2.000000000,0.266990120,0.000000000,0.000000000
SE-C02-001-A0033,SE-C02-001,DS05,santa_elena,CAMPAIGN_02,64.000000000,66.000000000,2.000000000,0.274503048,0.000000000,0.000000000
SE-C02-001-A0034,SE-C02-001,DS05,santa_elena,CAMPAIGN_02,66.000000000,68.000000000,2.000000000,0.290836903,0.000000000,0.000000000
SE-C02-001-A0035,SE-C02-001,DS05,santa_elena,CAMPAIGN_02,68.000000000,70.000000000,2.000000000,0.270169531,0.000000000,0.000000000
SE-C02-001-A0036,SE-C02-001,DS05,santa_elena,CAMPAIGN_02,70.000000000,72.000000000,2.000000000,0.281879160,0.000000000,0.000000000
SE-C02-001-A0037,SE-C02-001,DS05,santa_elena,CAMPAIGN_02,72.000000000,74.000000000,2.000000000,0.280365504,0.000000000,0.000000000
SE-C02-001-A0038,SE-C02-001,DS05,santa_elena,CAMPAIGN_02,74.000000000,76.000000000,2.000000000,0.297414459,0.000000000,0.000000000
SE-C02-001-A0039,SE-C02-001,DS05,santa_elena,CAMPAIGN_02,76.000000000,78.000000000,2.000000000,0.303367403,0.000000000,0.000000000
SE-C02-001-A0040,SE-C02-001,DS05,santa_elena,CAMPAIGN_02,78.000000000,80.000000000,2.000000000,0.310175890,0.000000000,0.000000000
SE-C02-001-A0041,SE-C02-001,DS05,santa_elena,CAMPAIGN_02,80.000000000,82.000000000,2.000000000,0.307973507,0.000000000,0.000000000
SE-C02-001-A0042,SE-C02-001,DS05,santa_elena,CAMPAIGN_02,82.000000000,84.000000000,2.000000000,0.306227223,0.000000000,0.000000000
SE-C02-001-A0043,SE-C02-001,DS05,santa_elena,CAMPAIGN_02,84.000000000,86.000000000,2.000000000,0.308485615,0.000000000,0.000000000
SE-C02-001-A0044,SE-C02-001,DS05,santa_elena,CAMPAIGN_02,86.000000000,88.000000000,2.000000000,0.351649510,0.000000000,0.000000000
SE-C02-001-A0045,SE-C02-001,DS05,santa_elena,CAMPAIGN_02,88.000000000,90.000000000,2.000000000,0.316911103,0.000000000,0.000000000
SE-C02-001-A0046,SE-C02-001,DS05,santa_elena,CAMPAIGN_02,90.000000000,92.000000000,2.000000000,0.322498851,0.000000000,0.000000000
SE-C02-001-A0047,SE-C02-001,DS05,santa_elena,CAMPAIGN_02,92.000000000,94.000000000,2.000000000,0.332662238,0.000000000,0.000000000
SE-C02-001-A0048,SE-C02-001,DS05,santa_elena,CAMPAIGN_02,94.000000000,96.000000000,2.000000000,0.340992026,0.000000000,0.000000000
SE-C02-001-A0049,SE-C02-001,DS05,santa_elena,CAMPAIGN_02,96.000000000,98.000000000,2.000000000,0.332653227,0.000000000,0.000000000
SE-C02-001-A0050,SE-C02-001,DS05,santa_elena,CAMPAIGN_02,98.000000000,100.000000000,2.000000000,0.339467789,0.000000000,0.000000000
SE-C02-001-A0051,SE-C02-001,DS05,santa_elena,CAMPAIGN_02,100.000000000,102.000000000,2.000000000,0.363175318,0.000000000,0.000000000
SE-C02-001-A0052,SE-C02-001,DS05,santa_elena,CAMPAIGN_02,102.000000000,104.000000000,2.000000000,0.365731332,0.000000000,0.000000000
SE-C02-001-A0053,SE-C02-001,DS05,santa_elena,CAMPAIGN_02,104.000000000,106.000000000,2.000000000,0.371231197,0.000000000,0.000000000
SE-C02-001-A0054,SE-C02-001,DS05,santa_elena,CAMPAIGN_02,106.000000000,108.000000000,2.000000000,0.349620436,0.000000000,0.000000000
SE-C02-001-A0055,SE-C02-001,DS05,santa_elena,CAMPAIGN_02,108.000000000,110.000000000,2.000000000,0.375806047,0.000000000,0.000000000
SE-C02-001-A0056,SE-C02-001,DS05,santa_elena,CAMPAIGN_02,110.000000000,112.000000000,2.000000000,0.385771474,0.000000000,0.000000000
SE-C02-001-A0057,SE-C02-001,DS05,santa_elena,CAMPAIGN_02,112.000000000,114.000000000,2.000000000,0.410721185,0.000000000,0.000000000
SE-C02-001-A0058,SE-C02-001,DS05,santa_elena,CAMPAIGN_02,114.000000000,116.000000000,2.000000000,0.368473308,0.000000000,0.000000000
SE-C02-001-A0059,SE-C02-001,DS05,santa_elena,CAMPAIGN_02,116.000000000,118.000000000,2.000000000,0.401157683,0.000000000,0.000000000
SE-C02-001-A0060,SE-C02-001,DS05,santa_elena,CAMPAIGN_02,118.000000000,120.000000000,2.000000000,0.390777822,0.000000000,0.000000000
SE-C02-001-A0061,SE-C02-001,DS05,santa_elena,CAMPAIGN_02,120.000000000,122.000000000,2.000000000,0.404996988,0.000000000,0.000000000
SE-C02-001-A0062,SE-C02-001,DS05,santa_elena,CAMPAIGN_02,122.000000000,124.000000000,2.000000000,0.381246007,0.000000000,0.000000000
SE-C02-001-A0063,SE-C02-001,DS05,santa_elena,CAMPAIGN_02,124.000000000,126.000000000,2.000000000,0.429917236,0.000000000,0.000000000
SE-C02-001-A0064,SE-C02-001,DS05,santa_elena,CAMPAIGN_02,126.000000000,128.000000000,2.000000000,0.436694031,0.000000000,0.000000000
SE-C02-001-A0065,SE-C02-001,DS05,santa_elena,CAMPAIGN_02,128.000000000,130.000000000,2.000000000,0.408263402,0.000000000,0.000000000
SE-C02-001-A0066,SE-C02-001,DS05,santa_elena,CAMPAIGN_02,130.000000000,132.000000000,2.000000000,0.408208133,0.000000000,0.000000000
SE-C02-001-A0067,SE-C02-001,DS05,santa_elena,CAMPAIGN_02,132.000000000,134.000000000,2.000000000,0.437110811,0.000000000,0.000000000
SE-C02-001-A0068,SE-C02-001,DS05,santa_elena,CAMPAIGN_02,134.000000000,136.000000000,2.000000000,0.450938569,0.000000000,0.000000000
SE-C02-001-A0069,SE-C02-001,DS05,santa_elena,CAMPAIGN_02,136.000000000,138.000000000,2.000000000,0.430164261,0.000000000,0.000000000
SE-C02-001-A0070,SE-C02-001,DS05,santa_elena,CAMPAIGN_02,138.000000000,140.000000000,2.000000000,0.432676014,0.000000000,0.000000000
SE-C02-001-A0071,SE-C02-001,DS05,santa_elena,CAMPAIGN_02,140.000000000,142.000000000,2.000000000,0.430275093,0.000000000,0.000000000
SE-C02-001-A0072,SE-C02-001,DS05,santa_elena,CAMPAIGN_02,142.000000000,144.000000000,2.000000000,0.431107816,0.000000000,0.000000000
SE-C02-001-A0073,SE-C02-001,DS05,santa_elena,CAMPAIGN_02,144.000000000,146.000000000,2.000000000,0.439772828,0.000000000,0.000000000
SE-C02-001-A0074,SE-C02-001,DS05,santa_elena,CAMPAIGN_02,146.000000000,148.000000000,2.000000000,0.446003280,0.000000000,0.000000000
SE-C02-001-A0075,SE-C02-001,DS05,santa_elena,CAMPAIGN_02,148.000000000,150.000000000,2.000000000,0.487212305,0.000000000,0.000000000
SE-C02-001-A0076,SE-C02-001,DS05,santa_elena,CAMPAIGN_02,150.000000000,152.000000000,2.000000000,0.407340217,0.000000000,0.000000000
SE-C02-001-A0077,SE-C02-001,DS05,santa_elena,CAMPAIGN_02,152.000000000,154.000000000,2.000000000,0.493216233,0.000000000,0.000000000
SE-C02-001-A0078,SE-C02-001,DS05,santa_elena,CAMPAIGN_02,154.000000000,156.000000000,2.000000000,0.482484213,0.000000000,0.000000000
SE-C02-001-A0079,SE-C02-001,DS05,santa_elena,CAMPAIGN_02,156.000000000,158.000000000,2.000000000,0.431602752,0.000000000,0.000000000
SE-C02-001-A0080,SE-C02-001,DS05,santa_elena,CAMPAIGN_02,158.000000000,160.000000000,2.000000000,0.468454767,0.000000000,0.000000000
SE-C02-001-A0081,SE-C02-001,DS05,santa_elena,CAMPAIGN_02,160.000000000,162.000000000,2.000000000,0.472729140,0.000000000,0.000000000
SE-C02-001-A0082,SE-C02-001,DS05,santa_elena,CAMPAIGN_02,162.000000000,164.000000000,2.000000000,0.477370525,0.000000000,0.000000000
SE-C02-001-A0083,SE-C02-001,DS05,santa_elena,CAMPAIGN_02,164.000000000,166.000000000,2.000000000,0.475240949,0.000000000,0.000000000
SE-C02-001-A0084,SE-C02-001,DS05,santa_elena,CAMPAIGN_02,166.000000000,168.000000000,2.000000000,0.494332826,0.000000000,0.000000000
SE-C02-001-A0085,SE-C02-001,DS05,santa_elena,CAMPAIGN_02,168.000000000,170.000000000,2.000000000,0.483436275,0.000000000,0.000000000
SE-C02-001-A0086,SE-C02-001,DS05,santa_elena,CAMPAIGN_02,170.000000000,172.000000000,2.000000000,0.504420401,0.000000000,0.000000000
SE-C02-001-A0087,SE-C02-001,DS05,santa_elena,CAMPAIGN_02,172.000000000,174.000000000,2.000000000,0.473548573,0.000000000,0.000000000
SE-C02-001-A0088,SE-C02-001,DS05,santa_elena,CAMPAIGN_02,174.000000000,176.000000000,2.000000000,0.483063796,0.000000000,0.000000000
SE-C02-001-A0089,SE-C02-001,DS05,santa_elena,CAMPAIGN_02,176.000000000,178.000000000,2.000000000,0.484508424,0.000000000,0.000000000
SE-C02-001-A0090,SE-C02-001,DS05,santa_elena,CAMPAIGN_02,178.000000000,180.000000000,2.000000000,0.477585333,0.000000000,0.000000000
SE-C02-001-A0091,SE-C02-001,DS05,santa_elena,CAMPAIGN_02,180.000000000,182.000000000,2.000000000,0.527055521,0.000000000,0.000000000
SE-C02-001-A0092,SE-C02-001,DS05,santa_elena,CAMPAIGN_02,182.000000000,184.000000000,2.000000000,0.530860281,0.000000000,0.000000000
SE-C02-001-A0093,SE-C02-001,DS05,santa_elena,CAMPAIGN_02,184.000000000,186.000000000,2.000000000,0.495373221,0.000000000,0.000000000
SE-C02-001-A0094,SE-C02-001,DS05,santa_elena,CAMPAIGN_02,186.000000000,188.000000000,2.000000000,0.526569109,0.000000000,0.000000000
SE-C02-001-A0095,SE-C02-001,DS05,santa_elena,CAMPAIGN_02,188.000000000,190.000000000,2.000000000,0.514369584,0.000000000,0.000000000
SE-C02-001-A0096,SE-C02-001,DS05,santa_elena,CAMPAIGN_02,190.000000000,192.000000000,2.000000000,0.532360696,0.000000000,0.000000000
SE-C02-001-A0097,SE-C02-001,DS05,santa_elena,CAMPAIGN_02,192.000000000,194.000000000,2.000000000,0.491198226,0.000000000,0.000000000
SE-C02-001-A0098,SE-C02-001,DS05,santa_elena,CAMPAIGN_02,194.000000000,196.000000000,2.000000000,0.494574910,0.000000000,0.000000000
SE-C02-001-A0099,SE-C02-001,DS05,santa_elena,CAMPAIGN_02,196.000000000,198.000000000,2.000000000,0.502749369,0.000000000,0.000000000
SE-C02-001-A0100,SE-C02-001,DS05,santa_elena,CAMPAIGN_02,198.000000000,200.000000000,2.000000000,0.510134024,0.000000000,0.000000000
SE-C02-001-A0101,SE-C02-001,DS05,santa_elena,CAMPAIGN_02,200.000000000,202.000000000,2.000000000,0.491617106,0.000000000,0.000000000
SE-C02-001-A0102,SE-C02-001,DS05,santa_elena,CAMPAIGN_02,202.000000000,204.000000000,2.000000000,0.525779660,0.000000000,0.000000000
SE-C02-001-A0103,SE-C02-001,DS05,santa_elena,CAMPAIGN_02,204.000000000,206.000000000,2.000000000,0.511239116,0.000000000,0.000000000
SE-C02-001-A0104,SE-C02-001,DS05,santa_elena,CAMPAIGN_02,206.000000000,208.000000000,2.000000000,0.483517620,0.000000000,0.000000000
SE-C02-001-A0105,SE-C02-001,DS05,santa_elena,CAMPAIGN_02,208.000000000,210.000000000,2.000000000,0.509653636,0.000000000,0.000000000
SE-C02-002-A0001,SE-C02-002,DS05,santa_elena,CAMPAIGN_02,0.000000000,2.000000000,2.000000000,0.156785555,0.000000000,0.000000000
SE-C02-002-A0002,SE-C02-002,DS05,santa_elena,CAMPAIGN_02,2.000000000,4.000000000,2.000000000,0.152221344,0.000000000,0.000000000
SE-C02-002-A0003,SE-C02-002,DS05,santa_elena,CAMPAIGN_02,4.000000000,6.000000000,2.000000000,0.152080445,0.000000000,0.000000000
SE-C02-002-A0004,SE-C02-002,DS05,santa_elena,CAMPAIGN_02,6.000000000,8.000000000,2.000000000,0.160266051,0.000000000,0.000000000
SE-C02-002-A0005,SE-C02-002,DS05,santa_elena,CAMPAIGN_02,8.000000000,10.000000000,2.000000000,0.158554354,0.000000000,0.000000000
SE-C02-002-A0006,SE-C02-002,DS05,santa_elena,CAMPAIGN_02,10.000000000,12.000000000,2.000000000,0.159486147,0.000000000,0.000000000
SE-C02-002-A0007,SE-C02-002,DS05,santa_elena,CAMPAIGN_02,12.000000000,14.000000000,2.000000000,0.173869213,0.000000000,0.000000000
SE-C02-002-A0008,SE-C02-002,DS05,santa_elena,CAMPAIGN_02,14.000000000,16.000000000,2.000000000,0.173441057,0.000000000,0.000000000
SE-C02-002-A0009,SE-C02-002,DS05,santa_elena,CAMPAIGN_02,16.000000000,18.000000000,2.000000000,0.178395934,0.000000000,0.000000000
SE-C02-002-A0010,SE-C02-002,DS05,santa_elena,CAMPAIGN_02,18.000000000,20.000000000,2.000000000,0.176921389,0.000000000,0.000000000
SE-C02-002-A0011,SE-C02-002,DS05,santa_elena,CAMPAIGN_02,20.000000000,22.000000000,2.000000000,0.181157243,0.000000000,0.000000000
SE-C02-002-A0012,SE-C02-002,DS05,santa_elena,CAMPAIGN_02,22.000000000,24.000000000,2.000000000,0.204312399,0.000000000,0.000000000
SE-C02-002-A0013,SE-C02-002,DS05,santa_elena,CAMPAIGN_02,24.000000000,26.000000000,2.000000000,0.186093393,0.000000000,0.000000000
SE-C02-002-A0014,SE-C02-002,DS05,santa_elena,CAMPAIGN_02,26.000000000,28.000000000,2.000000000,0.207045181,0.000000000,0.000000000
SE-C02-002-A0015,SE-C02-002,DS05,santa_elena,CAMPAIGN_02,28.000000000,30.000000000,2.000000000,0.206867903,0.000000000,0.000000000
SE-C02-002-A0016,SE-C02-002,DS05,santa_elena,CAMPAIGN_02,30.000000000,32.000000000,2.000000000,0.216932845,0.000000000,0.000000000
SE-C02-002-A0017,SE-C02-002,DS05,santa_elena,CAMPAIGN_02,32.000000000,34.000000000,2.000000000,0.221862953,0.000000000,0.000000000
SE-C02-002-A0018,SE-C02-002,DS05,santa_elena,CAMPAIGN_02,34.000000000,36.000000000,2.000000000,0.238112276,0.000000000,0.000000000
SE-C02-002-A0019,SE-C02-002,DS05,santa_elena,CAMPAIGN_02,36.000000000,38.000000000,2.000000000,0.226636102,0.000000000,0.000000000
SE-C02-002-A0020,SE-C02-002,DS05,santa_elena,CAMPAIGN_02,38.000000000,40.000000000,2.000000000,0.239199773,0.000000000,0.000000000
SE-C02-002-A0021,SE-C02-002,DS05,santa_elena,CAMPAIGN_02,40.000000000,42.000000000,2.000000000,0.234078598,0.000000000,0.000000000
SE-C02-002-A0022,SE-C02-002,DS05,santa_elena,CAMPAIGN_02,42.000000000,44.000000000,2.000000000,0.243733543,0.000000000,0.000000000
SE-C02-002-A0023,SE-C02-002,DS05,santa_elena,CAMPAIGN_02,44.000000000,46.000000000,2.000000000,0.247187779,0.000000000,0.000000000
SE-C02-002-A0024,SE-C02-002,DS05,santa_elena,CAMPAIGN_02,46.000000000,48.000000000,2.000000000,0.251366417,0.000000000,0.000000000
SE-C02-002-A0025,SE-C02-002,DS05,santa_elena,CAMPAIGN_02,48.000000000,50.000000000,2.000000000,0.252963234,0.000000000,0.000000000
SE-C02-002-A0026,SE-C02-002,DS05,santa_elena,CAMPAIGN_02,50.000000000,52.000000000,2.000000000,0.296336705,0.000000000,0.000000000
SE-C02-002-A0027,SE-C02-002,DS05,santa_elena,CAMPAIGN_02,52.000000000,54.000000000,2.000000000,0.285728708,0.000000000,0.000000000
SE-C02-002-A0028,SE-C02-002,DS05,santa_elena,CAMPAIGN_02,54.000000000,56.000000000,2.000000000,0.285392470,0.000000000,0.000000000
SE-C02-002-A0029,SE-C02-002,DS05,santa_elena,CAMPAIGN_02,56.000000000,58.000000000,2.000000000,0.285408596,0.000000000,0.000000000
SE-C02-002-A0030,SE-C02-002,DS05,santa_elena,CAMPAIGN_02,58.000000000,60.000000000,2.000000000,0.275205935,0.000000000,0.000000000
SE-C02-002-A0031,SE-C02-002,DS05,santa_elena,CAMPAIGN_02,60.000000000,62.000000000,2.000000000,0.284644549,0.000000000,0.000000000
SE-C02-002-A0032,SE-C02-002,DS05,santa_elena,CAMPAIGN_02,62.000000000,64.000000000,2.000000000,0.308749958,0.000000000,0.000000000
SE-C02-002-A0033,SE-C02-002,DS05,santa_elena,CAMPAIGN_02,64.000000000,66.000000000,2.000000000,0.345875882,0.000000000,0.000000000
SE-C02-002-A0034,SE-C02-002,DS05,santa_elena,CAMPAIGN_02,66.000000000,68.000000000,2.000000000,0.313878729,0.000000000,0.000000000
SE-C02-002-A0035,SE-C02-002,DS05,santa_elena,CAMPAIGN_02,68.000000000,70.000000000,2.000000000,0.329399160,0.000000000,0.000000000
SE-C02-002-A0036,SE-C02-002,DS05,santa_elena,CAMPAIGN_02,70.000000000,72.000000000,2.000000000,0.342245844,0.000000000,0.000000000
SE-C02-002-A0037,SE-C02-002,DS05,santa_elena,CAMPAIGN_02,72.000000000,74.000000000,2.000000000,0.335324446,0.000000000,0.000000000
SE-C02-002-A0038,SE-C02-002,DS05,santa_elena,CAMPAIGN_02,74.000000000,76.000000000,2.000000000,0.366078419,0.000000000,0.000000000
SE-C02-002-A0039,SE-C02-002,DS05,santa_elena,CAMPAIGN_02,76.000000000,78.000000000,2.000000000,0.359521023,0.000000000,0.000000000
SE-C02-002-A0040,SE-C02-002,DS05,santa_elena,CAMPAIGN_02,78.000000000,80.000000000,2.000000000,0.355003401,0.000000000,0.000000000
SE-C02-002-A0041,SE-C02-002,DS05,santa_elena,CAMPAIGN_02,80.000000000,82.000000000,2.000000000,0.359911423,0.000000000,0.000000000
SE-C02-002-A0042,SE-C02-002,DS05,santa_elena,CAMPAIGN_02,82.000000000,84.000000000,2.000000000,0.359272929,0.000000000,0.000000000
SE-C02-002-A0043,SE-C02-002,DS05,santa_elena,CAMPAIGN_02,84.000000000,86.000000000,2.000000000,0.371270362,0.000000000,0.000000000
SE-C02-002-A0044,SE-C02-002,DS05,santa_elena,CAMPAIGN_02,86.000000000,88.000000000,2.000000000,0.374740617,0.000000000,0.000000000
SE-C02-002-A0045,SE-C02-002,DS05,santa_elena,CAMPAIGN_02,88.000000000,90.000000000,2.000000000,0.408474012,0.000000000,0.000000000
SE-C02-002-A0046,SE-C02-002,DS05,santa_elena,CAMPAIGN_02,90.000000000,92.000000000,2.000000000,0.396398857,0.000000000,0.000000000
SE-C02-002-A0047,SE-C02-002,DS05,santa_elena,CAMPAIGN_02,92.000000000,94.000000000,2.000000000,0.397077172,0.000000000,0.000000000
SE-C02-002-A0048,SE-C02-002,DS05,santa_elena,CAMPAIGN_02,94.000000000,96.000000000,2.000000000,0.394797271,0.000000000,0.000000000
SE-C02-002-A0049,SE-C02-002,DS05,santa_elena,CAMPAIGN_02,96.000000000,98.000000000,2.000000000,0.419408846,0.000000000,0.000000000
SE-C02-002-A0050,SE-C02-002,DS05,santa_elena,CAMPAIGN_02,98.000000000,100.000000000,2.000000000,0.420691171,0.000000000,0.000000000
SE-C02-002-A0051,SE-C02-002,DS05,santa_elena,CAMPAIGN_02,100.000000000,102.000000000,2.000000000,0.416611451,0.000000000,0.000000000
SE-C02-002-A0052,SE-C02-002,DS05,santa_elena,CAMPAIGN_02,102.000000000,104.000000000,2.000000000,0.419597692,0.000000000,0.000000000
SE-C02-002-A0053,SE-C02-002,DS05,santa_elena,CAMPAIGN_02,104.000000000,106.000000000,2.000000000,0.445964021,0.000000000,0.000000000
SE-C02-002-A0054,SE-C02-002,DS05,santa_elena,CAMPAIGN_02,106.000000000,108.000000000,2.000000000,0.478630554,0.000000000,0.000000000
SE-C02-002-A0055,SE-C02-002,DS05,santa_elena,CAMPAIGN_02,108.000000000,110.000000000,2.000000000,0.453037403,0.000000000,0.000000000
SE-C02-002-A0056,SE-C02-002,DS05,santa_elena,CAMPAIGN_02,110.000000000,112.000000000,2.000000000,0.421502988,0.000000000,0.000000000
SE-C02-002-A0057,SE-C02-002,DS05,santa_elena,CAMPAIGN_02,112.000000000,114.000000000,2.000000000,0.471623168,0.000000000,0.000000000
SE-C02-002-A0058,SE-C02-002,DS05,santa_elena,CAMPAIGN_02,114.000000000,116.000000000,2.000000000,0.471380957,0.000000000,0.000000000
SE-C02-002-A0059,SE-C02-002,DS05,santa_elena,CAMPAIGN_02,116.000000000,118.000000000,2.000000000,0.440799333,0.000000000,0.000000000
SE-C02-002-A0060,SE-C02-002,DS05,santa_elena,CAMPAIGN_02,118.000000000,120.000000000,2.000000000,0.486995773,0.000000000,0.000000000
SE-C02-002-A0061,SE-C02-002,DS05,santa_elena,CAMPAIGN_02,120.000000000,122.000000000,2.000000000,0.478184901,0.000000000,0.000000000
SE-C02-002-A0062,SE-C02-002,DS05,santa_elena,CAMPAIGN_02,122.000000000,124.000000000,2.000000000,0.468362731,0.000000000,0.000000000
SE-C02-002-A0063,SE-C02-002,DS05,santa_elena,CAMPAIGN_02,124.000000000,126.000000000,2.000000000,0.489777187,0.000000000,0.000000000
SE-C02-002-A0064,SE-C02-002,DS05,santa_elena,CAMPAIGN_02,126.000000000,128.000000000,2.000000000,0.505952192,0.000000000,0.000000000
SE-C02-002-A0065,SE-C02-002,DS05,santa_elena,CAMPAIGN_02,128.000000000,130.000000000,2.000000000,0.468982978,0.000000000,0.000000000
SE-C02-002-A0066,SE-C02-002,DS05,santa_elena,CAMPAIGN_02,130.000000000,132.000000000,2.000000000,0.513822354,0.000000000,0.000000000
SE-C02-002-A0067,SE-C02-002,DS05,santa_elena,CAMPAIGN_02,132.000000000,134.000000000,2.000000000,0.485860440,0.000000000,0.000000000
SE-C02-002-A0068,SE-C02-002,DS05,santa_elena,CAMPAIGN_02,134.000000000,136.000000000,2.000000000,0.528219285,0.000000000,0.000000000
SE-C02-002-A0069,SE-C02-002,DS05,santa_elena,CAMPAIGN_02,136.000000000,138.000000000,2.000000000,0.545395945,0.000000000,0.000000000
SE-C02-002-A0070,SE-C02-002,DS05,santa_elena,CAMPAIGN_02,138.000000000,140.000000000,2.000000000,0.504746196,0.000000000,0.000000000
SE-C02-002-A0071,SE-C02-002,DS05,santa_elena,CAMPAIGN_02,140.000000000,142.000000000,2.000000000,0.534873462,0.000000000,0.000000000
SE-C02-002-A0072,SE-C02-002,DS05,santa_elena,CAMPAIGN_02,142.000000000,144.000000000,2.000000000,0.588036450,0.000000000,0.000000000
SE-C02-002-A0073,SE-C02-002,DS05,santa_elena,CAMPAIGN_02,144.000000000,146.000000000,2.000000000,0.553786713,0.000000000,0.000000000
SE-C02-002-A0074,SE-C02-002,DS05,santa_elena,CAMPAIGN_02,146.000000000,148.000000000,2.000000000,0.582784067,0.000000000,0.000000000
SE-C02-002-A0075,SE-C02-002,DS05,santa_elena,CAMPAIGN_02,148.000000000,150.000000000,2.000000000,0.520635161,0.000000000,0.000000000
SE-C02-002-A0076,SE-C02-002,DS05,santa_elena,CAMPAIGN_02,150.000000000,152.000000000,2.000000000,0.558711636,0.000000000,0.000000000
SE-C02-002-A0077,SE-C02-002,DS05,santa_elena,CAMPAIGN_02,152.000000000,154.000000000,2.000000000,0.531877773,0.000000000,0.000000000
SE-C02-002-A0078,SE-C02-002,DS05,santa_elena,CAMPAIGN_02,154.000000000,156.000000000,2.000000000,0.581268722,0.000000000,0.000000000
SE-C02-002-A0079,SE-C02-002,DS05,santa_elena,CAMPAIGN_02,156.000000000,158.000000000,2.000000000,0.553689145,0.000000000,0.000000000
SE-C02-002-A0080,SE-C02-002,DS05,santa_elena,CAMPAIGN_02,158.000000000,160.000000000,2.000000000,0.564867272,0.000000000,0.000000000
SE-C02-002-A0081,SE-C02-002,DS05,santa_elena,CAMPAIGN_02,160.000000000,162.000000000,2.000000000,0.568146941,0.000000000,0.000000000
SE-C02-002-A0082,SE-C02-002,DS05,santa_elena,CAMPAIGN_02,162.000000000,164.000000000,2.000000000,0.571730217,0.000000000,0.000000000
SE-C02-002-A0083,SE-C02-002,DS05,santa_elena,CAMPAIGN_02,164.000000000,166.000000000,2.000000000,0.593850697,0.000000000,0.000000000
SE-C02-002-A0084,SE-C02-002,DS05,santa_elena,CAMPAIGN_02,166.000000000,168.000000000,2.000000000,0.573417665,0.000000000,0.000000000
SE-C02-002-A0085,SE-C02-002,DS05,santa_elena,CAMPAIGN_02,168.000000000,170.000000000,2.000000000,0.586569645,0.000000000,0.000000000
SE-C02-002-A0086,SE-C02-002,DS05,santa_elena,CAMPAIGN_02,170.000000000,172.000000000,2.000000000,0.588132178,0.000000000,0.000000000
SE-C02-002-A0087,SE-C02-002,DS05,santa_elena,CAMPAIGN_02,172.000000000,174.000000000,2.000000000,0.571295599,0.000000000,0.000000000
SE-C02-002-A0088,SE-C02-002,DS05,santa_elena,CAMPAIGN_02,174.000000000,176.000000000,2.000000000,0.598350768,0.000000000,0.000000000
SE-C02-002-A0089,SE-C02-002,DS05,santa_elena,CAMPAIGN_02,176.000000000,178.000000000,2.000000000,0.585084130,0.000000000,0.000000000
SE-C02-002-A0090,SE-C02-002,DS05,santa_elena,CAMPAIGN_02,178.000000000,180.000000000,2.000000000,0.546942141,0.000000000,0.000000000
SE-C02-002-A0091,SE-C02-002,DS05,santa_elena,CAMPAIGN_02,180.000000000,182.000000000,2.000000000,0.606687733,0.000000000,0.000000000
SE-C02-002-A0092,SE-C02-002,DS05,santa_elena,CAMPAIGN_02,182.000000000,184.000000000,2.000000000,0.564459492,0.000000000,0.000000000
SE-C02-002-A0093,SE-C02-002,DS05,santa_elena,CAMPAIGN_02,184.000000000,186.000000000,2.000000000,0.613061157,0.000000000,0.000000000
SE-C02-002-A0094,SE-C02-002,DS05,santa_elena,CAMPAIGN_02,186.000000000,188.000000000,2.000000000,0.577264700,0.000000000,0.000000000
SE-C02-002-A0095,SE-C02-002,DS05,santa_elena,CAMPAIGN_02,188.000000000,190.000000000,2.000000000,0.572313250,0.000000000,0.000000000
SE-C02-002-A0096,SE-C02-002,DS05,santa_elena,CAMPAIGN_02,190.000000000,192.000000000,2.000000000,0.599267153,0.000000000,0.000000000
SE-C02-002-A0097,SE-C02-002,DS05,santa_elena,CAMPAIGN_02,192.000000000,194.000000000,2.000000000,0.573076388,0.000000000,0.000000000
SE-C02-002-A0098,SE-C02-002,DS05,santa_elena,CAMPAIGN_02,194.000000000,196.000000000,2.000000000,0.598694873,0.000000000,0.000000000
SE-C02-002-A0099,SE-C02-002,DS05,santa_elena,CAMPAIGN_02,196.000000000,198.000000000,2.000000000,0.623119280,0.000000000,0.000000000
SE-C02-002-A0100,SE-C02-002,DS05,santa_elena,CAMPAIGN_02,198.000000000,200.000000000,2.000000000,0.594473587,0.000000000,0.000000000
SE-C02-002-A0101,SE-C02-002,DS05,santa_elena,CAMPAIGN_02,200.000000000,202.000000000,2.000000000,0.608179035,0.000000000,0.000000000
SE-C02-002-A0102,SE-C02-002,DS05,santa_elena,CAMPAIGN_02,202.000000000,204.000000000,2.000000000,0.591248782,0.000000000,0.000000000
SE-C02-002-A0103,SE-C02-002,DS05,santa_elena,CAMPAIGN_02,204.000000000,206.000000000,2.000000000,0.590233764,0.000000000,0.000000000
SE-C02-002-A0104,SE-C02-002,DS05,santa_elena,CAMPAIGN_02,206.000000000,208.000000000,2.000000000,0.580358977,0.000000000,0.000000000
SE-C02-002-A0105,SE-C02-002,DS05,santa_elena,CAMPAIGN_02,208.000000000,210.000000000,2.000000000,0.581427594,0.000000000,0.000000000
SE-C02-002-A0106,SE-C02-002,DS05,santa_elena,CAMPAIGN_02,210.000000000,212.000000000,2.000000000,0.620412746,0.000000000,0.000000000
SE-C02-002-A0107,SE-C02-002,DS05,santa_elena,CAMPAIGN_02,212.000000000,214.000000000,2.000000000,0.586944616,0.000000000,0.000000000
SE-C02-002-A0108,SE-C02-002,DS05,santa_elena,CAMPAIGN_02,214.000000000,216.000000000,2.000000000,0.594068777,0.000000000,0.000000000
SE-C02-002-A0109,SE-C02-002,DS05,santa_elena,CAMPAIGN_02,216.000000000,218.000000000,2.000000000,0.621561154,0.000000000,0.000000000
SE-C02-002-A0110,SE-C02-002,DS05,santa_elena,CAMPAIGN_02,218.000000000,220.000000000,2.000000000,0.596334202,0.000000000,0.000000000
SE-C02-002-A0111,SE-C02-002,DS05,santa_elena,CAMPAIGN_02,220.000000000,222.000000000,2.000000000,0.581905451,0.000000000,0.000000000
SE-C02-002-A0112,SE-C02-002,DS05,santa_elena,CAMPAIGN_02,222.000000000,224.000000000,2.000000000,0.556613122,0.000000000,0.000000000
SE-C02-002-A0113,SE-C02-002,DS05,santa_elena,CAMPAIGN_02,224.000000000,226.000000000,2.000000000,0.611291391,0.000000000,0.000000000
SE-C02-002-A0114,SE-C02-002,DS05,santa_elena,CAMPAIGN_02,226.000000000,228.000000000,2.000000000,0.627872485,0.000000000,0.000000000
SE-C02-002-A0115,SE-C02-002,DS05,santa_elena,CAMPAIGN_02,228.000000000,229.323199838,1.323199838,0.584430814,0.000000000,0.000000000
SE-C02-003-A0001,SE-C02-003,DS05,santa_elena,CAMPAIGN_02,0.000000000,2.000000000,2.000000000,0.099459722,0.000000000,0.000000000
SE-C02-003-A0002,SE-C02-003,DS05,santa_elena,CAMPAIGN_02,2.000000000,4.000000000,2.000000000,0.097137925,0.000000000,0.000000000
SE-C02-003-A0003,SE-C02-003,DS05,santa_elena,CAMPAIGN_02,4.000000000,6.000000000,2.000000000,0.105965161,0.000000000,0.000000000
SE-C02-003-A0004,SE-C02-003,DS05,santa_elena,CAMPAIGN_02,6.000000000,8.000000000,2.000000000,0.108799745,0.000000000,0.000000000
SE-C02-003-A0005,SE-C02-003,DS05,santa_elena,CAMPAIGN_02,8.000000000,10.000000000,2.000000000,0.117159708,0.000000000,0.000000000
SE-C02-003-A0006,SE-C02-003,DS05,santa_elena,CAMPAIGN_02,10.000000000,12.000000000,2.000000000,0.109412239,0.000000000,0.000000000
SE-C02-003-A0007,SE-C02-003,DS05,santa_elena,CAMPAIGN_02,12.000000000,14.000000000,2.000000000,0.123755863,0.000000000,0.000000000
SE-C02-003-A0008,SE-C02-003,DS05,santa_elena,CAMPAIGN_02,14.000000000,16.000000000,2.000000000,0.124507427,0.000000000,0.000000000
SE-C02-003-A0009,SE-C02-003,DS05,santa_elena,CAMPAIGN_02,16.000000000,18.000000000,2.000000000,0.131659751,0.000000000,0.000000000
SE-C02-003-A0010,SE-C02-003,DS05,santa_elena,CAMPAIGN_02,18.000000000,20.000000000,2.000000000,0.137134931,0.000000000,0.000000000
SE-C02-003-A0011,SE-C02-003,DS05,santa_elena,CAMPAIGN_02,20.000000000,22.000000000,2.000000000,0.136973657,0.000000000,0.000000000
SE-C02-003-A0012,SE-C02-003,DS05,santa_elena,CAMPAIGN_02,22.000000000,24.000000000,2.000000000,0.143869729,0.000000000,0.000000000
SE-C02-003-A0013,SE-C02-003,DS05,santa_elena,CAMPAIGN_02,24.000000000,26.000000000,2.000000000,0.146545943,0.000000000,0.000000000
SE-C02-003-A0014,SE-C02-003,DS05,santa_elena,CAMPAIGN_02,26.000000000,28.000000000,2.000000000,0.157175881,0.000000000,0.000000000
SE-C02-003-A0015,SE-C02-003,DS05,santa_elena,CAMPAIGN_02,28.000000000,30.000000000,2.000000000,0.153388788,0.000000000,0.000000000
SE-C02-003-A0016,SE-C02-003,DS05,santa_elena,CAMPAIGN_02,30.000000000,32.000000000,2.000000000,0.166619252,0.000000000,0.000000000
SE-C02-003-A0017,SE-C02-003,DS05,santa_elena,CAMPAIGN_02,32.000000000,34.000000000,2.000000000,0.169279929,0.000000000,0.000000000
SE-C02-003-A0018,SE-C02-003,DS05,santa_elena,CAMPAIGN_02,34.000000000,36.000000000,2.000000000,0.177112695,0.000000000,0.000000000
SE-C02-003-A0019,SE-C02-003,DS05,santa_elena,CAMPAIGN_02,36.000000000,38.000000000,2.000000000,0.183202241,0.000000000,0.000000000
SE-C02-003-A0020,SE-C02-003,DS05,santa_elena,CAMPAIGN_02,38.000000000,40.000000000,2.000000000,0.182618624,0.000000000,0.000000000
SE-C02-003-A0021,SE-C02-003,DS05,santa_elena,CAMPAIGN_02,40.000000000,42.000000000,2.000000000,0.204200490,0.000000000,0.000000000
SE-C02-003-A0022,SE-C02-003,DS05,santa_elena,CAMPAIGN_02,42.000000000,44.000000000,2.000000000,0.191543626,0.000000000,0.000000000
SE-C02-003-A0023,SE-C02-003,DS05,santa_elena,CAMPAIGN_02,44.000000000,46.000000000,2.000000000,0.195441394,0.000000000,0.000000000
SE-C02-003-A0024,SE-C02-003,DS05,santa_elena,CAMPAIGN_02,46.000000000,48.000000000,2.000000000,0.216986605,0.000000000,0.000000000
SE-C02-003-A0025,SE-C02-003,DS05,santa_elena,CAMPAIGN_02,48.000000000,50.000000000,2.000000000,0.205624455,0.000000000,0.000000000
SE-C02-003-A0026,SE-C02-003,DS05,santa_elena,CAMPAIGN_02,50.000000000,52.000000000,2.000000000,0.203564911,0.000000000,0.000000000
SE-C02-003-A0027,SE-C02-003,DS05,santa_elena,CAMPAIGN_02,52.000000000,54.000000000,2.000000000,0.206589380,0.000000000,0.000000000
SE-C02-003-A0028,SE-C02-003,DS05,santa_elena,CAMPAIGN_02,54.000000000,56.000000000,2.000000000,0.206914402,0.000000000,0.000000000
SE-C02-003-A0029,SE-C02-003,DS05,santa_elena,CAMPAIGN_02,56.000000000,58.000000000,2.000000000,0.225159828,0.000000000,0.000000000
SE-C02-003-A0030,SE-C02-003,DS05,santa_elena,CAMPAIGN_02,58.000000000,60.000000000,2.000000000,0.235137771,0.000000000,0.000000000
SE-C02-003-A0031,SE-C02-003,DS05,santa_elena,CAMPAIGN_02,60.000000000,62.000000000,2.000000000,0.241337159,0.000000000,0.000000000
SE-C02-003-A0032,SE-C02-003,DS05,santa_elena,CAMPAIGN_02,62.000000000,64.000000000,2.000000000,0.234252459,0.000000000,0.000000000
SE-C02-003-A0033,SE-C02-003,DS05,santa_elena,CAMPAIGN_02,64.000000000,66.000000000,2.000000000,0.253641548,0.000000000,0.000000000
SE-C02-003-A0034,SE-C02-003,DS05,santa_elena,CAMPAIGN_02,66.000000000,68.000000000,2.000000000,0.259214094,0.000000000,0.000000000
SE-C02-003-A0035,SE-C02-003,DS05,santa_elena,CAMPAIGN_02,68.000000000,70.000000000,2.000000000,0.273757983,0.000000000,0.000000000
SE-C02-003-A0036,SE-C02-003,DS05,santa_elena,CAMPAIGN_02,70.000000000,72.000000000,2.000000000,0.285178531,0.000000000,0.000000000
SE-C02-003-A0037,SE-C02-003,DS05,santa_elena,CAMPAIGN_02,72.000000000,74.000000000,2.000000000,0.271341198,0.000000000,0.000000000
SE-C02-003-A0038,SE-C02-003,DS05,santa_elena,CAMPAIGN_02,74.000000000,76.000000000,2.000000000,0.300739984,0.000000000,0.000000000
SE-C02-003-A0039,SE-C02-003,DS05,santa_elena,CAMPAIGN_02,76.000000000,78.000000000,2.000000000,0.284190579,0.000000000,0.000000000
SE-C02-003-A0040,SE-C02-003,DS05,santa_elena,CAMPAIGN_02,78.000000000,80.000000000,2.000000000,0.324094446,0.000000000,0.000000000
SE-C02-003-A0041,SE-C02-003,DS05,santa_elena,CAMPAIGN_02,80.000000000,82.000000000,2.000000000,0.328432745,0.000000000,0.000000000
SE-C02-003-A0042,SE-C02-003,DS05,santa_elena,CAMPAIGN_02,82.000000000,84.000000000,2.000000000,0.326600684,0.000000000,0.000000000
SE-C02-003-A0043,SE-C02-003,DS05,santa_elena,CAMPAIGN_02,84.000000000,86.000000000,2.000000000,0.317012917,0.000000000,0.000000000
SE-C02-003-A0044,SE-C02-003,DS05,santa_elena,CAMPAIGN_02,86.000000000,88.000000000,2.000000000,0.314783589,0.000000000,0.000000000
SE-C02-003-A0045,SE-C02-003,DS05,santa_elena,CAMPAIGN_02,88.000000000,90.000000000,2.000000000,0.306973469,0.000000000,0.000000000
SE-C02-003-A0046,SE-C02-003,DS05,santa_elena,CAMPAIGN_02,90.000000000,92.000000000,2.000000000,0.347795944,0.000000000,0.000000000
SE-C02-003-A0047,SE-C02-003,DS05,santa_elena,CAMPAIGN_02,92.000000000,94.000000000,2.000000000,0.365837015,0.000000000,0.000000000
SE-C02-003-A0048,SE-C02-003,DS05,santa_elena,CAMPAIGN_02,94.000000000,96.000000000,2.000000000,0.349697879,0.000000000,0.000000000
SE-C02-003-A0049,SE-C02-003,DS05,santa_elena,CAMPAIGN_02,96.000000000,98.000000000,2.000000000,0.359412508,0.000000000,0.000000000
SE-C02-003-A0050,SE-C02-003,DS05,santa_elena,CAMPAIGN_02,98.000000000,100.000000000,2.000000000,0.393191777,0.000000000,0.000000000
SE-C02-003-A0051,SE-C02-003,DS05,santa_elena,CAMPAIGN_02,100.000000000,102.000000000,2.000000000,0.379196548,0.000000000,0.000000000
SE-C02-003-A0052,SE-C02-003,DS05,santa_elena,CAMPAIGN_02,102.000000000,104.000000000,2.000000000,0.411524682,0.000000000,0.000000000
SE-C02-003-A0053,SE-C02-003,DS05,santa_elena,CAMPAIGN_02,104.000000000,106.000000000,2.000000000,0.420046581,0.000000000,0.000000000
SE-C02-003-A0054,SE-C02-003,DS05,santa_elena,CAMPAIGN_02,106.000000000,108.000000000,2.000000000,0.391188437,0.000000000,0.000000000
SE-C02-003-A0055,SE-C02-003,DS05,santa_elena,CAMPAIGN_02,108.000000000,110.000000000,2.000000000,0.408578459,0.000000000,0.000000000
SE-C02-003-A0056,SE-C02-003,DS05,santa_elena,CAMPAIGN_02,110.000000000,112.000000000,2.000000000,0.428116902,0.000000000,0.000000000
SE-C02-003-A0057,SE-C02-003,DS05,santa_elena,CAMPAIGN_02,112.000000000,114.000000000,2.000000000,0.423210860,0.000000000,0.000000000
SE-C02-003-A0058,SE-C02-003,DS05,santa_elena,CAMPAIGN_02,114.000000000,116.000000000,2.000000000,0.446673244,0.000000000,0.000000000
SE-C02-003-A0059,SE-C02-003,DS05,santa_elena,CAMPAIGN_02,116.000000000,118.000000000,2.000000000,0.464016944,0.000000000,0.000000000
SE-C02-003-A0060,SE-C02-003,DS05,santa_elena,CAMPAIGN_02,118.000000000,120.000000000,2.000000000,0.449653586,0.000000000,0.000000000
SE-C02-003-A0061,SE-C02-003,DS05,santa_elena,CAMPAIGN_02,120.000000000,122.000000000,2.000000000,0.444373558,0.000000000,0.000000000
SE-C02-003-A0062,SE-C02-003,DS05,santa_elena,CAMPAIGN_02,122.000000000,124.000000000,2.000000000,0.460095898,0.000000000,0.000000000
SE-C02-003-A0063,SE-C02-003,DS05,santa_elena,CAMPAIGN_02,124.000000000,126.000000000,2.000000000,0.508551406,0.000000000,0.000000000
SE-C02-003-A0064,SE-C02-003,DS05,santa_elena,CAMPAIGN_02,126.000000000,128.000000000,2.000000000,0.467681688,0.000000000,0.000000000
SE-C02-003-A0065,SE-C02-003,DS05,santa_elena,CAMPAIGN_02,128.000000000,130.000000000,2.000000000,0.491555959,0.000000000,0.000000000
SE-C02-003-A0066,SE-C02-003,DS05,santa_elena,CAMPAIGN_02,130.000000000,132.000000000,2.000000000,0.510205223,0.000000000,0.000000000
SE-C02-003-A0067,SE-C02-003,DS05,santa_elena,CAMPAIGN_02,132.000000000,134.000000000,2.000000000,0.491048484,0.000000000,0.000000000
SE-C02-003-A0068,SE-C02-003,DS05,santa_elena,CAMPAIGN_02,134.000000000,136.000000000,2.000000000,0.524815055,0.000000000,0.000000000
SE-C02-003-A0069,SE-C02-003,DS05,santa_elena,CAMPAIGN_02,136.000000000,138.000000000,2.000000000,0.503189870,0.000000000,0.000000000
SE-C02-003-A0070,SE-C02-003,DS05,santa_elena,CAMPAIGN_02,138.000000000,140.000000000,2.000000000,0.511294763,0.000000000,0.000000000
SE-C02-003-A0071,SE-C02-003,DS05,santa_elena,CAMPAIGN_02,140.000000000,142.000000000,2.000000000,0.557817806,0.000000000,0.000000000
SE-C02-003-A0072,SE-C02-003,DS05,santa_elena,CAMPAIGN_02,142.000000000,144.000000000,2.000000000,0.571477818,0.000000000,0.000000000
SE-C02-003-A0073,SE-C02-003,DS05,santa_elena,CAMPAIGN_02,144.000000000,146.000000000,2.000000000,0.527122951,0.000000000,0.000000000
SE-C02-003-A0074,SE-C02-003,DS05,santa_elena,CAMPAIGN_02,146.000000000,148.000000000,2.000000000,0.532866770,0.000000000,0.000000000
SE-C02-003-A0075,SE-C02-003,DS05,santa_elena,CAMPAIGN_02,148.000000000,150.000000000,2.000000000,0.562245180,0.000000000,0.000000000
SE-C02-003-A0076,SE-C02-003,DS05,santa_elena,CAMPAIGN_02,150.000000000,152.000000000,2.000000000,0.580327372,0.000000000,0.000000000
SE-C02-003-A0077,SE-C02-003,DS05,santa_elena,CAMPAIGN_02,152.000000000,154.000000000,2.000000000,0.565103350,0.000000000,0.000000000
SE-C02-003-A0078,SE-C02-003,DS05,santa_elena,CAMPAIGN_02,154.000000000,156.000000000,2.000000000,0.532296318,0.000000000,0.000000000
SE-C02-003-A0079,SE-C02-003,DS05,santa_elena,CAMPAIGN_02,156.000000000,158.000000000,2.000000000,0.548910277,0.000000000,0.000000000
SE-C02-003-A0080,SE-C02-003,DS05,santa_elena,CAMPAIGN_02,158.000000000,160.000000000,2.000000000,0.592309404,0.000000000,0.000000000
SE-C02-003-A0081,SE-C02-003,DS05,santa_elena,CAMPAIGN_02,160.000000000,162.000000000,2.000000000,0.631460019,0.000000000,0.000000000
SE-C02-003-A0082,SE-C02-003,DS05,santa_elena,CAMPAIGN_02,162.000000000,164.000000000,2.000000000,0.598066338,0.000000000,0.000000000
SE-C02-003-A0083,SE-C02-003,DS05,santa_elena,CAMPAIGN_02,164.000000000,166.000000000,2.000000000,0.589563790,0.000000000,0.000000000
SE-C02-003-A0084,SE-C02-003,DS05,santa_elena,CAMPAIGN_02,166.000000000,168.000000000,2.000000000,0.639713896,0.000000000,0.000000000
SE-C02-003-A0085,SE-C02-003,DS05,santa_elena,CAMPAIGN_02,168.000000000,170.000000000,2.000000000,0.653082874,0.000000000,0.000000000
SE-C02-003-A0086,SE-C02-003,DS05,santa_elena,CAMPAIGN_02,170.000000000,172.000000000,2.000000000,0.636151265,0.000000000,0.000000000
SE-C02-003-A0087,SE-C02-003,DS05,santa_elena,CAMPAIGN_02,172.000000000,174.000000000,2.000000000,0.637362696,0.000000000,0.000000000
SE-C02-003-A0088,SE-C02-003,DS05,santa_elena,CAMPAIGN_02,174.000000000,176.000000000,2.000000000,0.696628957,0.000000000,0.000000000
SE-C02-003-A0089,SE-C02-003,DS05,santa_elena,CAMPAIGN_02,176.000000000,178.000000000,2.000000000,0.657103348,0.000000000,0.000000000
SE-C02-003-A0090,SE-C02-003,DS05,santa_elena,CAMPAIGN_02,178.000000000,180.000000000,2.000000000,0.670228445,0.000000000,0.000000000
SE-C02-003-A0091,SE-C02-003,DS05,santa_elena,CAMPAIGN_02,180.000000000,182.000000000,2.000000000,0.696958254,0.000000000,0.000000000
SE-C02-003-A0092,SE-C02-003,DS05,santa_elena,CAMPAIGN_02,182.000000000,184.000000000,2.000000000,0.686993971,0.000000000,0.000000000
SE-C02-003-A0093,SE-C02-003,DS05,santa_elena,CAMPAIGN_02,184.000000000,186.000000000,2.000000000,0.711258980,0.000000000,0.000000000
SE-C02-003-A0094,SE-C02-003,DS05,santa_elena,CAMPAIGN_02,186.000000000,188.000000000,2.000000000,0.631770563,0.000000000,0.000000000
SE-C02-003-A0095,SE-C02-003,DS05,santa_elena,CAMPAIGN_02,188.000000000,190.000000000,2.000000000,0.694793100,0.000000000,0.000000000
SE-C02-003-A0096,SE-C02-003,DS05,santa_elena,CAMPAIGN_02,190.000000000,192.000000000,2.000000000,0.744170194,0.000000000,0.000000000
SE-C02-003-A0097,SE-C02-003,DS05,santa_elena,CAMPAIGN_02,192.000000000,194.000000000,2.000000000,0.659309460,0.000000000,0.000000000
SE-C02-003-A0098,SE-C02-003,DS05,santa_elena,CAMPAIGN_02,194.000000000,196.000000000,2.000000000,0.733953807,0.000000000,0.000000000
SE-C02-003-A0099,SE-C02-003,DS05,santa_elena,CAMPAIGN_02,196.000000000,198.000000000,2.000000000,0.730457896,0.000000000,0.000000000
SE-C02-003-A0100,SE-C02-003,DS05,santa_elena,CAMPAIGN_02,198.000000000,200.000000000,2.000000000,0.719383527,0.000000000,0.000000000
SE-C02-003-A0101,SE-C02-003,DS05,santa_elena,CAMPAIGN_02,200.000000000,202.000000000,2.000000000,0.672610587,0.000000000,0.000000000
SE-C02-003-A0102,SE-C02-003,DS05,santa_elena,CAMPAIGN_02,202.000000000,204.000000000,2.000000000,0.780375303,0.000000000,0.000000000
SE-C02-003-A0103,SE-C02-003,DS05,santa_elena,CAMPAIGN_02,204.000000000,206.000000000,2.000000000,0.744473677,0.000000000,0.000000000
SE-C02-003-A0104,SE-C02-003,DS05,santa_elena,CAMPAIGN_02,206.000000000,208.000000000,2.000000000,0.729567510,0.000000000,0.000000000
SE-C02-003-A0105,SE-C02-003,DS05,santa_elena,CAMPAIGN_02,208.000000000,210.000000000,2.000000000,0.770273196,0.000000000,0.000000000
SE-C02-003-A0106,SE-C02-003,DS05,santa_elena,CAMPAIGN_02,210.000000000,212.000000000,2.000000000,0.737369965,0.000000000,0.000000000
SE-C02-003-A0107,SE-C02-003,DS05,santa_elena,CAMPAIGN_02,212.000000000,214.000000000,2.000000000,0.770819212,0.000000000,0.000000000
SE-C02-003-A0108,SE-C02-003,DS05,santa_elena,CAMPAIGN_02,214.000000000,216.000000000,2.000000000,0.746025773,0.000000000,0.000000000
SE-C02-003-A0109,SE-C02-003,DS05,santa_elena,CAMPAIGN_02,216.000000000,218.000000000,2.000000000,0.703422271,0.000000000,0.000000000
SE-C02-003-A0110,SE-C02-003,DS05,santa_elena,CAMPAIGN_02,218.000000000,220.000000000,2.000000000,0.687572475,0.000000000,0.000000000
SE-C02-003-A0111,SE-C02-003,DS05,santa_elena,CAMPAIGN_02,220.000000000,222.000000000,2.000000000,0.734572433,0.000000000,0.000000000
SE-C02-003-A0112,SE-C02-003,DS05,santa_elena,CAMPAIGN_02,222.000000000,224.000000000,2.000000000,0.719991646,0.000000000,0.000000000
SE-C02-003-A0113,SE-C02-003,DS05,santa_elena,CAMPAIGN_02,224.000000000,226.000000000,2.000000000,0.746276773,0.000000000,0.000000000
SE-C02-003-A0114,SE-C02-003,DS05,santa_elena,CAMPAIGN_02,226.000000000,228.000000000,2.000000000,0.722281858,0.000000000,0.000000000
SE-C02-003-A0115,SE-C02-003,DS05,santa_elena,CAMPAIGN_02,228.000000000,230.000000000,2.000000000,0.701371353,0.000000000,0.000000000
SE-C02-003-A0116,SE-C02-003,DS05,santa_elena,CAMPAIGN_02,230.000000000,232.000000000,2.000000000,0.734852079,0.000000000,0.000000000
SE-C02-003-A0117,SE-C02-003,DS05,santa_elena,CAMPAIGN_02,232.000000000,234.000000000,2.000000000,0.755717441,0.000000000,0.000000000
SE-C02-003-A0118,SE-C02-003,DS05,santa_elena,CAMPAIGN_02,234.000000000,236.000000000,2.000000000,0.754367119,0.000000000,0.000000000
SE-C02-003-A0119,SE-C02-003,DS05,santa_elena,CAMPAIGN_02,236.000000000,238.000000000,2.000000000,0.782268264,0.000000000,0.000000000
SE-C02-003-A0120,SE-C02-003,DS05,santa_elena,CAMPAIGN_02,238.000000000,240.000000000,2.000000000,0.730462298,0.000000000,0.000000000
SE-C02-003-A0121,SE-C02-003,DS05,santa_elena,CAMPAIGN_02,240.000000000,242.000000000,2.000000000,0.785637337,0.000000000,0.000000000
SE-C02-003-A0122,SE-C02-003,DS05,santa_elena,CAMPAIGN_02,242.000000000,244.000000000,2.000000000,0.749652281,0.000000000,0.000000000
SE-C02-003-A0123,SE-C02-003,DS05,santa_elena,CAMPAIGN_02,244.000000000,246.000000000,2.000000000,0.672752233,0.000000000,0.000000000
SE-C02-003-A0124,SE-C02-003,DS05,santa_elena,CAMPAIGN_02,246.000000000,248.000000000,2.000000000,0.726015622,0.000000000,0.000000000
SE-C02-003-A0125,SE-C02-003,DS05,santa_elena,CAMPAIGN_02,248.000000000,250.000000000,2.000000000,0.793142652,0.000000000,0.000000000
SE-C02-003-A0126,SE-C02-003,DS05,santa_elena,CAMPAIGN_02,250.000000000,252.000000000,2.000000000,0.719977324,0.000000000,0.000000000
SE-C02-003-A0127,SE-C02-003,DS05,santa_elena,CAMPAIGN_02,252.000000000,254.000000000,2.000000000,0.680627299,0.000000000,0.000000000
SE-C02-003-A0128,SE-C02-003,DS05,santa_elena,CAMPAIGN_02,254.000000000,256.000000000,2.000000000,0.742934100,0.000000000,0.000000000
SE-C02-003-A0129,SE-C02-003,DS05,santa_elena,CAMPAIGN_02,256.000000000,258.000000000,2.000000000,0.663787277,0.000000000,0.000000000
SE-C02-003-A0130,SE-C02-003,DS05,santa_elena,CAMPAIGN_02,258.000000000,260.000000000,2.000000000,0.715791938,0.000000000,0.000000000
SE-C02-003-A0131,SE-C02-003,DS05,santa_elena,CAMPAIGN_02,260.000000000,262.000000000,2.000000000,0.734906081,0.000000000,0.000000000
SE-C02-003-A0132,SE-C02-003,DS05,santa_elena,CAMPAIGN_02,262.000000000,264.000000000,2.000000000,0.696834816,0.000000000,0.000000000
SE-C02-003-A0133,SE-C02-003,DS05,santa_elena,CAMPAIGN_02,264.000000000,266.000000000,2.000000000,0.674929355,0.000000000,0.000000000
SE-C02-003-A0134,SE-C02-003,DS05,santa_elena,CAMPAIGN_02,266.000000000,266.390411063,0.390411063,0.735818568,0.000000000,0.000000000
SE-C02-004-A0001,SE-C02-004,DS05,santa_elena,CAMPAIGN_02,0.000000000,2.000000000,2.000000000,0.034799310,0.000000000,0.000000000
SE-C02-004-A0002,SE-C02-004,DS05,santa_elena,CAMPAIGN_02,2.000000000,4.000000000,2.000000000,0.034768204,0.000000000,0.000000000
SE-C02-004-A0003,SE-C02-004,DS05,santa_elena,CAMPAIGN_02,4.000000000,6.000000000,2.000000000,0.037359385,0.000000000,0.000000000
SE-C02-004-A0004,SE-C02-004,DS05,santa_elena,CAMPAIGN_02,6.000000000,8.000000000,2.000000000,0.038896560,0.000000000,0.000000000
SE-C02-004-A0005,SE-C02-004,DS05,santa_elena,CAMPAIGN_02,8.000000000,10.000000000,2.000000000,0.039545627,0.000000000,0.000000000
SE-C02-004-A0006,SE-C02-004,DS05,santa_elena,CAMPAIGN_02,10.000000000,12.000000000,2.000000000,0.037994549,0.000000000,0.000000000
SE-C02-004-A0007,SE-C02-004,DS05,santa_elena,CAMPAIGN_02,12.000000000,14.000000000,2.000000000,0.043712787,0.000000000,0.000000000
SE-C02-004-A0008,SE-C02-004,DS05,santa_elena,CAMPAIGN_02,14.000000000,16.000000000,2.000000000,0.041933200,0.000000000,0.000000000
SE-C02-004-A0009,SE-C02-004,DS05,santa_elena,CAMPAIGN_02,16.000000000,18.000000000,2.000000000,0.042479152,0.000000000,0.000000000
SE-C02-004-A0010,SE-C02-004,DS05,santa_elena,CAMPAIGN_02,18.000000000,20.000000000,2.000000000,0.041003695,0.000000000,0.000000000
SE-C02-004-A0011,SE-C02-004,DS05,santa_elena,CAMPAIGN_02,20.000000000,22.000000000,2.000000000,0.044716509,0.000000000,0.000000000
SE-C02-004-A0012,SE-C02-004,DS05,santa_elena,CAMPAIGN_02,22.000000000,24.000000000,2.000000000,0.046583197,0.000000000,0.000000000
SE-C02-004-A0013,SE-C02-004,DS05,santa_elena,CAMPAIGN_02,24.000000000,26.000000000,2.000000000,0.048362003,0.000000000,0.000000000
SE-C02-004-A0014,SE-C02-004,DS05,santa_elena,CAMPAIGN_02,26.000000000,28.000000000,2.000000000,0.047694012,0.000000000,0.000000000
SE-C02-004-A0015,SE-C02-004,DS05,santa_elena,CAMPAIGN_02,28.000000000,30.000000000,2.000000000,0.048127645,0.000000000,0.000000000
SE-C02-004-A0016,SE-C02-004,DS05,santa_elena,CAMPAIGN_02,30.000000000,32.000000000,2.000000000,0.050657490,0.000000000,0.000000000
SE-C02-004-A0017,SE-C02-004,DS05,santa_elena,CAMPAIGN_02,32.000000000,34.000000000,2.000000000,0.046905895,0.000000000,0.000000000
SE-C02-004-A0018,SE-C02-004,DS05,santa_elena,CAMPAIGN_02,34.000000000,36.000000000,2.000000000,0.056504505,0.000000000,0.000000000
SE-C02-004-A0019,SE-C02-004,DS05,santa_elena,CAMPAIGN_02,36.000000000,38.000000000,2.000000000,0.052100326,0.000000000,0.000000000
SE-C02-004-A0020,SE-C02-004,DS05,santa_elena,CAMPAIGN_02,38.000000000,40.000000000,2.000000000,0.053035247,0.000000000,0.000000000
SE-C02-004-A0021,SE-C02-004,DS05,santa_elena,CAMPAIGN_02,40.000000000,42.000000000,2.000000000,0.059156995,0.000000000,0.000000000
SE-C02-004-A0022,SE-C02-004,DS05,santa_elena,CAMPAIGN_02,42.000000000,44.000000000,2.000000000,0.057212755,0.000000000,0.000000000
SE-C02-004-A0023,SE-C02-004,DS05,santa_elena,CAMPAIGN_02,44.000000000,46.000000000,2.000000000,0.062261131,0.000000000,0.000000000
SE-C02-004-A0024,SE-C02-004,DS05,santa_elena,CAMPAIGN_02,46.000000000,48.000000000,2.000000000,0.064538212,0.000000000,0.000000000
SE-C02-004-A0025,SE-C02-004,DS05,santa_elena,CAMPAIGN_02,48.000000000,50.000000000,2.000000000,0.063027446,0.000000000,0.000000000
SE-C02-004-A0026,SE-C02-004,DS05,santa_elena,CAMPAIGN_02,50.000000000,52.000000000,2.000000000,0.068429317,0.000000000,0.000000000
SE-C02-004-A0027,SE-C02-004,DS05,santa_elena,CAMPAIGN_02,52.000000000,54.000000000,2.000000000,0.072086707,0.000000000,0.000000000
SE-C02-004-A0028,SE-C02-004,DS05,santa_elena,CAMPAIGN_02,54.000000000,56.000000000,2.000000000,0.069779079,0.000000000,0.000000000
SE-C02-004-A0029,SE-C02-004,DS05,santa_elena,CAMPAIGN_02,56.000000000,58.000000000,2.000000000,0.079803605,0.000000000,0.000000000
SE-C02-004-A0030,SE-C02-004,DS05,santa_elena,CAMPAIGN_02,58.000000000,60.000000000,2.000000000,0.077476512,0.000000000,0.000000000
SE-C02-004-A0031,SE-C02-004,DS05,santa_elena,CAMPAIGN_02,60.000000000,62.000000000,2.000000000,0.078616383,0.000000000,0.000000000
SE-C02-004-A0032,SE-C02-004,DS05,santa_elena,CAMPAIGN_02,62.000000000,64.000000000,2.000000000,0.077780931,0.000000000,0.000000000
SE-C02-004-A0033,SE-C02-004,DS05,santa_elena,CAMPAIGN_02,64.000000000,66.000000000,2.000000000,0.080758617,0.000000000,0.000000000
SE-C02-004-A0034,SE-C02-004,DS05,santa_elena,CAMPAIGN_02,66.000000000,68.000000000,2.000000000,0.080531474,0.000000000,0.000000000
SE-C02-004-A0035,SE-C02-004,DS05,santa_elena,CAMPAIGN_02,68.000000000,70.000000000,2.000000000,0.086887159,0.000000000,0.000000000
SE-C02-004-A0036,SE-C02-004,DS05,santa_elena,CAMPAIGN_02,70.000000000,72.000000000,2.000000000,0.085801172,0.000000000,0.000000000
SE-C02-004-A0037,SE-C02-004,DS05,santa_elena,CAMPAIGN_02,72.000000000,74.000000000,2.000000000,0.094735721,0.000000000,0.000000000
SE-C02-004-A0038,SE-C02-004,DS05,santa_elena,CAMPAIGN_02,74.000000000,76.000000000,2.000000000,0.094705655,0.000000000,0.000000000
SE-C02-004-A0039,SE-C02-004,DS05,santa_elena,CAMPAIGN_02,76.000000000,78.000000000,2.000000000,0.097315436,0.000000000,0.000000000
SE-C02-004-A0040,SE-C02-004,DS05,santa_elena,CAMPAIGN_02,78.000000000,80.000000000,2.000000000,0.109330570,0.000000000,0.000000000
SE-C02-004-A0041,SE-C02-004,DS05,santa_elena,CAMPAIGN_02,80.000000000,82.000000000,2.000000000,0.110670659,0.000000000,0.000000000
SE-C02-004-A0042,SE-C02-004,DS05,santa_elena,CAMPAIGN_02,82.000000000,84.000000000,2.000000000,0.109465396,0.000000000,0.000000000
SE-C02-004-A0043,SE-C02-004,DS05,santa_elena,CAMPAIGN_02,84.000000000,86.000000000,2.000000000,0.113516499,0.000000000,0.000000000
SE-C02-004-A0044,SE-C02-004,DS05,santa_elena,CAMPAIGN_02,86.000000000,88.000000000,2.000000000,0.136868485,0.000000000,0.000000000
SE-C02-004-A0045,SE-C02-004,DS05,santa_elena,CAMPAIGN_02,88.000000000,90.000000000,2.000000000,0.138915745,0.000000000,0.000000000
SE-C02-004-A0046,SE-C02-004,DS05,santa_elena,CAMPAIGN_02,90.000000000,92.000000000,2.000000000,0.139868325,0.000000000,0.000000000
SE-C02-004-A0047,SE-C02-004,DS05,santa_elena,CAMPAIGN_02,92.000000000,94.000000000,2.000000000,0.137570504,0.000000000,0.000000000
SE-C02-004-A0048,SE-C02-004,DS05,santa_elena,CAMPAIGN_02,94.000000000,96.000000000,2.000000000,0.148422930,0.000000000,0.000000000
SE-C02-004-A0049,SE-C02-004,DS05,santa_elena,CAMPAIGN_02,96.000000000,98.000000000,2.000000000,0.155088447,0.000000000,0.000000000
SE-C02-004-A0050,SE-C02-004,DS05,santa_elena,CAMPAIGN_02,98.000000000,100.000000000,2.000000000,0.159151322,0.000000000,0.000000000
SE-C02-004-A0051,SE-C02-004,DS05,santa_elena,CAMPAIGN_02,100.000000000,102.000000000,2.000000000,0.157053712,0.000000000,0.000000000
SE-C02-004-A0052,SE-C02-004,DS05,santa_elena,CAMPAIGN_02,102.000000000,104.000000000,2.000000000,0.167794509,0.000000000,0.000000000
SE-C02-004-A0053,SE-C02-004,DS05,santa_elena,CAMPAIGN_02,104.000000000,106.000000000,2.000000000,0.181777418,0.000000000,0.000000000
SE-C02-004-A0054,SE-C02-004,DS05,santa_elena,CAMPAIGN_02,106.000000000,108.000000000,2.000000000,0.177162499,0.000000000,0.000000000
SE-C02-004-A0055,SE-C02-004,DS05,santa_elena,CAMPAIGN_02,108.000000000,110.000000000,2.000000000,0.176376250,0.000000000,0.000000000
SE-C02-004-A0056,SE-C02-004,DS05,santa_elena,CAMPAIGN_02,110.000000000,112.000000000,2.000000000,0.187180563,0.000000000,0.000000000
SE-C02-004-A0057,SE-C02-004,DS05,santa_elena,CAMPAIGN_02,112.000000000,114.000000000,2.000000000,0.192762157,0.000000000,0.000000000
SE-C02-004-A0058,SE-C02-004,DS05,santa_elena,CAMPAIGN_02,114.000000000,116.000000000,2.000000000,0.210915775,0.000000000,0.000000000
SE-C02-004-A0059,SE-C02-004,DS05,santa_elena,CAMPAIGN_02,116.000000000,118.000000000,2.000000000,0.203800765,0.000000000,0.000000000
SE-C02-004-A0060,SE-C02-004,DS05,santa_elena,CAMPAIGN_02,118.000000000,120.000000000,2.000000000,0.218125715,0.000000000,0.000000000
SE-C02-004-A0061,SE-C02-004,DS05,santa_elena,CAMPAIGN_02,120.000000000,122.000000000,2.000000000,0.221997422,0.000000000,0.000000000
SE-C02-004-A0062,SE-C02-004,DS05,santa_elena,CAMPAIGN_02,122.000000000,124.000000000,2.000000000,0.212127518,0.000000000,0.000000000
SE-C02-004-A0063,SE-C02-004,DS05,santa_elena,CAMPAIGN_02,124.000000000,126.000000000,2.000000000,0.227992483,0.000000000,0.000000000
SE-C02-004-A0064,SE-C02-004,DS05,santa_elena,CAMPAIGN_02,126.000000000,128.000000000,2.000000000,0.247058948,0.000000000,0.000000000
SE-C02-004-A0065,SE-C02-004,DS05,santa_elena,CAMPAIGN_02,128.000000000,130.000000000,2.000000000,0.236003549,0.000000000,0.000000000
SE-C02-004-A0066,SE-C02-004,DS05,santa_elena,CAMPAIGN_02,130.000000000,132.000000000,2.000000000,0.224430427,0.000000000,0.000000000
SE-C02-004-A0067,SE-C02-004,DS05,santa_elena,CAMPAIGN_02,132.000000000,134.000000000,2.000000000,0.255102757,0.000000000,0.000000000
SE-C02-004-A0068,SE-C02-004,DS05,santa_elena,CAMPAIGN_02,134.000000000,136.000000000,2.000000000,0.256258354,0.000000000,0.000000000
SE-C02-004-A0069,SE-C02-004,DS05,santa_elena,CAMPAIGN_02,136.000000000,138.000000000,2.000000000,0.249061496,0.000000000,0.000000000
SE-C02-004-A0070,SE-C02-004,DS05,santa_elena,CAMPAIGN_02,138.000000000,140.000000000,2.000000000,0.274739877,0.000000000,0.000000000
SE-C02-004-A0071,SE-C02-004,DS05,santa_elena,CAMPAIGN_02,140.000000000,142.000000000,2.000000000,0.278257310,0.000000000,0.000000000
SE-C02-004-A0072,SE-C02-004,DS05,santa_elena,CAMPAIGN_02,142.000000000,144.000000000,2.000000000,0.271739356,0.000000000,0.000000000
SE-C02-004-A0073,SE-C02-004,DS05,santa_elena,CAMPAIGN_02,144.000000000,146.000000000,2.000000000,0.298940971,0.000000000,0.000000000
SE-C02-004-A0074,SE-C02-004,DS05,santa_elena,CAMPAIGN_02,146.000000000,148.000000000,2.000000000,0.296185099,0.000000000,0.000000000
SE-C02-004-A0075,SE-C02-004,DS05,santa_elena,CAMPAIGN_02,148.000000000,150.000000000,2.000000000,0.315119707,0.000000000,0.000000000
SE-C02-004-A0076,SE-C02-004,DS05,santa_elena,CAMPAIGN_02,150.000000000,152.000000000,2.000000000,0.323979371,0.000000000,0.000000000
SE-C02-004-A0077,SE-C02-004,DS05,santa_elena,CAMPAIGN_02,152.000000000,154.000000000,2.000000000,0.306799240,0.000000000,0.000000000
SE-C02-004-A0078,SE-C02-004,DS05,santa_elena,CAMPAIGN_02,154.000000000,156.000000000,2.000000000,0.318052434,0.000000000,0.000000000
SE-C02-004-A0079,SE-C02-004,DS05,santa_elena,CAMPAIGN_02,156.000000000,158.000000000,2.000000000,0.342847857,0.000000000,0.000000000
SE-C02-004-A0080,SE-C02-004,DS05,santa_elena,CAMPAIGN_02,158.000000000,160.000000000,2.000000000,0.324642622,0.000000000,0.000000000
SE-C02-004-A0081,SE-C02-004,DS05,santa_elena,CAMPAIGN_02,160.000000000,162.000000000,2.000000000,0.360935276,0.000000000,0.000000000
SE-C02-004-A0082,SE-C02-004,DS05,santa_elena,CAMPAIGN_02,162.000000000,164.000000000,2.000000000,0.364062013,0.000000000,0.000000000
SE-C02-004-A0083,SE-C02-004,DS05,santa_elena,CAMPAIGN_02,164.000000000,166.000000000,2.000000000,0.354148842,0.000000000,0.000000000
SE-C02-004-A0084,SE-C02-004,DS05,santa_elena,CAMPAIGN_02,166.000000000,168.000000000,2.000000000,0.400566464,0.000000000,0.000000000
SE-C02-004-A0085,SE-C02-004,DS05,santa_elena,CAMPAIGN_02,168.000000000,170.000000000,2.000000000,0.357257086,0.000000000,0.000000000
SE-C02-004-A0086,SE-C02-004,DS05,santa_elena,CAMPAIGN_02,170.000000000,172.000000000,2.000000000,0.388757384,0.000000000,0.000000000
SE-C02-004-A0087,SE-C02-004,DS05,santa_elena,CAMPAIGN_02,172.000000000,174.000000000,2.000000000,0.399594800,0.000000000,0.000000000
SE-C02-004-A0088,SE-C02-004,DS05,santa_elena,CAMPAIGN_02,174.000000000,176.000000000,2.000000000,0.379995545,0.000000000,0.000000000
SE-C02-004-A0089,SE-C02-004,DS05,santa_elena,CAMPAIGN_02,176.000000000,178.000000000,2.000000000,0.394891137,0.000000000,0.000000000
SE-C02-004-A0090,SE-C02-004,DS05,santa_elena,CAMPAIGN_02,178.000000000,180.000000000,2.000000000,0.426964756,0.000000000,0.000000000
SE-C02-004-A0091,SE-C02-004,DS05,santa_elena,CAMPAIGN_02,180.000000000,182.000000000,2.000000000,0.446804937,0.000000000,0.000000000
SE-C02-004-A0092,SE-C02-004,DS05,santa_elena,CAMPAIGN_02,182.000000000,184.000000000,2.000000000,0.400519532,0.000000000,0.000000000
SE-C02-004-A0093,SE-C02-004,DS05,santa_elena,CAMPAIGN_02,184.000000000,186.000000000,2.000000000,0.435236585,0.000000000,0.000000000
SE-C02-004-A0094,SE-C02-004,DS05,santa_elena,CAMPAIGN_02,186.000000000,188.000000000,2.000000000,0.461189349,0.000000000,0.000000000
SE-C02-004-A0095,SE-C02-004,DS05,santa_elena,CAMPAIGN_02,188.000000000,190.000000000,2.000000000,0.448235925,0.000000000,0.000000000
SE-C02-004-A0096,SE-C02-004,DS05,santa_elena,CAMPAIGN_02,190.000000000,192.000000000,2.000000000,0.475365247,0.000000000,0.000000000
SE-C02-004-A0097,SE-C02-004,DS05,santa_elena,CAMPAIGN_02,192.000000000,194.000000000,2.000000000,0.463387480,0.000000000,0.000000000
SE-C02-004-A0098,SE-C02-004,DS05,santa_elena,CAMPAIGN_02,194.000000000,196.000000000,2.000000000,0.508227496,0.000000000,0.000000000
SE-C02-004-A0099,SE-C02-004,DS05,santa_elena,CAMPAIGN_02,196.000000000,198.000000000,2.000000000,0.497128164,0.000000000,0.000000000
SE-C02-004-A0100,SE-C02-004,DS05,santa_elena,CAMPAIGN_02,198.000000000,200.000000000,2.000000000,0.514570204,0.000000000,0.000000000
SE-C02-004-A0101,SE-C02-004,DS05,santa_elena,CAMPAIGN_02,200.000000000,202.000000000,2.000000000,0.487596098,0.000000000,0.000000000
SE-C02-004-A0102,SE-C02-004,DS05,santa_elena,CAMPAIGN_02,202.000000000,204.000000000,2.000000000,0.481342222,0.000000000,0.000000000
SE-C02-004-A0103,SE-C02-004,DS05,santa_elena,CAMPAIGN_02,204.000000000,206.000000000,2.000000000,0.491013354,0.000000000,0.000000000
SE-C02-004-A0104,SE-C02-004,DS05,santa_elena,CAMPAIGN_02,206.000000000,208.000000000,2.000000000,0.507423001,0.000000000,0.000000000
SE-C02-004-A0105,SE-C02-004,DS05,santa_elena,CAMPAIGN_02,208.000000000,210.000000000,2.000000000,0.549083675,0.000000000,0.000000000
SE-C02-004-A0106,SE-C02-004,DS05,santa_elena,CAMPAIGN_02,210.000000000,212.000000000,2.000000000,0.526942624,0.000000000,0.000000000
SE-C02-004-A0107,SE-C02-004,DS05,santa_elena,CAMPAIGN_02,212.000000000,214.000000000,2.000000000,0.553737972,0.000000000,0.000000000
SE-C02-004-A0108,SE-C02-004,DS05,santa_elena,CAMPAIGN_02,214.000000000,216.000000000,2.000000000,0.526393544,0.000000000,0.000000000
SE-C02-004-A0109,SE-C02-004,DS05,santa_elena,CAMPAIGN_02,216.000000000,218.000000000,2.000000000,0.526400160,0.000000000,0.000000000
SE-C02-004-A0110,SE-C02-004,DS05,santa_elena,CAMPAIGN_02,218.000000000,220.000000000,2.000000000,0.555853285,0.000000000,0.000000000
SE-C02-004-A0111,SE-C02-004,DS05,santa_elena,CAMPAIGN_02,220.000000000,222.000000000,2.000000000,0.513177142,0.000000000,0.000000000
SE-C02-004-A0112,SE-C02-004,DS05,santa_elena,CAMPAIGN_02,222.000000000,224.000000000,2.000000000,0.574715544,0.000000000,0.000000000
SE-C02-004-A0113,SE-C02-004,DS05,santa_elena,CAMPAIGN_02,224.000000000,226.000000000,2.000000000,0.586838679,0.000000000,0.000000000
SE-C02-004-A0114,SE-C02-004,DS05,santa_elena,CAMPAIGN_02,226.000000000,228.000000000,2.000000000,0.543638237,0.000000000,0.000000000
SE-C02-004-A0115,SE-C02-004,DS05,santa_elena,CAMPAIGN_02,228.000000000,230.000000000,2.000000000,0.586526999,0.000000000,0.000000000
SE-C02-004-A0116,SE-C02-004,DS05,santa_elena,CAMPAIGN_02,230.000000000,232.000000000,2.000000000,0.557379852,0.000000000,0.000000000
SE-C02-004-A0117,SE-C02-004,DS05,santa_elena,CAMPAIGN_02,232.000000000,234.000000000,2.000000000,0.602108699,0.000000000,0.000000000
SE-C02-004-A0118,SE-C02-004,DS05,santa_elena,CAMPAIGN_02,234.000000000,236.000000000,2.000000000,0.579012601,0.000000000,0.000000000
SE-C02-004-A0119,SE-C02-004,DS05,santa_elena,CAMPAIGN_02,236.000000000,238.000000000,2.000000000,0.588802704,0.000000000,0.000000000
SE-C02-004-A0120,SE-C02-004,DS05,santa_elena,CAMPAIGN_02,238.000000000,240.000000000,2.000000000,0.644462911,0.000000000,0.000000000
SE-C02-004-A0121,SE-C02-004,DS05,santa_elena,CAMPAIGN_02,240.000000000,242.000000000,2.000000000,0.663309440,0.000000000,0.000000000
SE-C02-004-A0122,SE-C02-004,DS05,santa_elena,CAMPAIGN_02,242.000000000,244.000000000,2.000000000,0.631125490,0.000000000,0.000000000
SE-C02-004-A0123,SE-C02-004,DS05,santa_elena,CAMPAIGN_02,244.000000000,246.000000000,2.000000000,0.649210752,0.000000000,0.000000000
SE-C02-004-A0124,SE-C02-004,DS05,santa_elena,CAMPAIGN_02,246.000000000,248.000000000,2.000000000,0.628465358,0.000000000,0.000000000
SE-C02-004-A0125,SE-C02-004,DS05,santa_elena,CAMPAIGN_02,248.000000000,250.000000000,2.000000000,0.647458207,0.000000000,0.000000000
SE-C02-004-A0126,SE-C02-004,DS05,santa_elena,CAMPAIGN_02,250.000000000,252.000000000,2.000000000,0.669248754,0.000000000,0.000000000
SE-C02-004-A0127,SE-C02-004,DS05,santa_elena,CAMPAIGN_02,252.000000000,254.000000000,2.000000000,0.652020074,0.000000000,0.000000000
SE-C02-004-A0128,SE-C02-004,DS05,santa_elena,CAMPAIGN_02,254.000000000,256.000000000,2.000000000,0.640508722,0.000000000,0.000000000
SE-C02-004-A0129,SE-C02-004,DS05,santa_elena,CAMPAIGN_02,256.000000000,258.000000000,2.000000000,0.666066266,0.000000000,0.000000000
SE-C02-004-A0130,SE-C02-004,DS05,santa_elena,CAMPAIGN_02,258.000000000,260.000000000,2.000000000,0.655244678,0.000000000,0.000000000
SE-C02-004-A0131,SE-C02-004,DS05,santa_elena,CAMPAIGN_02,260.000000000,262.000000000,2.000000000,0.634806559,0.000000000,0.000000000
SE-C02-004-A0132,SE-C02-004,DS05,santa_elena,CAMPAIGN_02,262.000000000,264.000000000,2.000000000,0.684521809,0.000000000,0.000000000
SE-C02-004-A0133,SE-C02-004,DS05,santa_elena,CAMPAIGN_02,264.000000000,266.000000000,2.000000000,0.670699788,0.000000000,0.000000000
SE-C02-004-A0134,SE-C02-004,DS05,santa_elena,CAMPAIGN_02,266.000000000,268.000000000,2.000000000,0.692833569,0.000000000,0.000000000
SE-C02-004-A0135,SE-C02-004,DS05,santa_elena,CAMPAIGN_02,268.000000000,270.000000000,2.000000000,0.655623647,0.000000000,0.000000000
SE-C02-004-A0136,SE-C02-004,DS05,santa_elena,CAMPAIGN_02,270.000000000,272.000000000,2.000000000,0.729633297,0.000000000,0.000000000
SE-C02-004-A0137,SE-C02-004,DS05,santa_elena,CAMPAIGN_02,272.000000000,274.000000000,2.000000000,0.689082520,0.000000000,0.000000000
SE-C02-004-A0138,SE-C02-004,DS05,santa_elena,CAMPAIGN_02,274.000000000,276.000000000,2.000000000,0.714190126,0.000000000,0.000000000
SE-C02-004-A0139,SE-C02-004,DS05,santa_elena,CAMPAIGN_02,276.000000000,278.000000000,2.000000000,0.668617886,0.000000000,0.000000000
SE-C02-004-A0140,SE-C02-004,DS05,santa_elena,CAMPAIGN_02,278.000000000,280.000000000,2.000000000,0.676586669,0.000000000,0.000000000
SE-C02-004-A0141,SE-C02-004,DS05,santa_elena,CAMPAIGN_02,280.000000000,282.000000000,2.000000000,0.689280027,0.000000000,0.000000000
SE-C02-004-A0142,SE-C02-004,DS05,santa_elena,CAMPAIGN_02,282.000000000,284.000000000,2.000000000,0.773768832,0.000000000,0.000000000
SE-C02-004-A0143,SE-C02-004,DS05,santa_elena,CAMPAIGN_02,284.000000000,286.000000000,2.000000000,0.706587988,0.000000000,0.000000000
SE-C02-004-A0144,SE-C02-004,DS05,santa_elena,CAMPAIGN_02,286.000000000,288.000000000,2.000000000,0.719345900,0.000000000,0.000000000
SE-C02-004-A0145,SE-C02-004,DS05,santa_elena,CAMPAIGN_02,288.000000000,290.000000000,2.000000000,0.754891164,0.000000000,0.000000000
SE-C02-004-A0146,SE-C02-004,DS05,santa_elena,CAMPAIGN_02,290.000000000,292.000000000,2.000000000,0.732157208,0.000000000,0.000000000
SE-C02-004-A0147,SE-C02-004,DS05,santa_elena,CAMPAIGN_02,292.000000000,294.000000000,2.000000000,0.707974185,0.000000000,0.000000000
SE-C02-004-A0148,SE-C02-004,DS05,santa_elena,CAMPAIGN_02,294.000000000,296.000000000,2.000000000,0.703973854,0.000000000,0.000000000
SE-C02-004-A0149,SE-C02-004,DS05,santa_elena,CAMPAIGN_02,296.000000000,298.000000000,2.000000000,0.702826827,0.000000000,0.000000000
SE-C02-004-A0150,SE-C02-004,DS05,santa_elena,CAMPAIGN_02,298.000000000,300.000000000,2.000000000,0.751609087,0.000000000,0.000000000
SE-C02-004-A0151,SE-C02-004,DS05,santa_elena,CAMPAIGN_02,300.000000000,302.000000000,2.000000000,0.702430326,0.000000000,0.000000000
SE-C02-004-A0152,SE-C02-004,DS05,santa_elena,CAMPAIGN_02,302.000000000,304.000000000,2.000000000,0.723780110,0.000000000,0.000000000
SE-C02-004-A0153,SE-C02-004,DS05,santa_elena,CAMPAIGN_02,304.000000000,306.000000000,2.000000000,0.711231481,0.000000000,0.000000000
SE-C02-004-A0154,SE-C02-004,DS05,santa_elena,CAMPAIGN_02,306.000000000,308.000000000,2.000000000,0.649816079,0.000000000,0.000000000
SE-C02-004-A0155,SE-C02-004,DS05,santa_elena,CAMPAIGN_02,308.000000000,310.000000000,2.000000000,0.722921552,0.000000000,0.000000000
SE-C02-004-A0156,SE-C02-004,DS05,santa_elena,CAMPAIGN_02,310.000000000,312.000000000,2.000000000,0.642786425,0.000000000,0.000000000
SE-C02-004-A0157,SE-C02-004,DS05,santa_elena,CAMPAIGN_02,312.000000000,314.000000000,2.000000000,0.678589981,0.000000000,0.000000000
SE-C02-004-A0158,SE-C02-004,DS05,santa_elena,CAMPAIGN_02,314.000000000,316.000000000,2.000000000,0.677100728,0.000000000,0.000000000
SE-C02-004-A0159,SE-C02-004,DS05,santa_elena,CAMPAIGN_02,316.000000000,318.000000000,2.000000000,0.729908556,0.000000000,0.000000000
SE-C02-004-A0160,SE-C02-004,DS05,santa_elena,CAMPAIGN_02,318.000000000,320.000000000,2.000000000,0.704333201,0.000000000,0.000000000
SE-C02-004-A0161,SE-C02-004,DS05,santa_elena,CAMPAIGN_02,320.000000000,322.000000000,2.000000000,0.674859986,0.000000000,0.000000000
SE-C02-004-A0162,SE-C02-004,DS05,santa_elena,CAMPAIGN_02,322.000000000,323.991404975,1.991404975,0.671420029,0.000000000,0.000000000
SE-C02-005-A0001,SE-C02-005,DS05,santa_elena,CAMPAIGN_02,0.000000000,2.000000000,2.000000000,0.010139053,0.000000000,0.000000000
SE-C02-005-A0002,SE-C02-005,DS05,santa_elena,CAMPAIGN_02,2.000000000,4.000000000,2.000000000,0.019649697,0.000000000,0.000000000
SE-C02-005-A0003,SE-C02-005,DS05,santa_elena,CAMPAIGN_02,4.000000000,6.000000000,2.000000000,0.023842764,0.000000000,0.000000000
SE-C02-005-A0004,SE-C02-005,DS05,santa_elena,CAMPAIGN_02,6.000000000,8.000000000,2.000000000,0.019560673,0.000000000,0.000000000
SE-C02-005-A0005,SE-C02-005,DS05,santa_elena,CAMPAIGN_02,8.000000000,10.000000000,2.000000000,0.023117708,0.000000000,0.000000000
SE-C02-005-A0006,SE-C02-005,DS05,santa_elena,CAMPAIGN_02,10.000000000,12.000000000,2.000000000,0.019781092,0.000000000,0.000000000
SE-C02-005-A0007,SE-C02-005,DS05,santa_elena,CAMPAIGN_02,12.000000000,14.000000000,2.000000000,0.021470345,0.000000000,0.000000000
SE-C02-005-A0008,SE-C02-005,DS05,santa_elena,CAMPAIGN_02,14.000000000,16.000000000,2.000000000,0.016332304,0.000000000,0.000000000
SE-C02-005-A0009,SE-C02-005,DS05,santa_elena,CAMPAIGN_02,16.000000000,18.000000000,2.000000000,0.019201164,0.000000000,0.000000000
SE-C02-005-A0010,SE-C02-005,DS05,santa_elena,CAMPAIGN_02,18.000000000,20.000000000,2.000000000,0.020880053,0.000000000,0.000000000
SE-C02-005-A0011,SE-C02-005,DS05,santa_elena,CAMPAIGN_02,20.000000000,22.000000000,2.000000000,0.019888358,0.000000000,0.000000000
SE-C02-005-A0012,SE-C02-005,DS05,santa_elena,CAMPAIGN_02,22.000000000,24.000000000,2.000000000,0.022000189,0.000000000,0.000000000
SE-C02-005-A0013,SE-C02-005,DS05,santa_elena,CAMPAIGN_02,24.000000000,26.000000000,2.000000000,0.024565397,0.000000000,0.000000000
SE-C02-005-A0014,SE-C02-005,DS05,santa_elena,CAMPAIGN_02,26.000000000,28.000000000,2.000000000,0.022479353,0.000000000,0.000000000
SE-C02-005-A0015,SE-C02-005,DS05,santa_elena,CAMPAIGN_02,28.000000000,30.000000000,2.000000000,0.017320383,0.000000000,0.000000000
SE-C02-005-A0016,SE-C02-005,DS05,santa_elena,CAMPAIGN_02,30.000000000,32.000000000,2.000000000,0.022960421,0.000000000,0.000000000
SE-C02-005-A0017,SE-C02-005,DS05,santa_elena,CAMPAIGN_02,32.000000000,34.000000000,2.000000000,0.020943306,0.000000000,0.000000000
SE-C02-005-A0018,SE-C02-005,DS05,santa_elena,CAMPAIGN_02,34.000000000,36.000000000,2.000000000,0.022022283,0.000000000,0.000000000
SE-C02-005-A0019,SE-C02-005,DS05,santa_elena,CAMPAIGN_02,36.000000000,38.000000000,2.000000000,0.021744235,0.000000000,0.000000000
SE-C02-005-A0020,SE-C02-005,DS05,santa_elena,CAMPAIGN_02,38.000000000,40.000000000,2.000000000,0.020415641,0.000000000,0.000000000
SE-C02-005-A0021,SE-C02-005,DS05,santa_elena,CAMPAIGN_02,40.000000000,42.000000000,2.000000000,0.018284398,0.000000000,0.000000000
SE-C02-005-A0022,SE-C02-005,DS05,santa_elena,CAMPAIGN_02,42.000000000,44.000000000,2.000000000,0.020503363,0.000000000,0.000000000
SE-C02-005-A0023,SE-C02-005,DS05,santa_elena,CAMPAIGN_02,44.000000000,46.000000000,2.000000000,0.022722128,0.000000000,0.000000000
SE-C02-005-A0024,SE-C02-005,DS05,santa_elena,CAMPAIGN_02,46.000000000,48.000000000,2.000000000,0.018088235,0.000000000,0.000000000
SE-C02-005-A0025,SE-C02-005,DS05,santa_elena,CAMPAIGN_02,48.000000000,50.000000000,2.000000000,0.021352559,0.000000000,0.000000000
SE-C02-005-A0026,SE-C02-005,DS05,santa_elena,CAMPAIGN_02,50.000000000,52.000000000,2.000000000,0.018997060,0.000000000,0.000000000
SE-C02-005-A0027,SE-C02-005,DS05,santa_elena,CAMPAIGN_02,52.000000000,54.000000000,2.000000000,0.020968918,0.000000000,0.000000000
SE-C02-005-A0028,SE-C02-005,DS05,santa_elena,CAMPAIGN_02,54.000000000,56.000000000,2.000000000,0.020976392,0.000000000,0.000000000
SE-C02-005-A0029,SE-C02-005,DS05,santa_elena,CAMPAIGN_02,56.000000000,58.000000000,2.000000000,0.023693749,0.000000000,0.000000000
SE-C02-005-A0030,SE-C02-005,DS05,santa_elena,CAMPAIGN_02,58.000000000,60.000000000,2.000000000,0.020403408,0.000000000,0.000000000
SE-C02-005-A0031,SE-C02-005,DS05,santa_elena,CAMPAIGN_02,60.000000000,62.000000000,2.000000000,0.019813272,0.000000000,0.000000000
SE-C02-005-A0032,SE-C02-005,DS05,santa_elena,CAMPAIGN_02,62.000000000,64.000000000,2.000000000,0.021981644,0.000000000,0.000000000
SE-C02-005-A0033,SE-C02-005,DS05,santa_elena,CAMPAIGN_02,64.000000000,66.000000000,2.000000000,0.021676206,0.000000000,0.000000000
SE-C02-005-A0034,SE-C02-005,DS05,santa_elena,CAMPAIGN_02,66.000000000,68.000000000,2.000000000,0.025588549,0.000000000,0.000000000
SE-C02-005-A0035,SE-C02-005,DS05,santa_elena,CAMPAIGN_02,68.000000000,70.000000000,2.000000000,0.024021577,0.000000000,0.000000000
SE-C02-005-A0036,SE-C02-005,DS05,santa_elena,CAMPAIGN_02,70.000000000,72.000000000,2.000000000,0.024590427,0.000000000,0.000000000
SE-C02-005-A0037,SE-C02-005,DS05,santa_elena,CAMPAIGN_02,72.000000000,74.000000000,2.000000000,0.024357854,0.000000000,0.000000000
SE-C02-005-A0038,SE-C02-005,DS05,santa_elena,CAMPAIGN_02,74.000000000,76.000000000,2.000000000,0.020759124,0.000000000,0.000000000
SE-C02-005-A0039,SE-C02-005,DS05,santa_elena,CAMPAIGN_02,76.000000000,78.000000000,2.000000000,0.022360430,0.000000000,0.000000000
SE-C02-005-A0040,SE-C02-005,DS05,santa_elena,CAMPAIGN_02,78.000000000,80.000000000,2.000000000,0.025734402,0.000000000,0.000000000
SE-C02-005-A0041,SE-C02-005,DS05,santa_elena,CAMPAIGN_02,80.000000000,82.000000000,2.000000000,0.027406513,0.000000000,0.000000000
SE-C02-005-A0042,SE-C02-005,DS05,santa_elena,CAMPAIGN_02,82.000000000,84.000000000,2.000000000,0.021643736,0.000000000,0.000000000
SE-C02-005-A0043,SE-C02-005,DS05,santa_elena,CAMPAIGN_02,84.000000000,86.000000000,2.000000000,0.025495868,0.000000000,0.000000000
SE-C02-005-A0044,SE-C02-005,DS05,santa_elena,CAMPAIGN_02,86.000000000,88.000000000,2.000000000,0.021349597,0.000000000,0.000000000
SE-C02-005-A0045,SE-C02-005,DS05,santa_elena,CAMPAIGN_02,88.000000000,90.000000000,2.000000000,0.027172196,0.000000000,0.000000000
SE-C02-005-A0046,SE-C02-005,DS05,santa_elena,CAMPAIGN_02,90.000000000,92.000000000,2.000000000,0.026475617,0.000000000,0.000000000
SE-C02-005-A0047,SE-C02-005,DS05,santa_elena,CAMPAIGN_02,92.000000000,94.000000000,2.000000000,0.025948200,0.000000000,0.000000000
SE-C02-005-A0048,SE-C02-005,DS05,santa_elena,CAMPAIGN_02,94.000000000,96.000000000,2.000000000,0.028246935,0.000000000,0.000000000
SE-C02-005-A0049,SE-C02-005,DS05,santa_elena,CAMPAIGN_02,96.000000000,98.000000000,2.000000000,0.023130294,0.000000000,0.000000000
SE-C02-005-A0050,SE-C02-005,DS05,santa_elena,CAMPAIGN_02,98.000000000,100.000000000,2.000000000,0.025885309,0.000000000,0.000000000
SE-C02-005-A0051,SE-C02-005,DS05,santa_elena,CAMPAIGN_02,100.000000000,102.000000000,2.000000000,0.026538501,0.000000000,0.000000000
SE-C02-005-A0052,SE-C02-005,DS05,santa_elena,CAMPAIGN_02,102.000000000,104.000000000,2.000000000,0.025997545,0.000000000,0.000000000
SE-C02-005-A0053,SE-C02-005,DS05,santa_elena,CAMPAIGN_02,104.000000000,106.000000000,2.000000000,0.025219808,0.000000000,0.000000000
SE-C02-005-A0054,SE-C02-005,DS05,santa_elena,CAMPAIGN_02,106.000000000,108.000000000,2.000000000,0.024404237,0.000000000,0.000000000
SE-C02-005-A0055,SE-C02-005,DS05,santa_elena,CAMPAIGN_02,108.000000000,110.000000000,2.000000000,0.026863843,0.000000000,0.000000000
SE-C02-005-A0056,SE-C02-005,DS05,santa_elena,CAMPAIGN_02,110.000000000,112.000000000,2.000000000,0.030502794,0.000000000,0.000000000
SE-C02-005-A0057,SE-C02-005,DS05,santa_elena,CAMPAIGN_02,112.000000000,114.000000000,2.000000000,0.027417861,0.000000000,0.000000000
SE-C02-005-A0058,SE-C02-005,DS05,santa_elena,CAMPAIGN_02,114.000000000,116.000000000,2.000000000,0.030458299,0.000000000,0.000000000
SE-C02-005-A0059,SE-C02-005,DS05,santa_elena,CAMPAIGN_02,116.000000000,118.000000000,2.000000000,0.027658677,0.000000000,0.000000000
SE-C02-005-A0060,SE-C02-005,DS05,santa_elena,CAMPAIGN_02,118.000000000,120.000000000,2.000000000,0.027990860,0.000000000,0.000000000
SE-C02-005-A0061,SE-C02-005,DS05,santa_elena,CAMPAIGN_02,120.000000000,122.000000000,2.000000000,0.034459256,0.000000000,0.000000000
SE-C02-005-A0062,SE-C02-005,DS05,santa_elena,CAMPAIGN_02,122.000000000,124.000000000,2.000000000,0.031821572,0.000000000,0.000000000
SE-C02-005-A0063,SE-C02-005,DS05,santa_elena,CAMPAIGN_02,124.000000000,126.000000000,2.000000000,0.031772200,0.000000000,0.000000000
SE-C02-005-A0064,SE-C02-005,DS05,santa_elena,CAMPAIGN_02,126.000000000,128.000000000,2.000000000,0.032428202,0.000000000,0.000000000
SE-C02-005-A0065,SE-C02-005,DS05,santa_elena,CAMPAIGN_02,128.000000000,130.000000000,2.000000000,0.033711887,0.000000000,0.000000000
SE-C02-005-A0066,SE-C02-005,DS05,santa_elena,CAMPAIGN_02,130.000000000,132.000000000,2.000000000,0.036430518,0.000000000,0.000000000
SE-C02-005-A0067,SE-C02-005,DS05,santa_elena,CAMPAIGN_02,132.000000000,134.000000000,2.000000000,0.033981957,0.000000000,0.000000000
SE-C02-005-A0068,SE-C02-005,DS05,santa_elena,CAMPAIGN_02,134.000000000,136.000000000,2.000000000,0.036678849,0.000000000,0.000000000
SE-C02-005-A0069,SE-C02-005,DS05,santa_elena,CAMPAIGN_02,136.000000000,138.000000000,2.000000000,0.035241837,0.000000000,0.000000000
SE-C02-005-A0070,SE-C02-005,DS05,santa_elena,CAMPAIGN_02,138.000000000,140.000000000,2.000000000,0.038731824,0.000000000,0.000000000
SE-C02-005-A0071,SE-C02-005,DS05,santa_elena,CAMPAIGN_02,140.000000000,142.000000000,2.000000000,0.036547467,0.000000000,0.000000000
SE-C02-005-A0072,SE-C02-005,DS05,santa_elena,CAMPAIGN_02,142.000000000,144.000000000,2.000000000,0.039607473,0.000000000,0.000000000
SE-C02-005-A0073,SE-C02-005,DS05,santa_elena,CAMPAIGN_02,144.000000000,146.000000000,2.000000000,0.037749764,0.000000000,0.000000000
SE-C02-005-A0074,SE-C02-005,DS05,santa_elena,CAMPAIGN_02,146.000000000,148.000000000,2.000000000,0.038758410,0.000000000,0.000000000
SE-C02-005-A0075,SE-C02-005,DS05,santa_elena,CAMPAIGN_02,148.000000000,150.000000000,2.000000000,0.039992128,0.000000000,0.000000000
SE-C02-005-A0076,SE-C02-005,DS05,santa_elena,CAMPAIGN_02,150.000000000,152.000000000,2.000000000,0.034763252,0.000000000,0.000000000
SE-C02-005-A0077,SE-C02-005,DS05,santa_elena,CAMPAIGN_02,152.000000000,154.000000000,2.000000000,0.042260945,0.000000000,0.000000000
SE-C02-005-A0078,SE-C02-005,DS05,santa_elena,CAMPAIGN_02,154.000000000,156.000000000,2.000000000,0.040581224,0.000000000,0.000000000
SE-C02-005-A0079,SE-C02-005,DS05,santa_elena,CAMPAIGN_02,156.000000000,158.000000000,2.000000000,0.043651668,0.000000000,0.000000000
SE-C02-005-A0080,SE-C02-005,DS05,santa_elena,CAMPAIGN_02,158.000000000,160.000000000,2.000000000,0.044744154,0.000000000,0.000000000
SE-C02-005-A0081,SE-C02-005,DS05,santa_elena,CAMPAIGN_02,160.000000000,162.000000000,2.000000000,0.046620092,0.000000000,0.000000000
SE-C02-005-A0082,SE-C02-005,DS05,santa_elena,CAMPAIGN_02,162.000000000,164.000000000,2.000000000,0.044805488,0.000000000,0.000000000
SE-C02-005-A0083,SE-C02-005,DS05,santa_elena,CAMPAIGN_02,164.000000000,166.000000000,2.000000000,0.045689911,0.000000000,0.000000000
SE-C02-005-A0084,SE-C02-005,DS05,santa_elena,CAMPAIGN_02,166.000000000,168.000000000,2.000000000,0.047113757,0.000000000,0.000000000
SE-C02-005-A0085,SE-C02-005,DS05,santa_elena,CAMPAIGN_02,168.000000000,170.000000000,2.000000000,0.051145662,0.000000000,0.000000000
SE-C02-005-A0086,SE-C02-005,DS05,santa_elena,CAMPAIGN_02,170.000000000,172.000000000,2.000000000,0.050986136,0.000000000,0.000000000
SE-C02-005-A0087,SE-C02-005,DS05,santa_elena,CAMPAIGN_02,172.000000000,174.000000000,2.000000000,0.055538725,0.000000000,0.000000000
SE-C02-005-A0088,SE-C02-005,DS05,santa_elena,CAMPAIGN_02,174.000000000,176.000000000,2.000000000,0.053942404,0.000000000,0.000000000
SE-C02-005-A0089,SE-C02-005,DS05,santa_elena,CAMPAIGN_02,176.000000000,178.000000000,2.000000000,0.051492545,0.000000000,0.000000000
SE-C02-005-A0090,SE-C02-005,DS05,santa_elena,CAMPAIGN_02,178.000000000,180.000000000,2.000000000,0.058396122,0.000000000,0.000000000
SE-C02-005-A0091,SE-C02-005,DS05,santa_elena,CAMPAIGN_02,180.000000000,182.000000000,2.000000000,0.058061381,0.000000000,0.000000000
SE-C02-005-A0092,SE-C02-005,DS05,santa_elena,CAMPAIGN_02,182.000000000,184.000000000,2.000000000,0.062359348,0.000000000,0.000000000
SE-C02-005-A0093,SE-C02-005,DS05,santa_elena,CAMPAIGN_02,184.000000000,186.000000000,2.000000000,0.061233103,0.000000000,0.000000000
SE-C02-005-A0094,SE-C02-005,DS05,santa_elena,CAMPAIGN_02,186.000000000,188.000000000,2.000000000,0.065670858,0.000000000,0.000000000
SE-C02-005-A0095,SE-C02-005,DS05,santa_elena,CAMPAIGN_02,188.000000000,190.000000000,2.000000000,0.068041067,0.000000000,0.000000000
SE-C02-005-A0096,SE-C02-005,DS05,santa_elena,CAMPAIGN_02,190.000000000,192.000000000,2.000000000,0.069082583,0.000000000,0.000000000
SE-C02-005-A0097,SE-C02-005,DS05,santa_elena,CAMPAIGN_02,192.000000000,194.000000000,2.000000000,0.068203712,0.000000000,0.000000000
SE-C02-005-A0098,SE-C02-005,DS05,santa_elena,CAMPAIGN_02,194.000000000,196.000000000,2.000000000,0.065694885,0.000000000,0.000000000
SE-C02-005-A0099,SE-C02-005,DS05,santa_elena,CAMPAIGN_02,196.000000000,198.000000000,2.000000000,0.076920408,0.000000000,0.000000000
SE-C02-005-A0100,SE-C02-005,DS05,santa_elena,CAMPAIGN_02,198.000000000,200.000000000,2.000000000,0.069310634,0.000000000,0.000000000
SE-C02-005-A0101,SE-C02-005,DS05,santa_elena,CAMPAIGN_02,200.000000000,202.000000000,2.000000000,0.081035986,0.000000000,0.000000000
SE-C02-005-A0102,SE-C02-005,DS05,santa_elena,CAMPAIGN_02,202.000000000,204.000000000,2.000000000,0.082706830,0.000000000,0.000000000
SE-C02-005-A0103,SE-C02-005,DS05,santa_elena,CAMPAIGN_02,204.000000000,206.000000000,2.000000000,0.081158050,0.000000000,0.000000000
SE-C02-005-A0104,SE-C02-005,DS05,santa_elena,CAMPAIGN_02,206.000000000,208.000000000,2.000000000,0.086732125,0.000000000,0.000000000
SE-C02-005-A0105,SE-C02-005,DS05,santa_elena,CAMPAIGN_02,208.000000000,210.000000000,2.000000000,0.086577194,0.000000000,0.000000000
SE-C02-005-A0106,SE-C02-005,DS05,santa_elena,CAMPAIGN_02,210.000000000,212.000000000,2.000000000,0.084495513,0.000000000,0.000000000
SE-C02-005-A0107,SE-C02-005,DS05,santa_elena,CAMPAIGN_02,212.000000000,214.000000000,2.000000000,0.091369187,0.000000000,0.000000000
SE-C02-005-A0108,SE-C02-005,DS05,santa_elena,CAMPAIGN_02,214.000000000,216.000000000,2.000000000,0.089657715,0.000000000,0.000000000
SE-C02-005-A0109,SE-C02-005,DS05,santa_elena,CAMPAIGN_02,216.000000000,218.000000000,2.000000000,0.105034151,0.000000000,0.000000000
SE-C02-005-A0110,SE-C02-005,DS05,santa_elena,CAMPAIGN_02,218.000000000,220.000000000,2.000000000,0.097421442,0.000000000,0.000000000
SE-C02-005-A0111,SE-C02-005,DS05,santa_elena,CAMPAIGN_02,220.000000000,222.000000000,2.000000000,0.102844310,0.000000000,0.000000000
SE-C02-005-A0112,SE-C02-005,DS05,santa_elena,CAMPAIGN_02,222.000000000,224.000000000,2.000000000,0.103122900,0.000000000,0.000000000
SE-C02-005-A0113,SE-C02-005,DS05,santa_elena,CAMPAIGN_02,224.000000000,226.000000000,2.000000000,0.101601734,0.000000000,0.000000000
SE-C02-005-A0114,SE-C02-005,DS05,santa_elena,CAMPAIGN_02,226.000000000,228.000000000,2.000000000,0.112844289,0.000000000,0.000000000
SE-C02-005-A0115,SE-C02-005,DS05,santa_elena,CAMPAIGN_02,228.000000000,230.000000000,2.000000000,0.110436953,0.000000000,0.000000000
SE-C02-005-A0116,SE-C02-005,DS05,santa_elena,CAMPAIGN_02,230.000000000,232.000000000,2.000000000,0.132186098,0.000000000,0.000000000
SE-C02-005-A0117,SE-C02-005,DS05,santa_elena,CAMPAIGN_02,232.000000000,234.000000000,2.000000000,0.129884579,0.000000000,0.000000000
SE-C02-005-A0118,SE-C02-005,DS05,santa_elena,CAMPAIGN_02,234.000000000,236.000000000,2.000000000,0.138594257,0.000000000,0.000000000
SE-C02-005-A0119,SE-C02-005,DS05,santa_elena,CAMPAIGN_02,236.000000000,238.000000000,2.000000000,0.139805117,0.000000000,0.000000000
SE-C02-005-A0120,SE-C02-005,DS05,santa_elena,CAMPAIGN_02,238.000000000,240.000000000,2.000000000,0.151520340,0.000000000,0.000000000
SE-C02-005-A0121,SE-C02-005,DS05,santa_elena,CAMPAIGN_02,240.000000000,242.000000000,2.000000000,0.153460352,0.000000000,0.000000000
SE-C02-005-A0122,SE-C02-005,DS05,santa_elena,CAMPAIGN_02,242.000000000,244.000000000,2.000000000,0.155787033,0.000000000,0.000000000
SE-C02-005-A0123,SE-C02-005,DS05,santa_elena,CAMPAIGN_02,244.000000000,246.000000000,2.000000000,0.156272361,0.000000000,0.000000000
SE-C02-005-A0124,SE-C02-005,DS05,santa_elena,CAMPAIGN_02,246.000000000,248.000000000,2.000000000,0.157201180,0.000000000,0.000000000
SE-C02-005-A0125,SE-C02-005,DS05,santa_elena,CAMPAIGN_02,248.000000000,250.000000000,2.000000000,0.170135058,0.000000000,0.000000000
SE-C02-005-A0126,SE-C02-005,DS05,santa_elena,CAMPAIGN_02,250.000000000,252.000000000,2.000000000,0.176031424,0.000000000,0.000000000
SE-C02-005-A0127,SE-C02-005,DS05,santa_elena,CAMPAIGN_02,252.000000000,254.000000000,2.000000000,0.165989191,0.000000000,0.000000000
SE-C02-005-A0128,SE-C02-005,DS05,santa_elena,CAMPAIGN_02,254.000000000,256.000000000,2.000000000,0.187974845,0.000000000,0.000000000
SE-C02-005-A0129,SE-C02-005,DS05,santa_elena,CAMPAIGN_02,256.000000000,258.000000000,2.000000000,0.174120972,0.000000000,0.000000000
SE-C02-005-A0130,SE-C02-005,DS05,santa_elena,CAMPAIGN_02,258.000000000,260.000000000,2.000000000,0.184056732,0.000000000,0.000000000
SE-C02-005-A0131,SE-C02-005,DS05,santa_elena,CAMPAIGN_02,260.000000000,262.000000000,2.000000000,0.192332253,0.000000000,0.000000000
SE-C02-005-A0132,SE-C02-005,DS05,santa_elena,CAMPAIGN_02,262.000000000,264.000000000,2.000000000,0.194862507,0.000000000,0.000000000
SE-C02-005-A0133,SE-C02-005,DS05,santa_elena,CAMPAIGN_02,264.000000000,266.000000000,2.000000000,0.189961464,0.000000000,0.000000000
SE-C02-005-A0134,SE-C02-005,DS05,santa_elena,CAMPAIGN_02,266.000000000,268.000000000,2.000000000,0.217320546,0.000000000,0.000000000
SE-C02-005-A0135,SE-C02-005,DS05,santa_elena,CAMPAIGN_02,268.000000000,270.000000000,2.000000000,0.206416278,0.000000000,0.000000000
SE-C02-005-A0136,SE-C02-005,DS05,santa_elena,CAMPAIGN_02,270.000000000,272.000000000,2.000000000,0.208610741,0.000000000,0.000000000
SE-C02-005-A0137,SE-C02-005,DS05,santa_elena,CAMPAIGN_02,272.000000000,274.000000000,2.000000000,0.216451842,0.000000000,0.000000000
SE-C02-005-A0138,SE-C02-005,DS05,santa_elena,CAMPAIGN_02,274.000000000,276.000000000,2.000000000,0.238473515,0.000000000,0.000000000
SE-C02-005-A0139,SE-C02-005,DS05,santa_elena,CAMPAIGN_02,276.000000000,278.000000000,2.000000000,0.220579779,0.000000000,0.000000000
SE-C02-005-A0140,SE-C02-005,DS05,santa_elena,CAMPAIGN_02,278.000000000,280.000000000,2.000000000,0.230114962,0.000000000,0.000000000
SE-C02-005-A0141,SE-C02-005,DS05,santa_elena,CAMPAIGN_02,280.000000000,282.000000000,2.000000000,0.232585548,0.000000000,0.000000000
SE-C02-005-A0142,SE-C02-005,DS05,santa_elena,CAMPAIGN_02,282.000000000,284.000000000,2.000000000,0.231618908,0.000000000,0.000000000
SE-C02-005-A0143,SE-C02-005,DS05,santa_elena,CAMPAIGN_02,284.000000000,286.000000000,2.000000000,0.243757367,0.000000000,0.000000000
SE-C02-005-A0144,SE-C02-005,DS05,santa_elena,CAMPAIGN_02,286.000000000,288.000000000,2.000000000,0.247819661,0.000000000,0.000000000
SE-C02-005-A0145,SE-C02-005,DS05,santa_elena,CAMPAIGN_02,288.000000000,290.000000000,2.000000000,0.254579293,0.000000000,0.000000000
SE-C02-005-A0146,SE-C02-005,DS05,santa_elena,CAMPAIGN_02,290.000000000,292.000000000,2.000000000,0.268542814,0.000000000,0.000000000
SE-C02-005-A0147,SE-C02-005,DS05,santa_elena,CAMPAIGN_02,292.000000000,294.000000000,2.000000000,0.238293656,0.000000000,0.000000000
SE-C02-005-A0148,SE-C02-005,DS05,santa_elena,CAMPAIGN_02,294.000000000,296.000000000,2.000000000,0.267385498,0.000000000,0.000000000
SE-C02-005-A0149,SE-C02-005,DS05,santa_elena,CAMPAIGN_02,296.000000000,298.000000000,2.000000000,0.280471157,0.000000000,0.000000000
SE-C02-005-A0150,SE-C02-005,DS05,santa_elena,CAMPAIGN_02,298.000000000,300.000000000,2.000000000,0.277130670,0.000000000,0.000000000
SE-C02-005-A0151,SE-C02-005,DS05,santa_elena,CAMPAIGN_02,300.000000000,302.000000000,2.000000000,0.276951534,0.000000000,0.000000000
SE-C02-005-A0152,SE-C02-005,DS05,santa_elena,CAMPAIGN_02,302.000000000,304.000000000,2.000000000,0.298157891,0.000000000,0.000000000
SE-C02-005-A0153,SE-C02-005,DS05,santa_elena,CAMPAIGN_02,304.000000000,306.000000000,2.000000000,0.307670102,0.000000000,0.000000000
SE-C02-005-A0154,SE-C02-005,DS05,santa_elena,CAMPAIGN_02,306.000000000,308.000000000,2.000000000,0.299655000,0.000000000,0.000000000
SE-C02-005-A0155,SE-C02-005,DS05,santa_elena,CAMPAIGN_02,308.000000000,310.000000000,2.000000000,0.324537898,0.000000000,0.000000000
SE-C02-005-A0156,SE-C02-005,DS05,santa_elena,CAMPAIGN_02,310.000000000,312.000000000,2.000000000,0.322185077,0.000000000,0.000000000
SE-C02-005-A0157,SE-C02-005,DS05,santa_elena,CAMPAIGN_02,312.000000000,314.000000000,2.000000000,0.342162054,0.000000000,0.000000000
SE-C02-005-A0158,SE-C02-005,DS05,santa_elena,CAMPAIGN_02,314.000000000,316.000000000,2.000000000,0.314777957,0.000000000,0.000000000
SE-C02-005-A0159,SE-C02-005,DS05,santa_elena,CAMPAIGN_02,316.000000000,318.000000000,2.000000000,0.317627405,0.000000000,0.000000000
SE-C02-005-A0160,SE-C02-005,DS05,santa_elena,CAMPAIGN_02,318.000000000,320.000000000,2.000000000,0.311910140,0.000000000,0.000000000
SE-C02-005-A0161,SE-C02-005,DS05,santa_elena,CAMPAIGN_02,320.000000000,322.000000000,2.000000000,0.334299663,0.000000000,0.000000000
SE-C02-005-A0162,SE-C02-005,DS05,santa_elena,CAMPAIGN_02,322.000000000,324.000000000,2.000000000,0.333192635,0.000000000,0.000000000
SE-C02-005-A0163,SE-C02-005,DS05,santa_elena,CAMPAIGN_02,324.000000000,326.000000000,2.000000000,0.344005092,0.000000000,0.000000000
SE-C02-005-A0164,SE-C02-005,DS05,santa_elena,CAMPAIGN_02,326.000000000,328.000000000,2.000000000,0.363383318,0.000000000,0.000000000
SE-C02-005-A0165,SE-C02-005,DS05,santa_elena,CAMPAIGN_02,328.000000000,330.000000000,2.000000000,0.345162815,0.000000000,0.000000000
SE-C02-005-A0166,SE-C02-005,DS05,santa_elena,CAMPAIGN_02,330.000000000,332.000000000,2.000000000,0.376768941,0.000000000,0.000000000
SE-C02-005-A0167,SE-C02-005,DS05,santa_elena,CAMPAIGN_02,332.000000000,334.000000000,2.000000000,0.359411455,0.000000000,0.000000000
SE-C02-005-A0168,SE-C02-005,DS05,santa_elena,CAMPAIGN_02,334.000000000,336.000000000,2.000000000,0.377464882,0.000000000,0.000000000
SE-C02-005-A0169,SE-C02-005,DS05,santa_elena,CAMPAIGN_02,336.000000000,338.000000000,2.000000000,0.373162873,0.000000000,0.000000000
SE-C02-005-A0170,SE-C02-005,DS05,santa_elena,CAMPAIGN_02,338.000000000,340.000000000,2.000000000,0.363244332,0.000000000,0.000000000
SE-C02-005-A0171,SE-C02-005,DS05,santa_elena,CAMPAIGN_02,340.000000000,342.000000000,2.000000000,0.378643577,0.000000000,0.000000000
SE-C02-005-A0172,SE-C02-005,DS05,santa_elena,CAMPAIGN_02,342.000000000,344.000000000,2.000000000,0.378802866,0.000000000,0.000000000
SE-C02-005-A0173,SE-C02-005,DS05,santa_elena,CAMPAIGN_02,344.000000000,346.000000000,2.000000000,0.391444113,0.000000000,0.000000000
SE-C02-005-A0174,SE-C02-005,DS05,santa_elena,CAMPAIGN_02,346.000000000,348.000000000,2.000000000,0.392028586,0.000000000,0.000000000
SE-C02-005-A0175,SE-C02-005,DS05,santa_elena,CAMPAIGN_02,348.000000000,350.000000000,2.000000000,0.420176096,0.000000000,0.000000000
SE-C02-005-A0176,SE-C02-005,DS05,santa_elena,CAMPAIGN_02,350.000000000,352.000000000,2.000000000,0.374862871,0.000000000,0.000000000
SE-C02-005-A0177,SE-C02-005,DS05,santa_elena,CAMPAIGN_02,352.000000000,354.000000000,2.000000000,0.419487329,0.000000000,0.000000000
SE-C02-005-A0178,SE-C02-005,DS05,santa_elena,CAMPAIGN_02,354.000000000,356.000000000,2.000000000,0.428303339,0.000000000,0.000000000
SE-C02-005-A0179,SE-C02-005,DS05,santa_elena,CAMPAIGN_02,356.000000000,358.000000000,2.000000000,0.389255759,0.000000000,0.000000000
SE-C02-005-A0180,SE-C02-005,DS05,santa_elena,CAMPAIGN_02,358.000000000,360.000000000,2.000000000,0.428364481,0.000000000,0.000000000
SE-C02-005-A0181,SE-C02-005,DS05,santa_elena,CAMPAIGN_02,360.000000000,362.000000000,2.000000000,0.419211867,0.000000000,0.000000000
SE-C02-005-A0182,SE-C02-005,DS05,santa_elena,CAMPAIGN_02,362.000000000,364.000000000,2.000000000,0.445527218,0.000000000,0.000000000
SE-C02-005-A0183,SE-C02-005,DS05,santa_elena,CAMPAIGN_02,364.000000000,366.000000000,2.000000000,0.467218451,0.000000000,0.000000000
SE-C02-005-A0184,SE-C02-005,DS05,santa_elena,CAMPAIGN_02,366.000000000,368.000000000,2.000000000,0.449846789,0.000000000,0.000000000
SE-C02-005-A0185,SE-C02-005,DS05,santa_elena,CAMPAIGN_02,368.000000000,370.000000000,2.000000000,0.435877583,0.000000000,0.000000000
SE-C02-005-A0186,SE-C02-005,DS05,santa_elena,CAMPAIGN_02,370.000000000,372.000000000,2.000000000,0.397687052,0.000000000,0.000000000
SE-C02-005-A0187,SE-C02-005,DS05,santa_elena,CAMPAIGN_02,372.000000000,374.000000000,2.000000000,0.424667866,0.000000000,0.000000000
SE-C02-005-A0188,SE-C02-005,DS05,santa_elena,CAMPAIGN_02,374.000000000,376.000000000,2.000000000,0.391131342,0.000000000,0.000000000
SE-C02-005-A0189,SE-C02-005,DS05,santa_elena,CAMPAIGN_02,376.000000000,378.000000000,2.000000000,0.452707028,0.000000000,0.000000000
SE-C02-005-A0190,SE-C02-005,DS05,santa_elena,CAMPAIGN_02,378.000000000,380.000000000,2.000000000,0.443664199,0.000000000,0.000000000
SE-C02-005-A0191,SE-C02-005,DS05,santa_elena,CAMPAIGN_02,380.000000000,382.000000000,2.000000000,0.427064307,0.000000000,0.000000000
SE-C02-005-A0192,SE-C02-005,DS05,santa_elena,CAMPAIGN_02,382.000000000,384.000000000,2.000000000,0.468151081,0.000000000,0.000000000
SE-C02-005-A0193,SE-C02-005,DS05,santa_elena,CAMPAIGN_02,384.000000000,386.000000000,2.000000000,0.464391211,0.000000000,0.000000000
SE-C02-005-A0194,SE-C02-005,DS05,santa_elena,CAMPAIGN_02,386.000000000,388.000000000,2.000000000,0.469368074,0.000000000,0.000000000
SE-C02-005-A0195,SE-C02-005,DS05,santa_elena,CAMPAIGN_02,388.000000000,390.000000000,2.000000000,0.466229856,0.000000000,0.000000000
SE-C02-005-A0196,SE-C02-005,DS05,santa_elena,CAMPAIGN_02,390.000000000,392.000000000,2.000000000,0.461122010,0.000000000,0.000000000
SE-C02-005-A0197,SE-C02-005,DS05,santa_elena,CAMPAIGN_02,392.000000000,394.000000000,2.000000000,0.447407020,0.000000000,0.000000000
SE-C02-005-A0198,SE-C02-005,DS05,santa_elena,CAMPAIGN_02,394.000000000,396.000000000,2.000000000,0.452001745,0.000000000,0.000000000
SE-C02-005-A0199,SE-C02-005,DS05,santa_elena,CAMPAIGN_02,396.000000000,398.000000000,2.000000000,0.469316056,0.000000000,0.000000000
SE-C02-005-A0200,SE-C02-005,DS05,santa_elena,CAMPAIGN_02,398.000000000,400.000000000,2.000000000,0.433464368,0.000000000,0.000000000
SE-C02-005-A0201,SE-C02-005,DS05,santa_elena,CAMPAIGN_02,400.000000000,402.000000000,2.000000000,0.463618223,0.000000000,0.000000000
SE-C02-005-A0202,SE-C02-005,DS05,santa_elena,CAMPAIGN_02,402.000000000,404.000000000,2.000000000,0.501098529,0.000000000,0.000000000
SE-C02-005-A0203,SE-C02-005,DS05,santa_elena,CAMPAIGN_02,404.000000000,406.000000000,2.000000000,0.450140892,0.000000000,0.000000000
SE-C02-005-A0204,SE-C02-005,DS05,santa_elena,CAMPAIGN_02,406.000000000,408.000000000,2.000000000,0.463687242,0.000000000,0.000000000
SE-C02-005-A0205,SE-C02-005,DS05,santa_elena,CAMPAIGN_02,408.000000000,410.000000000,2.000000000,0.488058327,0.000000000,0.000000000
SE-C02-005-A0206,SE-C02-005,DS05,santa_elena,CAMPAIGN_02,410.000000000,412.000000000,2.000000000,0.468355216,0.000000000,0.000000000
SE-C02-005-A0207,SE-C02-005,DS05,santa_elena,CAMPAIGN_02,412.000000000,414.000000000,2.000000000,0.483683913,0.000000000,0.000000000
SE-C02-005-A0208,SE-C02-005,DS05,santa_elena,CAMPAIGN_02,414.000000000,416.000000000,2.000000000,0.478789840,0.000000000,0.000000000
SE-C02-005-A0209,SE-C02-005,DS05,santa_elena,CAMPAIGN_02,416.000000000,418.000000000,2.000000000,0.485384036,0.000000000,0.000000000
SE-C02-005-A0210,SE-C02-005,DS05,santa_elena,CAMPAIGN_02,418.000000000,420.000000000,2.000000000,0.470841186,0.000000000,0.000000000
SE-C02-005-A0211,SE-C02-005,DS05,santa_elena,CAMPAIGN_02,420.000000000,422.000000000,2.000000000,0.466356861,0.000000000,0.000000000
SE-C02-005-A0212,SE-C02-005,DS05,santa_elena,CAMPAIGN_02,422.000000000,424.000000000,2.000000000,0.480465554,0.000000000,0.000000000
SE-C02-005-A0213,SE-C02-005,DS05,santa_elena,CAMPAIGN_02,424.000000000,426.000000000,2.000000000,0.450019135,0.000000000,0.000000000
SE-C02-005-A0214,SE-C02-005,DS05,santa_elena,CAMPAIGN_02,426.000000000,428.000000000,2.000000000,0.479995779,0.000000000,0.000000000
SE-C02-005-A0215,SE-C02-005,DS05,santa_elena,CAMPAIGN_02,428.000000000,430.000000000,2.000000000,0.451755163,0.000000000,0.000000000
SE-C02-005-A0216,SE-C02-005,DS05,santa_elena,CAMPAIGN_02,430.000000000,432.000000000,2.000000000,0.511884783,0.000000000,0.000000000
SE-C02-005-A0217,SE-C02-005,DS05,santa_elena,CAMPAIGN_02,432.000000000,432.518300216,0.518300216,0.488781718,0.000000000,0.000000000
SE-C02-006-A0001,SE-C02-006,DS05,santa_elena,CAMPAIGN_02,0.000000000,2.000000000,2.000000000,0.173353181,0.000000000,0.000000000
SE-C02-006-A0002,SE-C02-006,DS05,santa_elena,CAMPAIGN_02,2.000000000,4.000000000,2.000000000,0.190825744,0.000000000,0.000000000
SE-C02-006-A0003,SE-C02-006,DS05,santa_elena,CAMPAIGN_02,4.000000000,6.000000000,2.000000000,0.186099998,0.000000000,0.000000000
SE-C02-006-A0004,SE-C02-006,DS05,santa_elena,CAMPAIGN_02,6.000000000,8.000000000,2.000000000,0.206360902,0.000000000,0.000000000
SE-C02-006-A0005,SE-C02-006,DS05,santa_elena,CAMPAIGN_02,8.000000000,10.000000000,2.000000000,0.200967371,0.000000000,0.000000000
SE-C02-006-A0006,SE-C02-006,DS05,santa_elena,CAMPAIGN_02,10.000000000,12.000000000,2.000000000,0.190088165,0.000000000,0.000000000
SE-C02-006-A0007,SE-C02-006,DS05,santa_elena,CAMPAIGN_02,12.000000000,14.000000000,2.000000000,0.209832428,0.000000000,0.000000000
SE-C02-006-A0008,SE-C02-006,DS05,santa_elena,CAMPAIGN_02,14.000000000,16.000000000,2.000000000,0.214378437,0.000000000,0.000000000
SE-C02-006-A0009,SE-C02-006,DS05,santa_elena,CAMPAIGN_02,16.000000000,18.000000000,2.000000000,0.230948294,0.000000000,0.000000000
SE-C02-006-A0010,SE-C02-006,DS05,santa_elena,CAMPAIGN_02,18.000000000,20.000000000,2.000000000,0.204869698,0.000000000,0.000000000
SE-C02-006-A0011,SE-C02-006,DS05,santa_elena,CAMPAIGN_02,20.000000000,22.000000000,2.000000000,0.231650749,0.000000000,0.000000000
SE-C02-006-A0012,SE-C02-006,DS05,santa_elena,CAMPAIGN_02,22.000000000,24.000000000,2.000000000,0.228712055,0.000000000,0.000000000
SE-C02-006-A0013,SE-C02-006,DS05,santa_elena,CAMPAIGN_02,24.000000000,26.000000000,2.000000000,0.232516604,0.000000000,0.000000000
SE-C02-006-A0014,SE-C02-006,DS05,santa_elena,CAMPAIGN_02,26.000000000,28.000000000,2.000000000,0.233683247,0.000000000,0.000000000
SE-C02-006-A0015,SE-C02-006,DS05,santa_elena,CAMPAIGN_02,28.000000000,30.000000000,2.000000000,0.264562231,0.000000000,0.000000000
SE-C02-006-A0016,SE-C02-006,DS05,santa_elena,CAMPAIGN_02,30.000000000,32.000000000,2.000000000,0.246108150,0.000000000,0.000000000
SE-C02-006-A0017,SE-C02-006,DS05,santa_elena,CAMPAIGN_02,32.000000000,34.000000000,2.000000000,0.260956878,0.000000000,0.000000000
SE-C02-006-A0018,SE-C02-006,DS05,santa_elena,CAMPAIGN_02,34.000000000,36.000000000,2.000000000,0.258817331,0.000000000,0.000000000
SE-C02-006-A0019,SE-C02-006,DS05,santa_elena,CAMPAIGN_02,36.000000000,38.000000000,2.000000000,0.277963302,0.000000000,0.000000000
SE-C02-006-A0020,SE-C02-006,DS05,santa_elena,CAMPAIGN_02,38.000000000,40.000000000,2.000000000,0.265393808,0.000000000,0.000000000
SE-C02-006-A0021,SE-C02-006,DS05,santa_elena,CAMPAIGN_02,40.000000000,42.000000000,2.000000000,0.307202866,0.000000000,0.000000000
SE-C02-006-A0022,SE-C02-006,DS05,santa_elena,CAMPAIGN_02,42.000000000,44.000000000,2.000000000,0.279531510,0.000000000,0.000000000
SE-C02-006-A0023,SE-C02-006,DS05,santa_elena,CAMPAIGN_02,44.000000000,46.000000000,2.000000000,0.282538744,0.000000000,0.000000000
SE-C02-006-A0024,SE-C02-006,DS05,santa_elena,CAMPAIGN_02,46.000000000,48.000000000,2.000000000,0.279579819,0.000000000,0.000000000
SE-C02-006-A0025,SE-C02-006,DS05,santa_elena,CAMPAIGN_02,48.000000000,50.000000000,2.000000000,0.297626402,0.000000000,0.000000000
SE-C02-006-A0026,SE-C02-006,DS05,santa_elena,CAMPAIGN_02,50.000000000,52.000000000,2.000000000,0.315785844,0.000000000,0.000000000
SE-C02-006-A0027,SE-C02-006,DS05,santa_elena,CAMPAIGN_02,52.000000000,54.000000000,2.000000000,0.325232704,0.000000000,0.000000000
SE-C02-006-A0028,SE-C02-006,DS05,santa_elena,CAMPAIGN_02,54.000000000,56.000000000,2.000000000,0.312290549,0.000000000,0.000000000
SE-C02-006-A0029,SE-C02-006,DS05,santa_elena,CAMPAIGN_02,56.000000000,58.000000000,2.000000000,0.335992128,0.000000000,0.000000000
SE-C02-006-A0030,SE-C02-006,DS05,santa_elena,CAMPAIGN_02,58.000000000,60.000000000,2.000000000,0.358166141,0.000000000,0.000000000
SE-C02-006-A0031,SE-C02-006,DS05,santa_elena,CAMPAIGN_02,60.000000000,62.000000000,2.000000000,0.336113729,0.000000000,0.000000000
SE-C02-006-A0032,SE-C02-006,DS05,santa_elena,CAMPAIGN_02,62.000000000,64.000000000,2.000000000,0.357726942,0.000000000,0.000000000
SE-C02-006-A0033,SE-C02-006,DS05,santa_elena,CAMPAIGN_02,64.000000000,66.000000000,2.000000000,0.356829866,0.000000000,0.000000000
SE-C02-006-A0034,SE-C02-006,DS05,santa_elena,CAMPAIGN_02,66.000000000,68.000000000,2.000000000,0.354626022,0.000000000,0.000000000
SE-C02-006-A0035,SE-C02-006,DS05,santa_elena,CAMPAIGN_02,68.000000000,70.000000000,2.000000000,0.384421741,0.000000000,0.000000000
SE-C02-006-A0036,SE-C02-006,DS05,santa_elena,CAMPAIGN_02,70.000000000,72.000000000,2.000000000,0.406227086,0.000000000,0.000000000
SE-C02-006-A0037,SE-C02-006,DS05,santa_elena,CAMPAIGN_02,72.000000000,74.000000000,2.000000000,0.373627058,0.000000000,0.000000000
SE-C02-006-A0038,SE-C02-006,DS05,santa_elena,CAMPAIGN_02,74.000000000,76.000000000,2.000000000,0.374243167,0.000000000,0.000000000
SE-C02-006-A0039,SE-C02-006,DS05,santa_elena,CAMPAIGN_02,76.000000000,78.000000000,2.000000000,0.420572691,0.000000000,0.000000000
SE-C02-006-A0040,SE-C02-006,DS05,santa_elena,CAMPAIGN_02,78.000000000,80.000000000,2.000000000,0.406019086,0.000000000,0.000000000
SE-C02-006-A0041,SE-C02-006,DS05,santa_elena,CAMPAIGN_02,80.000000000,82.000000000,2.000000000,0.414761321,0.000000000,0.000000000
SE-C02-006-A0042,SE-C02-006,DS05,santa_elena,CAMPAIGN_02,82.000000000,84.000000000,2.000000000,0.410345651,0.000000000,0.000000000
SE-C02-006-A0043,SE-C02-006,DS05,santa_elena,CAMPAIGN_02,84.000000000,86.000000000,2.000000000,0.423159893,0.000000000,0.000000000
SE-C02-006-A0044,SE-C02-006,DS05,santa_elena,CAMPAIGN_02,86.000000000,88.000000000,2.000000000,0.403807079,0.000000000,0.000000000
SE-C02-006-A0045,SE-C02-006,DS05,santa_elena,CAMPAIGN_02,88.000000000,90.000000000,2.000000000,0.429858116,0.000000000,0.000000000
SE-C02-006-A0046,SE-C02-006,DS05,santa_elena,CAMPAIGN_02,90.000000000,92.000000000,2.000000000,0.410427162,0.000000000,0.000000000
SE-C02-006-A0047,SE-C02-006,DS05,santa_elena,CAMPAIGN_02,92.000000000,94.000000000,2.000000000,0.450883678,0.000000000,0.000000000
SE-C02-006-A0048,SE-C02-006,DS05,santa_elena,CAMPAIGN_02,94.000000000,96.000000000,2.000000000,0.444559101,0.000000000,0.000000000
SE-C02-006-A0049,SE-C02-006,DS05,santa_elena,CAMPAIGN_02,96.000000000,98.000000000,2.000000000,0.445751189,0.000000000,0.000000000
SE-C02-006-A0050,SE-C02-006,DS05,santa_elena,CAMPAIGN_02,98.000000000,100.000000000,2.000000000,0.444200358,0.000000000,0.000000000
SE-C02-006-A0051,SE-C02-006,DS05,santa_elena,CAMPAIGN_02,100.000000000,102.000000000,2.000000000,0.449579229,0.000000000,0.000000000
SE-C02-006-A0052,SE-C02-006,DS05,santa_elena,CAMPAIGN_02,102.000000000,104.000000000,2.000000000,0.445356636,0.000000000,0.000000000
SE-C02-006-A0053,SE-C02-006,DS05,santa_elena,CAMPAIGN_02,104.000000000,106.000000000,2.000000000,0.457536742,0.000000000,0.000000000
SE-C02-006-A0054,SE-C02-006,DS05,santa_elena,CAMPAIGN_02,106.000000000,108.000000000,2.000000000,0.431319911,0.000000000,0.000000000
SE-C02-006-A0055,SE-C02-006,DS05,santa_elena,CAMPAIGN_02,108.000000000,110.000000000,2.000000000,0.469821716,0.000000000,0.000000000
SE-C02-006-A0056,SE-C02-006,DS05,santa_elena,CAMPAIGN_02,110.000000000,112.000000000,2.000000000,0.495411364,0.000000000,0.000000000
SE-C02-006-A0057,SE-C02-006,DS05,santa_elena,CAMPAIGN_02,112.000000000,114.000000000,2.000000000,0.523786151,0.000000000,0.000000000
SE-C02-006-A0058,SE-C02-006,DS05,santa_elena,CAMPAIGN_02,114.000000000,116.000000000,2.000000000,0.488778401,0.000000000,0.000000000
SE-C02-006-A0059,SE-C02-006,DS05,santa_elena,CAMPAIGN_02,116.000000000,118.000000000,2.000000000,0.490417353,0.000000000,0.000000000
SE-C02-006-A0060,SE-C02-006,DS05,santa_elena,CAMPAIGN_02,118.000000000,120.000000000,2.000000000,0.520803032,0.000000000,0.000000000
SE-C02-006-A0061,SE-C02-006,DS05,santa_elena,CAMPAIGN_02,120.000000000,122.000000000,2.000000000,0.508617888,0.000000000,0.000000000
SE-C02-006-A0062,SE-C02-006,DS05,santa_elena,CAMPAIGN_02,122.000000000,124.000000000,2.000000000,0.506851804,0.000000000,0.000000000
SE-C02-006-A0063,SE-C02-006,DS05,santa_elena,CAMPAIGN_02,124.000000000,126.000000000,2.000000000,0.500977350,0.000000000,0.000000000
SE-C02-006-A0064,SE-C02-006,DS05,santa_elena,CAMPAIGN_02,126.000000000,128.000000000,2.000000000,0.539264160,0.000000000,0.000000000
SE-C02-006-A0065,SE-C02-006,DS05,santa_elena,CAMPAIGN_02,128.000000000,130.000000000,2.000000000,0.498535336,0.000000000,0.000000000
SE-C02-006-A0066,SE-C02-006,DS05,santa_elena,CAMPAIGN_02,130.000000000,132.000000000,2.000000000,0.514356685,0.000000000,0.000000000
SE-C02-006-A0067,SE-C02-006,DS05,santa_elena,CAMPAIGN_02,132.000000000,134.000000000,2.000000000,0.528569143,0.000000000,0.000000000
SE-C02-006-A0068,SE-C02-006,DS05,santa_elena,CAMPAIGN_02,134.000000000,136.000000000,2.000000000,0.537502139,0.000000000,0.000000000
SE-C02-006-A0069,SE-C02-006,DS05,santa_elena,CAMPAIGN_02,136.000000000,138.000000000,2.000000000,0.522571188,0.000000000,0.000000000
SE-C02-006-A0070,SE-C02-006,DS05,santa_elena,CAMPAIGN_02,138.000000000,140.000000000,2.000000000,0.551607396,0.000000000,0.000000000
SE-C02-006-A0071,SE-C02-006,DS05,santa_elena,CAMPAIGN_02,140.000000000,142.000000000,2.000000000,0.578310666,0.000000000,0.000000000
SE-C02-006-A0072,SE-C02-006,DS05,santa_elena,CAMPAIGN_02,142.000000000,144.000000000,2.000000000,0.580485615,0.000000000,0.000000000
SE-C02-006-A0073,SE-C02-006,DS05,santa_elena,CAMPAIGN_02,144.000000000,146.000000000,2.000000000,0.586647239,0.000000000,0.000000000
SE-C02-006-A0074,SE-C02-006,DS05,santa_elena,CAMPAIGN_02,146.000000000,148.000000000,2.000000000,0.514183948,0.000000000,0.000000000
SE-C02-006-A0075,SE-C02-006,DS05,santa_elena,CAMPAIGN_02,148.000000000,150.000000000,2.000000000,0.530294467,0.000000000,0.000000000
SE-C02-006-A0076,SE-C02-006,DS05,santa_elena,CAMPAIGN_02,150.000000000,152.000000000,2.000000000,0.535822527,0.000000000,0.000000000
SE-C02-006-A0077,SE-C02-006,DS05,santa_elena,CAMPAIGN_02,152.000000000,154.000000000,2.000000000,0.540458785,0.000000000,0.000000000
SE-C02-006-A0078,SE-C02-006,DS05,santa_elena,CAMPAIGN_02,154.000000000,156.000000000,2.000000000,0.534473232,0.000000000,0.000000000
SE-C02-006-A0079,SE-C02-006,DS05,santa_elena,CAMPAIGN_02,156.000000000,158.000000000,2.000000000,0.545175179,0.000000000,0.000000000
SE-C02-006-A0080,SE-C02-006,DS05,santa_elena,CAMPAIGN_02,158.000000000,160.000000000,2.000000000,0.579328618,0.000000000,0.000000000
SE-C02-006-A0081,SE-C02-006,DS05,santa_elena,CAMPAIGN_02,160.000000000,162.000000000,2.000000000,0.564243676,0.000000000,0.000000000
SE-C02-006-A0082,SE-C02-006,DS05,santa_elena,CAMPAIGN_02,162.000000000,164.000000000,2.000000000,0.563894439,0.000000000,0.000000000
SE-C02-006-A0083,SE-C02-006,DS05,santa_elena,CAMPAIGN_02,164.000000000,166.000000000,2.000000000,0.550347065,0.000000000,0.000000000
SE-C02-006-A0084,SE-C02-006,DS05,santa_elena,CAMPAIGN_02,166.000000000,168.000000000,2.000000000,0.598137242,0.000000000,0.000000000
SE-C02-006-A0085,SE-C02-006,DS05,santa_elena,CAMPAIGN_02,168.000000000,170.000000000,2.000000000,0.595057753,0.000000000,0.000000000
SE-C02-006-A0086,SE-C02-006,DS05,santa_elena,CAMPAIGN_02,170.000000000,172.000000000,2.000000000,0.577736561,0.000000000,0.000000000
SE-C02-006-A0087,SE-C02-006,DS05,santa_elena,CAMPAIGN_02,172.000000000,174.000000000,2.000000000,0.561693638,0.000000000,0.000000000
SE-C02-006-A0088,SE-C02-006,DS05,santa_elena,CAMPAIGN_02,174.000000000,176.000000000,2.000000000,0.585584576,0.000000000,0.000000000
SE-C02-006-A0089,SE-C02-006,DS05,santa_elena,CAMPAIGN_02,176.000000000,178.000000000,2.000000000,0.566711435,0.000000000,0.000000000
SE-C02-006-A0090,SE-C02-006,DS05,santa_elena,CAMPAIGN_02,178.000000000,180.000000000,2.000000000,0.556627465,0.000000000,0.000000000
SE-C02-006-A0091,SE-C02-006,DS05,santa_elena,CAMPAIGN_02,180.000000000,182.000000000,2.000000000,0.567315498,0.000000000,0.000000000
SE-C02-006-A0092,SE-C02-006,DS05,santa_elena,CAMPAIGN_02,182.000000000,184.000000000,2.000000000,0.561901568,0.000000000,0.000000000
SE-C02-006-A0093,SE-C02-006,DS05,santa_elena,CAMPAIGN_02,184.000000000,186.000000000,2.000000000,0.571296188,0.000000000,0.000000000
SE-C02-006-A0094,SE-C02-006,DS05,santa_elena,CAMPAIGN_02,186.000000000,188.000000000,2.000000000,0.562870353,0.000000000,0.000000000
SE-C02-006-A0095,SE-C02-006,DS05,santa_elena,CAMPAIGN_02,188.000000000,190.000000000,2.000000000,0.566447631,0.000000000,0.000000000
SE-C02-006-A0096,SE-C02-006,DS05,santa_elena,CAMPAIGN_02,190.000000000,192.000000000,2.000000000,0.540202639,0.000000000,0.000000000
SE-C02-006-A0097,SE-C02-006,DS05,santa_elena,CAMPAIGN_02,192.000000000,194.000000000,2.000000000,0.533220433,0.000000000,0.000000000
SE-C02-006-A0098,SE-C02-006,DS05,santa_elena,CAMPAIGN_02,194.000000000,196.000000000,2.000000000,0.579932224,0.000000000,0.000000000
SE-C02-006-A0099,SE-C02-006,DS05,santa_elena,CAMPAIGN_02,196.000000000,198.000000000,2.000000000,0.549992471,0.000000000,0.000000000
SE-C02-006-A0100,SE-C02-006,DS05,santa_elena,CAMPAIGN_02,198.000000000,200.000000000,2.000000000,0.576273689,0.000000000,0.000000000
SE-C02-006-A0101,SE-C02-006,DS05,santa_elena,CAMPAIGN_02,200.000000000,202.000000000,2.000000000,0.565773855,0.000000000,0.000000000
SE-C02-006-A0102,SE-C02-006,DS05,santa_elena,CAMPAIGN_02,202.000000000,204.000000000,2.000000000,0.579551038,0.000000000,0.000000000
SE-C02-006-A0103,SE-C02-006,DS05,santa_elena,CAMPAIGN_02,204.000000000,206.000000000,2.000000000,0.556415112,0.000000000,0.000000000
SE-C02-006-A0104,SE-C02-006,DS05,santa_elena,CAMPAIGN_02,206.000000000,208.000000000,2.000000000,0.557119249,0.000000000,0.000000000
SE-C02-006-A0105,SE-C02-006,DS05,santa_elena,CAMPAIGN_02,208.000000000,210.000000000,2.000000000,0.569449304,0.000000000,0.000000000
SE-C02-007-A0001,SE-C02-007,DS05,santa_elena,CAMPAIGN_02,0.000000000,2.000000000,2.000000000,0.241760094,0.000000000,0.000000000
SE-C02-007-A0002,SE-C02-007,DS05,santa_elena,CAMPAIGN_02,2.000000000,4.000000000,2.000000000,0.221963807,0.000000000,0.000000000
SE-C02-007-A0003,SE-C02-007,DS05,santa_elena,CAMPAIGN_02,4.000000000,6.000000000,2.000000000,0.241579567,0.000000000,0.000000000
SE-C02-007-A0004,SE-C02-007,DS05,santa_elena,CAMPAIGN_02,6.000000000,8.000000000,2.000000000,0.246849253,0.000000000,0.000000000
SE-C02-007-A0005,SE-C02-007,DS05,santa_elena,CAMPAIGN_02,8.000000000,10.000000000,2.000000000,0.244494576,0.000000000,0.000000000
SE-C02-007-A0006,SE-C02-007,DS05,santa_elena,CAMPAIGN_02,10.000000000,12.000000000,2.000000000,0.260997734,0.000000000,0.000000000
SE-C02-007-A0007,SE-C02-007,DS05,santa_elena,CAMPAIGN_02,12.000000000,14.000000000,2.000000000,0.279848034,0.000000000,0.000000000
SE-C02-007-A0008,SE-C02-007,DS05,santa_elena,CAMPAIGN_02,14.000000000,16.000000000,2.000000000,0.277077637,0.000000000,0.000000000
SE-C02-007-A0009,SE-C02-007,DS05,santa_elena,CAMPAIGN_02,16.000000000,18.000000000,2.000000000,0.263340298,0.000000000,0.000000000
SE-C02-007-A0010,SE-C02-007,DS05,santa_elena,CAMPAIGN_02,18.000000000,20.000000000,2.000000000,0.298717731,0.000000000,0.000000000
SE-C02-007-A0011,SE-C02-007,DS05,santa_elena,CAMPAIGN_02,20.000000000,22.000000000,2.000000000,0.296017256,0.000000000,0.000000000
SE-C02-007-A0012,SE-C02-007,DS05,santa_elena,CAMPAIGN_02,22.000000000,24.000000000,2.000000000,0.283692655,0.000000000,0.000000000
SE-C02-007-A0013,SE-C02-007,DS05,santa_elena,CAMPAIGN_02,24.000000000,26.000000000,2.000000000,0.322703971,0.000000000,0.000000000
SE-C02-007-A0014,SE-C02-007,DS05,santa_elena,CAMPAIGN_02,26.000000000,28.000000000,2.000000000,0.297376771,0.000000000,0.000000000
SE-C02-007-A0015,SE-C02-007,DS05,santa_elena,CAMPAIGN_02,28.000000000,30.000000000,2.000000000,0.343564878,0.000000000,0.000000000
SE-C02-007-A0016,SE-C02-007,DS05,santa_elena,CAMPAIGN_02,30.000000000,32.000000000,2.000000000,0.334867052,0.000000000,0.000000000
SE-C02-007-A0017,SE-C02-007,DS05,santa_elena,CAMPAIGN_02,32.000000000,34.000000000,2.000000000,0.339196229,0.000000000,0.000000000
SE-C02-007-A0018,SE-C02-007,DS05,santa_elena,CAMPAIGN_02,34.000000000,36.000000000,2.000000000,0.339586923,0.000000000,0.000000000
SE-C02-007-A0019,SE-C02-007,DS05,santa_elena,CAMPAIGN_02,36.000000000,38.000000000,2.000000000,0.375743476,0.000000000,0.000000000
SE-C02-007-A0020,SE-C02-007,DS05,santa_elena,CAMPAIGN_02,38.000000000,40.000000000,2.000000000,0.370019609,0.000000000,0.000000000
SE-C02-007-A0021,SE-C02-007,DS05,santa_elena,CAMPAIGN_02,40.000000000,42.000000000,2.000000000,0.371602370,0.000000000,0.000000000
SE-C02-007-A0022,SE-C02-007,DS05,santa_elena,CAMPAIGN_02,42.000000000,44.000000000,2.000000000,0.382841455,0.000000000,0.000000000
SE-C02-007-A0023,SE-C02-007,DS05,santa_elena,CAMPAIGN_02,44.000000000,46.000000000,2.000000000,0.371022195,0.000000000,0.000000000
SE-C02-007-A0024,SE-C02-007,DS05,santa_elena,CAMPAIGN_02,46.000000000,48.000000000,2.000000000,0.377343475,0.000000000,0.000000000
SE-C02-007-A0025,SE-C02-007,DS05,santa_elena,CAMPAIGN_02,48.000000000,50.000000000,2.000000000,0.415113471,0.000000000,0.000000000
SE-C02-007-A0026,SE-C02-007,DS05,santa_elena,CAMPAIGN_02,50.000000000,52.000000000,2.000000000,0.376552099,0.000000000,0.000000000
SE-C02-007-A0027,SE-C02-007,DS05,santa_elena,CAMPAIGN_02,52.000000000,54.000000000,2.000000000,0.432628979,0.000000000,0.000000000
SE-C02-007-A0028,SE-C02-007,DS05,santa_elena,CAMPAIGN_02,54.000000000,56.000000000,2.000000000,0.428537944,0.000000000,0.000000000
SE-C02-007-A0029,SE-C02-007,DS05,santa_elena,CAMPAIGN_02,56.000000000,58.000000000,2.000000000,0.425690056,0.000000000,0.000000000
SE-C02-007-A0030,SE-C02-007,DS05,santa_elena,CAMPAIGN_02,58.000000000,60.000000000,2.000000000,0.455235863,0.000000000,0.000000000
SE-C02-007-A0031,SE-C02-007,DS05,santa_elena,CAMPAIGN_02,60.000000000,62.000000000,2.000000000,0.441677672,0.000000000,0.000000000
SE-C02-007-A0032,SE-C02-007,DS05,santa_elena,CAMPAIGN_02,62.000000000,64.000000000,2.000000000,0.445574516,0.000000000,0.000000000
SE-C02-007-A0033,SE-C02-007,DS05,santa_elena,CAMPAIGN_02,64.000000000,66.000000000,2.000000000,0.436370963,0.000000000,0.000000000
SE-C02-007-A0034,SE-C02-007,DS05,santa_elena,CAMPAIGN_02,66.000000000,68.000000000,2.000000000,0.477084771,0.000000000,0.000000000
SE-C02-007-A0035,SE-C02-007,DS05,santa_elena,CAMPAIGN_02,68.000000000,70.000000000,2.000000000,0.455207268,0.000000000,0.000000000
SE-C02-007-A0036,SE-C02-007,DS05,santa_elena,CAMPAIGN_02,70.000000000,72.000000000,2.000000000,0.481358591,0.000000000,0.000000000
SE-C02-007-A0037,SE-C02-007,DS05,santa_elena,CAMPAIGN_02,72.000000000,74.000000000,2.000000000,0.480928144,0.000000000,0.000000000
SE-C02-007-A0038,SE-C02-007,DS05,santa_elena,CAMPAIGN_02,74.000000000,76.000000000,2.000000000,0.505118630,0.000000000,0.000000000
SE-C02-007-A0039,SE-C02-007,DS05,santa_elena,CAMPAIGN_02,76.000000000,78.000000000,2.000000000,0.489381038,0.000000000,0.000000000
SE-C02-007-A0040,SE-C02-007,DS05,santa_elena,CAMPAIGN_02,78.000000000,80.000000000,2.000000000,0.520194204,0.000000000,0.000000000
SE-C02-007-A0041,SE-C02-007,DS05,santa_elena,CAMPAIGN_02,80.000000000,82.000000000,2.000000000,0.531966870,0.000000000,0.000000000
SE-C02-007-A0042,SE-C02-007,DS05,santa_elena,CAMPAIGN_02,82.000000000,84.000000000,2.000000000,0.553231420,0.000000000,0.000000000
SE-C02-007-A0043,SE-C02-007,DS05,santa_elena,CAMPAIGN_02,84.000000000,86.000000000,2.000000000,0.531369300,0.000000000,0.000000000
SE-C02-007-A0044,SE-C02-007,DS05,santa_elena,CAMPAIGN_02,86.000000000,88.000000000,2.000000000,0.538109709,0.000000000,0.000000000
SE-C02-007-A0045,SE-C02-007,DS05,santa_elena,CAMPAIGN_02,88.000000000,90.000000000,2.000000000,0.559536791,0.000000000,0.000000000
SE-C02-007-A0046,SE-C02-007,DS05,santa_elena,CAMPAIGN_02,90.000000000,92.000000000,2.000000000,0.547316330,0.000000000,0.000000000
SE-C02-007-A0047,SE-C02-007,DS05,santa_elena,CAMPAIGN_02,92.000000000,94.000000000,2.000000000,0.549738219,0.000000000,0.000000000
SE-C02-007-A0048,SE-C02-007,DS05,santa_elena,CAMPAIGN_02,94.000000000,96.000000000,2.000000000,0.600516956,0.000000000,0.000000000
SE-C02-007-A0049,SE-C02-007,DS05,santa_elena,CAMPAIGN_02,96.000000000,98.000000000,2.000000000,0.550155007,0.000000000,0.000000000
SE-C02-007-A0050,SE-C02-007,DS05,santa_elena,CAMPAIGN_02,98.000000000,100.000000000,2.000000000,0.605923788,0.000000000,0.000000000
SE-C02-007-A0051,SE-C02-007,DS05,santa_elena,CAMPAIGN_02,100.000000000,102.000000000,2.000000000,0.574224531,0.000000000,0.000000000
SE-C02-007-A0052,SE-C02-007,DS05,santa_elena,CAMPAIGN_02,102.000000000,104.000000000,2.000000000,0.568331825,0.000000000,0.000000000
SE-C02-007-A0053,SE-C02-007,DS05,santa_elena,CAMPAIGN_02,104.000000000,106.000000000,2.000000000,0.582460179,0.000000000,0.000000000
SE-C02-007-A0054,SE-C02-007,DS05,santa_elena,CAMPAIGN_02,106.000000000,108.000000000,2.000000000,0.622974762,0.000000000,0.000000000
SE-C02-007-A0055,SE-C02-007,DS05,santa_elena,CAMPAIGN_02,108.000000000,110.000000000,2.000000000,0.575381174,0.000000000,0.000000000
SE-C02-007-A0056,SE-C02-007,DS05,santa_elena,CAMPAIGN_02,110.000000000,112.000000000,2.000000000,0.644420399,0.000000000,0.000000000
SE-C02-007-A0057,SE-C02-007,DS05,santa_elena,CAMPAIGN_02,112.000000000,114.000000000,2.000000000,0.659158618,0.000000000,0.000000000
SE-C02-007-A0058,SE-C02-007,DS05,santa_elena,CAMPAIGN_02,114.000000000,116.000000000,2.000000000,0.625174476,0.000000000,0.000000000
SE-C02-007-A0059,SE-C02-007,DS05,santa_elena,CAMPAIGN_02,116.000000000,118.000000000,2.000000000,0.606073852,0.000000000,0.000000000
SE-C02-007-A0060,SE-C02-007,DS05,santa_elena,CAMPAIGN_02,118.000000000,120.000000000,2.000000000,0.662987881,0.000000000,0.000000000
SE-C02-007-A0061,SE-C02-007,DS05,santa_elena,CAMPAIGN_02,120.000000000,122.000000000,2.000000000,0.610197191,0.000000000,0.000000000
SE-C02-007-A0062,SE-C02-007,DS05,santa_elena,CAMPAIGN_02,122.000000000,124.000000000,2.000000000,0.690988350,0.000000000,0.000000000
SE-C02-007-A0063,SE-C02-007,DS05,santa_elena,CAMPAIGN_02,124.000000000,126.000000000,2.000000000,0.630450468,0.000000000,0.000000000
SE-C02-007-A0064,SE-C02-007,DS05,santa_elena,CAMPAIGN_02,126.000000000,128.000000000,2.000000000,0.683448067,0.000000000,0.000000000
SE-C02-007-A0065,SE-C02-007,DS05,santa_elena,CAMPAIGN_02,128.000000000,130.000000000,2.000000000,0.594578950,0.000000000,0.000000000
SE-C02-007-A0066,SE-C02-007,DS05,santa_elena,CAMPAIGN_02,130.000000000,132.000000000,2.000000000,0.659553608,0.000000000,0.000000000
SE-C02-007-A0067,SE-C02-007,DS05,santa_elena,CAMPAIGN_02,132.000000000,134.000000000,2.000000000,0.647373462,0.000000000,0.000000000
SE-C02-007-A0068,SE-C02-007,DS05,santa_elena,CAMPAIGN_02,134.000000000,136.000000000,2.000000000,0.626173340,0.000000000,0.000000000
SE-C02-007-A0069,SE-C02-007,DS05,santa_elena,CAMPAIGN_02,136.000000000,138.000000000,2.000000000,0.685920803,0.000000000,0.000000000
SE-C02-007-A0070,SE-C02-007,DS05,santa_elena,CAMPAIGN_02,138.000000000,140.000000000,2.000000000,0.651000831,0.000000000,0.000000000
SE-C02-007-A0071,SE-C02-007,DS05,santa_elena,CAMPAIGN_02,140.000000000,142.000000000,2.000000000,0.761503082,0.000000000,0.000000000
SE-C02-007-A0072,SE-C02-007,DS05,santa_elena,CAMPAIGN_02,142.000000000,144.000000000,2.000000000,0.654774123,0.000000000,0.000000000
SE-C02-007-A0073,SE-C02-007,DS05,santa_elena,CAMPAIGN_02,144.000000000,146.000000000,2.000000000,0.702440624,0.000000000,0.000000000
SE-C02-007-A0074,SE-C02-007,DS05,santa_elena,CAMPAIGN_02,146.000000000,148.000000000,2.000000000,0.702778426,0.000000000,0.000000000
SE-C02-007-A0075,SE-C02-007,DS05,santa_elena,CAMPAIGN_02,148.000000000,150.000000000,2.000000000,0.665351639,0.000000000,0.000000000
SE-C02-007-A0076,SE-C02-007,DS05,santa_elena,CAMPAIGN_02,150.000000000,152.000000000,2.000000000,0.744279584,0.000000000,0.000000000
SE-C02-007-A0077,SE-C02-007,DS05,santa_elena,CAMPAIGN_02,152.000000000,154.000000000,2.000000000,0.692685887,0.000000000,0.000000000
SE-C02-007-A0078,SE-C02-007,DS05,santa_elena,CAMPAIGN_02,154.000000000,156.000000000,2.000000000,0.671546693,0.000000000,0.000000000
SE-C02-007-A0079,SE-C02-007,DS05,santa_elena,CAMPAIGN_02,156.000000000,158.000000000,2.000000000,0.680386224,0.000000000,0.000000000
SE-C02-007-A0080,SE-C02-007,DS05,santa_elena,CAMPAIGN_02,158.000000000,160.000000000,2.000000000,0.682837565,0.000000000,0.000000000
SE-C02-007-A0081,SE-C02-007,DS05,santa_elena,CAMPAIGN_02,160.000000000,162.000000000,2.000000000,0.671119192,0.000000000,0.000000000
SE-C02-007-A0082,SE-C02-007,DS05,santa_elena,CAMPAIGN_02,162.000000000,164.000000000,2.000000000,0.677476556,0.000000000,0.000000000
SE-C02-007-A0083,SE-C02-007,DS05,santa_elena,CAMPAIGN_02,164.000000000,166.000000000,2.000000000,0.703170189,0.000000000,0.000000000
SE-C02-007-A0084,SE-C02-007,DS05,santa_elena,CAMPAIGN_02,166.000000000,168.000000000,2.000000000,0.695634594,0.000000000,0.000000000
SE-C02-007-A0085,SE-C02-007,DS05,santa_elena,CAMPAIGN_02,168.000000000,170.000000000,2.000000000,0.680428704,0.000000000,0.000000000
SE-C02-007-A0086,SE-C02-007,DS05,santa_elena,CAMPAIGN_02,170.000000000,172.000000000,2.000000000,0.752748927,0.000000000,0.000000000
SE-C02-007-A0087,SE-C02-007,DS05,santa_elena,CAMPAIGN_02,172.000000000,174.000000000,2.000000000,0.696927084,0.000000000,0.000000000
SE-C02-007-A0088,SE-C02-007,DS05,santa_elena,CAMPAIGN_02,174.000000000,176.000000000,2.000000000,0.698830484,0.000000000,0.000000000
SE-C02-007-A0089,SE-C02-007,DS05,santa_elena,CAMPAIGN_02,176.000000000,178.000000000,2.000000000,0.868771209,0.000000000,0.000000000
SE-C02-007-A0090,SE-C02-007,DS05,santa_elena,CAMPAIGN_02,178.000000000,180.000000000,2.000000000,0.838474526,0.000000000,0.000000000
SE-C02-007-A0091,SE-C02-007,DS05,santa_elena,CAMPAIGN_02,180.000000000,182.000000000,2.000000000,0.790803911,0.000000000,0.000000000
SE-C02-007-A0092,SE-C02-007,DS05,santa_elena,CAMPAIGN_02,182.000000000,184.000000000,2.000000000,0.860297891,0.000000000,0.000000000
SE-C02-007-A0093,SE-C02-007,DS05,santa_elena,CAMPAIGN_02,184.000000000,186.000000000,2.000000000,0.863705424,0.000000000,0.000000000
SE-C02-007-A0094,SE-C02-007,DS05,santa_elena,CAMPAIGN_02,186.000000000,188.000000000,2.000000000,0.826865562,0.000000000,0.000000000
SE-C02-007-A0095,SE-C02-007,DS05,santa_elena,CAMPAIGN_02,188.000000000,190.000000000,2.000000000,0.845311050,0.000000000,0.000000000
SE-C02-007-A0096,SE-C02-007,DS05,santa_elena,CAMPAIGN_02,190.000000000,192.000000000,2.000000000,0.830635170,0.000000000,0.000000000
SE-C02-007-A0097,SE-C02-007,DS05,santa_elena,CAMPAIGN_02,192.000000000,194.000000000,2.000000000,0.882969147,0.000000000,0.000000000
SE-C02-007-A0098,SE-C02-007,DS05,santa_elena,CAMPAIGN_02,194.000000000,196.000000000,2.000000000,0.808661766,0.000000000,0.000000000
SE-C02-007-A0099,SE-C02-007,DS05,santa_elena,CAMPAIGN_02,196.000000000,198.000000000,2.000000000,0.853011136,0.000000000,0.000000000
SE-C02-007-A0100,SE-C02-007,DS05,santa_elena,CAMPAIGN_02,198.000000000,200.000000000,2.000000000,0.807010023,0.000000000,0.000000000
SE-C02-007-A0101,SE-C02-007,DS05,santa_elena,CAMPAIGN_02,200.000000000,202.000000000,2.000000000,0.797350973,0.000000000,0.000000000
SE-C02-007-A0102,SE-C02-007,DS05,santa_elena,CAMPAIGN_02,202.000000000,204.000000000,2.000000000,0.806598156,0.000000000,0.000000000
SE-C02-007-A0103,SE-C02-007,DS05,santa_elena,CAMPAIGN_02,204.000000000,206.000000000,2.000000000,0.796305209,0.000000000,0.000000000
SE-C02-007-A0104,SE-C02-007,DS05,santa_elena,CAMPAIGN_02,206.000000000,208.000000000,2.000000000,0.819395070,0.000000000,0.000000000
SE-C02-007-A0105,SE-C02-007,DS05,santa_elena,CAMPAIGN_02,208.000000000,210.000000000,2.000000000,0.805122719,0.000000000,0.000000000
SE-C02-007-A0106,SE-C02-007,DS05,santa_elena,CAMPAIGN_02,210.000000000,212.000000000,2.000000000,0.822483177,0.000000000,0.000000000
SE-C02-007-A0107,SE-C02-007,DS05,santa_elena,CAMPAIGN_02,212.000000000,214.000000000,2.000000000,0.786380465,0.000000000,0.000000000
SE-C02-007-A0108,SE-C02-007,DS05,santa_elena,CAMPAIGN_02,214.000000000,216.000000000,2.000000000,0.787465925,0.000000000,0.000000000
SE-C02-007-A0109,SE-C02-007,DS05,santa_elena,CAMPAIGN_02,216.000000000,217.310519693,1.310519693,0.808297302,0.000000000,0.000000000
SE-C02-008-A0001,SE-C02-008,DS05,santa_elena,CAMPAIGN_02,0.000000000,2.000000000,2.000000000,0.214792390,0.000000000,0.000000000
SE-C02-008-A0002,SE-C02-008,DS05,santa_elena,CAMPAIGN_02,2.000000000,4.000000000,2.000000000,0.231690671,0.000000000,0.000000000
SE-C02-008-A0003,SE-C02-008,DS05,santa_elena,CAMPAIGN_02,4.000000000,6.000000000,2.000000000,0.244643082,0.000000000,0.000000000
SE-C02-008-A0004,SE-C02-008,DS05,santa_elena,CAMPAIGN_02,6.000000000,8.000000000,2.000000000,0.255618105,0.000000000,0.000000000
SE-C02-008-A0005,SE-C02-008,DS05,santa_elena,CAMPAIGN_02,8.000000000,10.000000000,2.000000000,0.257065029,0.000000000,0.000000000
SE-C02-008-A0006,SE-C02-008,DS05,santa_elena,CAMPAIGN_02,10.000000000,12.000000000,2.000000000,0.267635685,0.000000000,0.000000000
SE-C02-008-A0007,SE-C02-008,DS05,santa_elena,CAMPAIGN_02,12.000000000,14.000000000,2.000000000,0.275795534,0.000000000,0.000000000
SE-C02-008-A0008,SE-C02-008,DS05,santa_elena,CAMPAIGN_02,14.000000000,16.000000000,2.000000000,0.273044614,0.000000000,0.000000000
SE-C02-008-A0009,SE-C02-008,DS05,santa_elena,CAMPAIGN_02,16.000000000,18.000000000,2.000000000,0.281277121,0.000000000,0.000000000
SE-C02-008-A0010,SE-C02-008,DS05,santa_elena,CAMPAIGN_02,18.000000000,20.000000000,2.000000000,0.257082275,0.000000000,0.000000000
SE-C02-008-A0011,SE-C02-008,DS05,santa_elena,CAMPAIGN_02,20.000000000,22.000000000,2.000000000,0.291203971,0.000000000,0.000000000
SE-C02-008-A0012,SE-C02-008,DS05,santa_elena,CAMPAIGN_02,22.000000000,24.000000000,2.000000000,0.283140023,0.000000000,0.000000000
SE-C02-008-A0013,SE-C02-008,DS05,santa_elena,CAMPAIGN_02,24.000000000,26.000000000,2.000000000,0.309710674,0.000000000,0.000000000
SE-C02-008-A0014,SE-C02-008,DS05,santa_elena,CAMPAIGN_02,26.000000000,28.000000000,2.000000000,0.336789195,0.000000000,0.000000000
SE-C02-008-A0015,SE-C02-008,DS05,santa_elena,CAMPAIGN_02,28.000000000,30.000000000,2.000000000,0.342787359,0.000000000,0.000000000
SE-C02-008-A0016,SE-C02-008,DS05,santa_elena,CAMPAIGN_02,30.000000000,32.000000000,2.000000000,0.351652471,0.000000000,0.000000000
SE-C02-008-A0017,SE-C02-008,DS05,santa_elena,CAMPAIGN_02,32.000000000,34.000000000,2.000000000,0.348317143,0.000000000,0.000000000
SE-C02-008-A0018,SE-C02-008,DS05,santa_elena,CAMPAIGN_02,34.000000000,36.000000000,2.000000000,0.346062385,0.000000000,0.000000000
SE-C02-008-A0019,SE-C02-008,DS05,santa_elena,CAMPAIGN_02,36.000000000,38.000000000,2.000000000,0.387896579,0.000000000,0.000000000
SE-C02-008-A0020,SE-C02-008,DS05,santa_elena,CAMPAIGN_02,38.000000000,40.000000000,2.000000000,0.347195207,0.000000000,0.000000000
SE-C02-008-A0021,SE-C02-008,DS05,santa_elena,CAMPAIGN_02,40.000000000,42.000000000,2.000000000,0.390657572,0.000000000,0.000000000
SE-C02-008-A0022,SE-C02-008,DS05,santa_elena,CAMPAIGN_02,42.000000000,44.000000000,2.000000000,0.385307864,0.000000000,0.000000000
SE-C02-008-A0023,SE-C02-008,DS05,santa_elena,CAMPAIGN_02,44.000000000,46.000000000,2.000000000,0.417963078,0.000000000,0.000000000
SE-C02-008-A0024,SE-C02-008,DS05,santa_elena,CAMPAIGN_02,46.000000000,48.000000000,2.000000000,0.430028483,0.000000000,0.000000000
SE-C02-008-A0025,SE-C02-008,DS05,santa_elena,CAMPAIGN_02,48.000000000,50.000000000,2.000000000,0.438175663,0.000000000,0.000000000
SE-C02-008-A0026,SE-C02-008,DS05,santa_elena,CAMPAIGN_02,50.000000000,52.000000000,2.000000000,0.440333113,0.000000000,0.000000000
SE-C02-008-A0027,SE-C02-008,DS05,santa_elena,CAMPAIGN_02,52.000000000,54.000000000,2.000000000,0.434748829,0.000000000,0.000000000
SE-C02-008-A0028,SE-C02-008,DS05,santa_elena,CAMPAIGN_02,54.000000000,56.000000000,2.000000000,0.452723302,0.000000000,0.000000000
SE-C02-008-A0029,SE-C02-008,DS05,santa_elena,CAMPAIGN_02,56.000000000,58.000000000,2.000000000,0.496962130,0.000000000,0.000000000
SE-C02-008-A0030,SE-C02-008,DS05,santa_elena,CAMPAIGN_02,58.000000000,60.000000000,2.000000000,0.469199216,0.000000000,0.000000000
SE-C02-008-A0031,SE-C02-008,DS05,santa_elena,CAMPAIGN_02,60.000000000,62.000000000,2.000000000,0.509897899,0.000000000,0.000000000
SE-C02-008-A0032,SE-C02-008,DS05,santa_elena,CAMPAIGN_02,62.000000000,64.000000000,2.000000000,0.509118013,0.000000000,0.000000000
SE-C02-008-A0033,SE-C02-008,DS05,santa_elena,CAMPAIGN_02,64.000000000,66.000000000,2.000000000,0.503519716,0.000000000,0.000000000
SE-C02-008-A0034,SE-C02-008,DS05,santa_elena,CAMPAIGN_02,66.000000000,68.000000000,2.000000000,0.496826743,0.000000000,0.000000000
SE-C02-008-A0035,SE-C02-008,DS05,santa_elena,CAMPAIGN_02,68.000000000,70.000000000,2.000000000,0.557900582,0.000000000,0.000000000
SE-C02-008-A0036,SE-C02-008,DS05,santa_elena,CAMPAIGN_02,70.000000000,72.000000000,2.000000000,0.532301390,0.000000000,0.000000000
SE-C02-008-A0037,SE-C02-008,DS05,santa_elena,CAMPAIGN_02,72.000000000,74.000000000,2.000000000,0.563545575,0.000000000,0.000000000
SE-C02-008-A0038,SE-C02-008,DS05,santa_elena,CAMPAIGN_02,74.000000000,76.000000000,2.000000000,0.559956065,0.000000000,0.000000000
SE-C02-008-A0039,SE-C02-008,DS05,santa_elena,CAMPAIGN_02,76.000000000,78.000000000,2.000000000,0.548840270,0.000000000,0.000000000
SE-C02-008-A0040,SE-C02-008,DS05,santa_elena,CAMPAIGN_02,78.000000000,80.000000000,2.000000000,0.582428884,0.000000000,0.000000000
SE-C02-008-A0041,SE-C02-008,DS05,santa_elena,CAMPAIGN_02,80.000000000,82.000000000,2.000000000,0.597483763,0.000000000,0.000000000
SE-C02-008-A0042,SE-C02-008,DS05,santa_elena,CAMPAIGN_02,82.000000000,84.000000000,2.000000000,0.589124826,0.000000000,0.000000000
SE-C02-008-A0043,SE-C02-008,DS05,santa_elena,CAMPAIGN_02,84.000000000,86.000000000,2.000000000,0.630377241,0.000000000,0.000000000
SE-C02-008-A0044,SE-C02-008,DS05,santa_elena,CAMPAIGN_02,86.000000000,88.000000000,2.000000000,0.659623861,0.000000000,0.000000000
SE-C02-008-A0045,SE-C02-008,DS05,santa_elena,CAMPAIGN_02,88.000000000,90.000000000,2.000000000,0.640145573,0.000000000,0.000000000
SE-C02-008-A0046,SE-C02-008,DS05,santa_elena,CAMPAIGN_02,90.000000000,92.000000000,2.000000000,0.662062961,0.000000000,0.000000000
SE-C02-008-A0047,SE-C02-008,DS05,santa_elena,CAMPAIGN_02,92.000000000,94.000000000,2.000000000,0.618698592,0.000000000,0.000000000
SE-C02-008-A0048,SE-C02-008,DS05,santa_elena,CAMPAIGN_02,94.000000000,96.000000000,2.000000000,0.673184363,0.000000000,0.000000000
SE-C02-008-A0049,SE-C02-008,DS05,santa_elena,CAMPAIGN_02,96.000000000,98.000000000,2.000000000,0.651238837,0.000000000,0.000000000
SE-C02-008-A0050,SE-C02-008,DS05,santa_elena,CAMPAIGN_02,98.000000000,100.000000000,2.000000000,0.733588841,0.000000000,0.000000000
SE-C02-008-A0051,SE-C02-008,DS05,santa_elena,CAMPAIGN_02,100.000000000,102.000000000,2.000000000,0.730554047,0.000000000,0.000000000
SE-C02-008-A0052,SE-C02-008,DS05,santa_elena,CAMPAIGN_02,102.000000000,104.000000000,2.000000000,0.721615826,0.000000000,0.000000000
SE-C02-008-A0053,SE-C02-008,DS05,santa_elena,CAMPAIGN_02,104.000000000,106.000000000,2.000000000,0.730330358,0.000000000,0.000000000
SE-C02-008-A0054,SE-C02-008,DS05,santa_elena,CAMPAIGN_02,106.000000000,108.000000000,2.000000000,0.779007355,0.000000000,0.000000000
SE-C02-008-A0055,SE-C02-008,DS05,santa_elena,CAMPAIGN_02,108.000000000,110.000000000,2.000000000,0.746607398,0.000000000,0.000000000
SE-C02-008-A0056,SE-C02-008,DS05,santa_elena,CAMPAIGN_02,110.000000000,112.000000000,2.000000000,0.728659424,0.000000000,0.000000000
SE-C02-008-A0057,SE-C02-008,DS05,santa_elena,CAMPAIGN_02,112.000000000,114.000000000,2.000000000,0.738615256,0.000000000,0.000000000
SE-C02-008-A0058,SE-C02-008,DS05,santa_elena,CAMPAIGN_02,114.000000000,116.000000000,2.000000000,0.767654349,0.000000000,0.000000000
SE-C02-008-A0059,SE-C02-008,DS05,santa_elena,CAMPAIGN_02,116.000000000,118.000000000,2.000000000,0.822906917,0.000000000,0.000000000
SE-C02-008-A0060,SE-C02-008,DS05,santa_elena,CAMPAIGN_02,118.000000000,120.000000000,2.000000000,0.690281411,0.000000000,0.000000000
SE-C02-008-A0061,SE-C02-008,DS05,santa_elena,CAMPAIGN_02,120.000000000,122.000000000,2.000000000,0.818374144,0.000000000,0.000000000
SE-C02-008-A0062,SE-C02-008,DS05,santa_elena,CAMPAIGN_02,122.000000000,124.000000000,2.000000000,0.801587676,0.000000000,0.000000000
SE-C02-008-A0063,SE-C02-008,DS05,santa_elena,CAMPAIGN_02,124.000000000,126.000000000,2.000000000,0.816694940,0.000000000,0.000000000
SE-C02-008-A0064,SE-C02-008,DS05,santa_elena,CAMPAIGN_02,126.000000000,128.000000000,2.000000000,0.829927746,0.000000000,0.000000000
SE-C02-008-A0065,SE-C02-008,DS05,santa_elena,CAMPAIGN_02,128.000000000,130.000000000,2.000000000,0.890377400,0.000000000,0.000000000
SE-C02-008-A0066,SE-C02-008,DS05,santa_elena,CAMPAIGN_02,130.000000000,132.000000000,2.000000000,0.803270302,0.000000000,0.000000000
SE-C02-008-A0067,SE-C02-008,DS05,santa_elena,CAMPAIGN_02,132.000000000,134.000000000,2.000000000,0.844863257,0.000000000,0.000000000
SE-C02-008-A0068,SE-C02-008,DS05,santa_elena,CAMPAIGN_02,134.000000000,136.000000000,2.000000000,0.834788666,0.000000000,0.000000000
SE-C02-008-A0069,SE-C02-008,DS05,santa_elena,CAMPAIGN_02,136.000000000,138.000000000,2.000000000,0.905768013,0.000000000,0.000000000
SE-C02-008-A0070,SE-C02-008,DS05,santa_elena,CAMPAIGN_02,138.000000000,140.000000000,2.000000000,0.938429895,0.000000000,0.000000000
SE-C02-008-A0071,SE-C02-008,DS05,santa_elena,CAMPAIGN_02,140.000000000,142.000000000,2.000000000,0.909088918,0.000000000,0.000000000
SE-C02-008-A0072,SE-C02-008,DS05,santa_elena,CAMPAIGN_02,142.000000000,144.000000000,2.000000000,0.977009662,0.000000000,0.000000000
SE-C02-008-A0073,SE-C02-008,DS05,santa_elena,CAMPAIGN_02,144.000000000,146.000000000,2.000000000,0.908226171,0.000000000,0.000000000
SE-C02-008-A0074,SE-C02-008,DS05,santa_elena,CAMPAIGN_02,146.000000000,148.000000000,2.000000000,0.994728587,0.000000000,0.000000000
SE-C02-008-A0075,SE-C02-008,DS05,santa_elena,CAMPAIGN_02,148.000000000,150.000000000,2.000000000,0.870348401,0.000000000,0.000000000
SE-C02-008-A0076,SE-C02-008,DS05,santa_elena,CAMPAIGN_02,150.000000000,152.000000000,2.000000000,0.898279000,0.000000000,0.000000000
SE-C02-008-A0077,SE-C02-008,DS05,santa_elena,CAMPAIGN_02,152.000000000,154.000000000,2.000000000,0.937160421,0.000000000,0.000000000
SE-C02-008-A0078,SE-C02-008,DS05,santa_elena,CAMPAIGN_02,154.000000000,156.000000000,2.000000000,0.977609640,0.000000000,0.000000000
SE-C02-008-A0079,SE-C02-008,DS05,santa_elena,CAMPAIGN_02,156.000000000,158.000000000,2.000000000,0.887757062,0.000000000,0.000000000
SE-C02-008-A0080,SE-C02-008,DS05,santa_elena,CAMPAIGN_02,158.000000000,160.000000000,2.000000000,1.031002768,0.000000000,0.000000000
SE-C02-008-A0081,SE-C02-008,DS05,santa_elena,CAMPAIGN_02,160.000000000,162.000000000,2.000000000,0.975599842,0.000000000,0.000000000
SE-C02-008-A0082,SE-C02-008,DS05,santa_elena,CAMPAIGN_02,162.000000000,164.000000000,2.000000000,0.937988594,0.000000000,0.000000000
SE-C02-008-A0083,SE-C02-008,DS05,santa_elena,CAMPAIGN_02,164.000000000,166.000000000,2.000000000,1.002754703,0.000000000,0.000000000
SE-C02-008-A0084,SE-C02-008,DS05,santa_elena,CAMPAIGN_02,166.000000000,168.000000000,2.000000000,0.986650940,0.000000000,0.000000000
SE-C02-008-A0085,SE-C02-008,DS05,santa_elena,CAMPAIGN_02,168.000000000,170.000000000,2.000000000,0.987175247,0.000000000,0.000000000
SE-C02-008-A0086,SE-C02-008,DS05,santa_elena,CAMPAIGN_02,170.000000000,172.000000000,2.000000000,0.998177884,0.000000000,0.000000000
SE-C02-008-A0087,SE-C02-008,DS05,santa_elena,CAMPAIGN_02,172.000000000,174.000000000,2.000000000,1.051884748,0.000000000,0.000000000
SE-C02-008-A0088,SE-C02-008,DS05,santa_elena,CAMPAIGN_02,174.000000000,176.000000000,2.000000000,0.901386357,0.000000000,0.000000000
SE-C02-008-A0089,SE-C02-008,DS05,santa_elena,CAMPAIGN_02,176.000000000,178.000000000,2.000000000,1.049078603,0.000000000,0.000000000
SE-C02-008-A0090,SE-C02-008,DS05,santa_elena,CAMPAIGN_02,178.000000000,180.000000000,2.000000000,1.012018533,0.000000000,0.000000000
SE-C02-008-A0091,SE-C02-008,DS05,santa_elena,CAMPAIGN_02,180.000000000,182.000000000,2.000000000,1.038972132,0.000000000,0.000000000
SE-C02-008-A0092,SE-C02-008,DS05,santa_elena,CAMPAIGN_02,182.000000000,184.000000000,2.000000000,0.992198150,0.000000000,0.000000000
SE-C02-008-A0093,SE-C02-008,DS05,santa_elena,CAMPAIGN_02,184.000000000,186.000000000,2.000000000,0.923203135,0.000000000,0.000000000
SE-C02-008-A0094,SE-C02-008,DS05,santa_elena,CAMPAIGN_02,186.000000000,188.000000000,2.000000000,0.945907404,0.000000000,0.000000000
SE-C02-008-A0095,SE-C02-008,DS05,santa_elena,CAMPAIGN_02,188.000000000,190.000000000,2.000000000,1.037751195,0.000000000,0.000000000
SE-C02-008-A0096,SE-C02-008,DS05,santa_elena,CAMPAIGN_02,190.000000000,192.000000000,2.000000000,0.998816306,0.000000000,0.000000000
SE-C02-008-A0097,SE-C02-008,DS05,santa_elena,CAMPAIGN_02,192.000000000,194.000000000,2.000000000,0.998012788,0.000000000,0.000000000
SE-C02-008-A0098,SE-C02-008,DS05,santa_elena,CAMPAIGN_02,194.000000000,196.000000000,2.000000000,1.066962195,0.000000000,0.000000000
SE-C02-008-A0099,SE-C02-008,DS05,santa_elena,CAMPAIGN_02,196.000000000,198.000000000,2.000000000,0.985550812,0.000000000,0.000000000
SE-C02-008-A0100,SE-C02-008,DS05,santa_elena,CAMPAIGN_02,198.000000000,200.000000000,2.000000000,0.983094546,0.000000000,0.000000000
SE-C02-008-A0101,SE-C02-008,DS05,santa_elena,CAMPAIGN_02,200.000000000,202.000000000,2.000000000,0.978516708,0.000000000,0.000000000
SE-C02-008-A0102,SE-C02-008,DS05,santa_elena,CAMPAIGN_02,202.000000000,204.000000000,2.000000000,1.004764048,0.000000000,0.000000000
SE-C02-008-A0103,SE-C02-008,DS05,santa_elena,CAMPAIGN_02,204.000000000,206.000000000,2.000000000,0.925708849,0.000000000,0.000000000
SE-C02-008-A0104,SE-C02-008,DS05,santa_elena,CAMPAIGN_02,206.000000000,208.000000000,2.000000000,0.790364226,0.000000000,0.000000000
SE-C02-008-A0105,SE-C02-008,DS05,santa_elena,CAMPAIGN_02,208.000000000,210.000000000,2.000000000,0.902916852,0.000000000,0.000000000
SE-C02-008-A0106,SE-C02-008,DS05,santa_elena,CAMPAIGN_02,210.000000000,212.000000000,2.000000000,0.881656525,0.000000000,0.000000000
SE-C02-008-A0107,SE-C02-008,DS05,santa_elena,CAMPAIGN_02,212.000000000,214.000000000,2.000000000,0.898200184,0.000000000,0.000000000
SE-C02-008-A0108,SE-C02-008,DS05,santa_elena,CAMPAIGN_02,214.000000000,216.000000000,2.000000000,0.828573896,0.000000000,0.000000000
SE-C02-008-A0109,SE-C02-008,DS05,santa_elena,CAMPAIGN_02,216.000000000,218.000000000,2.000000000,0.855727655,0.000000000,0.000000000
SE-C02-008-A0110,SE-C02-008,DS05,santa_elena,CAMPAIGN_02,218.000000000,220.000000000,2.000000000,0.827661308,0.000000000,0.000000000
SE-C02-008-A0111,SE-C02-008,DS05,santa_elena,CAMPAIGN_02,220.000000000,222.000000000,2.000000000,0.830469402,0.000000000,0.000000000
SE-C02-008-A0112,SE-C02-008,DS05,santa_elena,CAMPAIGN_02,222.000000000,224.000000000,2.000000000,0.810496060,0.000000000,0.000000000
SE-C02-008-A0113,SE-C02-008,DS05,santa_elena,CAMPAIGN_02,224.000000000,226.000000000,2.000000000,0.800306960,0.000000000,0.000000000
SE-C02-008-A0114,SE-C02-008,DS05,santa_elena,CAMPAIGN_02,226.000000000,228.000000000,2.000000000,0.817762657,0.000000000,0.000000000
SE-C02-008-A0115,SE-C02-008,DS05,santa_elena,CAMPAIGN_02,228.000000000,230.000000000,2.000000000,0.829664470,0.000000000,0.000000000
SE-C02-008-A0116,SE-C02-008,DS05,santa_elena,CAMPAIGN_02,230.000000000,232.000000000,2.000000000,0.829165221,0.000000000,0.000000000
SE-C02-008-A0117,SE-C02-008,DS05,santa_elena,CAMPAIGN_02,232.000000000,234.000000000,2.000000000,0.866192163,0.000000000,0.000000000
SE-C02-008-A0118,SE-C02-008,DS05,santa_elena,CAMPAIGN_02,234.000000000,236.000000000,2.000000000,0.818440518,0.000000000,0.000000000
SE-C02-008-A0119,SE-C02-008,DS05,santa_elena,CAMPAIGN_02,236.000000000,238.000000000,2.000000000,0.834608934,0.000000000,0.000000000
SE-C02-008-A0120,SE-C02-008,DS05,santa_elena,CAMPAIGN_02,238.000000000,240.000000000,2.000000000,0.824719157,0.000000000,0.000000000
SE-C02-008-A0121,SE-C02-008,DS05,santa_elena,CAMPAIGN_02,240.000000000,242.000000000,2.000000000,0.846079507,0.000000000,0.000000000
SE-C02-008-A0122,SE-C02-008,DS05,santa_elena,CAMPAIGN_02,242.000000000,243.134176157,1.134176157,0.737524546,0.000000000,0.000000000
SE-C02-009-A0001,SE-C02-009,DS05,santa_elena,CAMPAIGN_02,0.000000000,2.000000000,2.000000000,0.062004007,0.000000000,0.000000000
SE-C02-009-A0002,SE-C02-009,DS05,santa_elena,CAMPAIGN_02,2.000000000,4.000000000,2.000000000,0.070724046,0.000000000,0.000000000
SE-C02-009-A0003,SE-C02-009,DS05,santa_elena,CAMPAIGN_02,4.000000000,6.000000000,2.000000000,0.069478084,0.000000000,0.000000000
SE-C02-009-A0004,SE-C02-009,DS05,santa_elena,CAMPAIGN_02,6.000000000,8.000000000,2.000000000,0.068631833,0.000000000,0.000000000
SE-C02-009-A0005,SE-C02-009,DS05,santa_elena,CAMPAIGN_02,8.000000000,10.000000000,2.000000000,0.068129197,0.000000000,0.000000000
SE-C02-009-A0006,SE-C02-009,DS05,santa_elena,CAMPAIGN_02,10.000000000,12.000000000,2.000000000,0.072600204,0.000000000,0.000000000
SE-C02-009-A0007,SE-C02-009,DS05,santa_elena,CAMPAIGN_02,12.000000000,14.000000000,2.000000000,0.078964542,0.000000000,0.000000000
SE-C02-009-A0008,SE-C02-009,DS05,santa_elena,CAMPAIGN_02,14.000000000,16.000000000,2.000000000,0.074867689,0.000000000,0.000000000
SE-C02-009-A0009,SE-C02-009,DS05,santa_elena,CAMPAIGN_02,16.000000000,18.000000000,2.000000000,0.083647528,0.000000000,0.000000000
SE-C02-009-A0010,SE-C02-009,DS05,santa_elena,CAMPAIGN_02,18.000000000,20.000000000,2.000000000,0.080788651,0.000000000,0.000000000
SE-C02-009-A0011,SE-C02-009,DS05,santa_elena,CAMPAIGN_02,20.000000000,22.000000000,2.000000000,0.086596954,0.000000000,0.000000000
SE-C02-009-A0012,SE-C02-009,DS05,santa_elena,CAMPAIGN_02,22.000000000,24.000000000,2.000000000,0.091936383,0.000000000,0.000000000
SE-C02-009-A0013,SE-C02-009,DS05,santa_elena,CAMPAIGN_02,24.000000000,26.000000000,2.000000000,0.093072404,0.000000000,0.000000000
SE-C02-009-A0014,SE-C02-009,DS05,santa_elena,CAMPAIGN_02,26.000000000,28.000000000,2.000000000,0.099504492,0.000000000,0.000000000
SE-C02-009-A0015,SE-C02-009,DS05,santa_elena,CAMPAIGN_02,28.000000000,30.000000000,2.000000000,0.091800002,0.000000000,0.000000000
SE-C02-009-A0016,SE-C02-009,DS05,santa_elena,CAMPAIGN_02,30.000000000,32.000000000,2.000000000,0.093419183,0.000000000,0.000000000
SE-C02-009-A0017,SE-C02-009,DS05,santa_elena,CAMPAIGN_02,32.000000000,34.000000000,2.000000000,0.104458378,0.000000000,0.000000000
SE-C02-009-A0018,SE-C02-009,DS05,santa_elena,CAMPAIGN_02,34.000000000,36.000000000,2.000000000,0.112820356,0.000000000,0.000000000
SE-C02-009-A0019,SE-C02-009,DS05,santa_elena,CAMPAIGN_02,36.000000000,38.000000000,2.000000000,0.106843616,0.000000000,0.000000000
SE-C02-009-A0020,SE-C02-009,DS05,santa_elena,CAMPAIGN_02,38.000000000,40.000000000,2.000000000,0.122079528,0.000000000,0.000000000
SE-C02-009-A0021,SE-C02-009,DS05,santa_elena,CAMPAIGN_02,40.000000000,42.000000000,2.000000000,0.124557889,0.000000000,0.000000000
SE-C02-009-A0022,SE-C02-009,DS05,santa_elena,CAMPAIGN_02,42.000000000,44.000000000,2.000000000,0.135623812,0.000000000,0.000000000
SE-C02-009-A0023,SE-C02-009,DS05,santa_elena,CAMPAIGN_02,44.000000000,46.000000000,2.000000000,0.148795971,0.000000000,0.000000000
SE-C02-009-A0024,SE-C02-009,DS05,santa_elena,CAMPAIGN_02,46.000000000,48.000000000,2.000000000,0.155824363,0.000000000,0.000000000
SE-C02-009-A0025,SE-C02-009,DS05,santa_elena,CAMPAIGN_02,48.000000000,50.000000000,2.000000000,0.143123413,0.000000000,0.000000000
SE-C02-009-A0026,SE-C02-009,DS05,santa_elena,CAMPAIGN_02,50.000000000,52.000000000,2.000000000,0.152005900,0.000000000,0.000000000
SE-C02-009-A0027,SE-C02-009,DS05,santa_elena,CAMPAIGN_02,52.000000000,54.000000000,2.000000000,0.151733118,0.000000000,0.000000000
SE-C02-009-A0028,SE-C02-009,DS05,santa_elena,CAMPAIGN_02,54.000000000,56.000000000,2.000000000,0.176346395,0.000000000,0.000000000
SE-C02-009-A0029,SE-C02-009,DS05,santa_elena,CAMPAIGN_02,56.000000000,58.000000000,2.000000000,0.169011078,0.000000000,0.000000000
SE-C02-009-A0030,SE-C02-009,DS05,santa_elena,CAMPAIGN_02,58.000000000,60.000000000,2.000000000,0.178397454,0.000000000,0.000000000
SE-C02-009-A0031,SE-C02-009,DS05,santa_elena,CAMPAIGN_02,60.000000000,62.000000000,2.000000000,0.165076489,0.000000000,0.000000000
SE-C02-009-A0032,SE-C02-009,DS05,santa_elena,CAMPAIGN_02,62.000000000,64.000000000,2.000000000,0.186723286,0.000000000,0.000000000
SE-C02-009-A0033,SE-C02-009,DS05,santa_elena,CAMPAIGN_02,64.000000000,66.000000000,2.000000000,0.192937809,0.000000000,0.000000000
SE-C02-009-A0034,SE-C02-009,DS05,santa_elena,CAMPAIGN_02,66.000000000,68.000000000,2.000000000,0.198033131,0.000000000,0.000000000
SE-C02-009-A0035,SE-C02-009,DS05,santa_elena,CAMPAIGN_02,68.000000000,70.000000000,2.000000000,0.214918332,0.000000000,0.000000000
SE-C02-009-A0036,SE-C02-009,DS05,santa_elena,CAMPAIGN_02,70.000000000,72.000000000,2.000000000,0.200221438,0.000000000,0.000000000
SE-C02-009-A0037,SE-C02-009,DS05,santa_elena,CAMPAIGN_02,72.000000000,74.000000000,2.000000000,0.220442483,0.000000000,0.000000000
SE-C02-009-A0038,SE-C02-009,DS05,santa_elena,CAMPAIGN_02,74.000000000,76.000000000,2.000000000,0.212637871,0.000000000,0.000000000
SE-C02-009-A0039,SE-C02-009,DS05,santa_elena,CAMPAIGN_02,76.000000000,78.000000000,2.000000000,0.230410408,0.000000000,0.000000000
SE-C02-009-A0040,SE-C02-009,DS05,santa_elena,CAMPAIGN_02,78.000000000,80.000000000,2.000000000,0.249953296,0.000000000,0.000000000
SE-C02-009-A0041,SE-C02-009,DS05,santa_elena,CAMPAIGN_02,80.000000000,82.000000000,2.000000000,0.245573787,0.000000000,0.000000000
SE-C02-009-A0042,SE-C02-009,DS05,santa_elena,CAMPAIGN_02,82.000000000,84.000000000,2.000000000,0.254101030,0.000000000,0.000000000
SE-C02-009-A0043,SE-C02-009,DS05,santa_elena,CAMPAIGN_02,84.000000000,86.000000000,2.000000000,0.254060565,0.000000000,0.000000000
SE-C02-009-A0044,SE-C02-009,DS05,santa_elena,CAMPAIGN_02,86.000000000,88.000000000,2.000000000,0.263447484,0.000000000,0.000000000
SE-C02-009-A0045,SE-C02-009,DS05,santa_elena,CAMPAIGN_02,88.000000000,90.000000000,2.000000000,0.270263627,0.000000000,0.000000000
SE-C02-009-A0046,SE-C02-009,DS05,santa_elena,CAMPAIGN_02,90.000000000,92.000000000,2.000000000,0.265521528,0.000000000,0.000000000
SE-C02-009-A0047,SE-C02-009,DS05,santa_elena,CAMPAIGN_02,92.000000000,94.000000000,2.000000000,0.287541659,0.000000000,0.000000000
SE-C02-009-A0048,SE-C02-009,DS05,santa_elena,CAMPAIGN_02,94.000000000,96.000000000,2.000000000,0.305023193,0.000000000,0.000000000
SE-C02-009-A0049,SE-C02-009,DS05,santa_elena,CAMPAIGN_02,96.000000000,98.000000000,2.000000000,0.283645571,0.000000000,0.000000000
SE-C02-009-A0050,SE-C02-009,DS05,santa_elena,CAMPAIGN_02,98.000000000,100.000000000,2.000000000,0.321148061,0.000000000,0.000000000
SE-C02-009-A0051,SE-C02-009,DS05,santa_elena,CAMPAIGN_02,100.000000000,102.000000000,2.000000000,0.297227743,0.000000000,0.000000000
SE-C02-009-A0052,SE-C02-009,DS05,santa_elena,CAMPAIGN_02,102.000000000,104.000000000,2.000000000,0.310378707,0.000000000,0.000000000
SE-C02-009-A0053,SE-C02-009,DS05,santa_elena,CAMPAIGN_02,104.000000000,106.000000000,2.000000000,0.322927776,0.000000000,0.000000000
SE-C02-009-A0054,SE-C02-009,DS05,santa_elena,CAMPAIGN_02,106.000000000,108.000000000,2.000000000,0.339155055,0.000000000,0.000000000
SE-C02-009-A0055,SE-C02-009,DS05,santa_elena,CAMPAIGN_02,108.000000000,110.000000000,2.000000000,0.347705814,0.000000000,0.000000000
SE-C02-009-A0056,SE-C02-009,DS05,santa_elena,CAMPAIGN_02,110.000000000,112.000000000,2.000000000,0.366882113,0.000000000,0.000000000
SE-C02-009-A0057,SE-C02-009,DS05,santa_elena,CAMPAIGN_02,112.000000000,114.000000000,2.000000000,0.366936462,0.000000000,0.000000000
SE-C02-009-A0058,SE-C02-009,DS05,santa_elena,CAMPAIGN_02,114.000000000,116.000000000,2.000000000,0.406057511,0.000000000,0.000000000
SE-C02-009-A0059,SE-C02-009,DS05,santa_elena,CAMPAIGN_02,116.000000000,118.000000000,2.000000000,0.397703175,0.000000000,0.000000000
SE-C02-009-A0060,SE-C02-009,DS05,santa_elena,CAMPAIGN_02,118.000000000,120.000000000,2.000000000,0.389708581,0.000000000,0.000000000
SE-C02-009-A0061,SE-C02-009,DS05,santa_elena,CAMPAIGN_02,120.000000000,122.000000000,2.000000000,0.398374583,0.000000000,0.000000000
SE-C02-009-A0062,SE-C02-009,DS05,santa_elena,CAMPAIGN_02,122.000000000,124.000000000,2.000000000,0.384221875,0.000000000,0.000000000
SE-C02-009-A0063,SE-C02-009,DS05,santa_elena,CAMPAIGN_02,124.000000000,126.000000000,2.000000000,0.401612714,0.000000000,0.000000000
SE-C02-009-A0064,SE-C02-009,DS05,santa_elena,CAMPAIGN_02,126.000000000,128.000000000,2.000000000,0.450180172,0.000000000,0.000000000
SE-C02-009-A0065,SE-C02-009,DS05,santa_elena,CAMPAIGN_02,128.000000000,130.000000000,2.000000000,0.399180662,0.000000000,0.000000000
SE-C02-009-A0066,SE-C02-009,DS05,santa_elena,CAMPAIGN_02,130.000000000,132.000000000,2.000000000,0.436492491,0.000000000,0.000000000
SE-C02-009-A0067,SE-C02-009,DS05,santa_elena,CAMPAIGN_02,132.000000000,134.000000000,2.000000000,0.473687501,0.000000000,0.000000000
SE-C02-009-A0068,SE-C02-009,DS05,santa_elena,CAMPAIGN_02,134.000000000,136.000000000,2.000000000,0.454939528,0.000000000,0.000000000
SE-C02-009-A0069,SE-C02-009,DS05,santa_elena,CAMPAIGN_02,136.000000000,138.000000000,2.000000000,0.437584743,0.000000000,0.000000000
SE-C02-009-A0070,SE-C02-009,DS05,santa_elena,CAMPAIGN_02,138.000000000,140.000000000,2.000000000,0.451440479,0.000000000,0.000000000
SE-C02-009-A0071,SE-C02-009,DS05,santa_elena,CAMPAIGN_02,140.000000000,142.000000000,2.000000000,0.478295901,0.000000000,0.000000000
SE-C02-009-A0072,SE-C02-009,DS05,santa_elena,CAMPAIGN_02,142.000000000,144.000000000,2.000000000,0.453382297,0.000000000,0.000000000
SE-C02-009-A0073,SE-C02-009,DS05,santa_elena,CAMPAIGN_02,144.000000000,146.000000000,2.000000000,0.495418669,0.000000000,0.000000000
SE-C02-009-A0074,SE-C02-009,DS05,santa_elena,CAMPAIGN_02,146.000000000,148.000000000,2.000000000,0.497226197,0.000000000,0.000000000
SE-C02-009-A0075,SE-C02-009,DS05,santa_elena,CAMPAIGN_02,148.000000000,150.000000000,2.000000000,0.550397495,0.000000000,0.000000000
SE-C02-009-A0076,SE-C02-009,DS05,santa_elena,CAMPAIGN_02,150.000000000,152.000000000,2.000000000,0.508653903,0.000000000,0.000000000
SE-C02-009-A0077,SE-C02-009,DS05,santa_elena,CAMPAIGN_02,152.000000000,154.000000000,2.000000000,0.566119855,0.000000000,0.000000000
SE-C02-009-A0078,SE-C02-009,DS05,santa_elena,CAMPAIGN_02,154.000000000,156.000000000,2.000000000,0.522676694,0.000000000,0.000000000
SE-C02-009-A0079,SE-C02-009,DS05,santa_elena,CAMPAIGN_02,156.000000000,158.000000000,2.000000000,0.572031635,0.000000000,0.000000000
SE-C02-009-A0080,SE-C02-009,DS05,santa_elena,CAMPAIGN_02,158.000000000,160.000000000,2.000000000,0.560476344,0.000000000,0.000000000
SE-C02-009-A0081,SE-C02-009,DS05,santa_elena,CAMPAIGN_02,160.000000000,162.000000000,2.000000000,0.586792195,0.000000000,0.000000000
SE-C02-009-A0082,SE-C02-009,DS05,santa_elena,CAMPAIGN_02,162.000000000,164.000000000,2.000000000,0.576148694,0.000000000,0.000000000
SE-C02-009-A0083,SE-C02-009,DS05,santa_elena,CAMPAIGN_02,164.000000000,166.000000000,2.000000000,0.595879169,0.000000000,0.000000000
SE-C02-009-A0084,SE-C02-009,DS05,santa_elena,CAMPAIGN_02,166.000000000,168.000000000,2.000000000,0.579148079,0.000000000,0.000000000
SE-C02-009-A0085,SE-C02-009,DS05,santa_elena,CAMPAIGN_02,168.000000000,170.000000000,2.000000000,0.603609217,0.000000000,0.000000000
SE-C02-009-A0086,SE-C02-009,DS05,santa_elena,CAMPAIGN_02,170.000000000,172.000000000,2.000000000,0.663282594,0.000000000,0.000000000
SE-C02-009-A0087,SE-C02-009,DS05,santa_elena,CAMPAIGN_02,172.000000000,174.000000000,2.000000000,0.628800761,0.000000000,0.000000000
SE-C02-009-A0088,SE-C02-009,DS05,santa_elena,CAMPAIGN_02,174.000000000,176.000000000,2.000000000,0.680925069,0.000000000,0.000000000
SE-C02-009-A0089,SE-C02-009,DS05,santa_elena,CAMPAIGN_02,176.000000000,178.000000000,2.000000000,0.686916809,0.000000000,0.000000000
SE-C02-009-A0090,SE-C02-009,DS05,santa_elena,CAMPAIGN_02,178.000000000,180.000000000,2.000000000,0.609571394,0.000000000,0.000000000
SE-C02-009-A0091,SE-C02-009,DS05,santa_elena,CAMPAIGN_02,180.000000000,182.000000000,2.000000000,0.691732455,0.000000000,0.000000000
SE-C02-009-A0092,SE-C02-009,DS05,santa_elena,CAMPAIGN_02,182.000000000,184.000000000,2.000000000,0.637661999,0.000000000,0.000000000
SE-C02-009-A0093,SE-C02-009,DS05,santa_elena,CAMPAIGN_02,184.000000000,186.000000000,2.000000000,0.676526301,0.000000000,0.000000000
SE-C02-009-A0094,SE-C02-009,DS05,santa_elena,CAMPAIGN_02,186.000000000,188.000000000,2.000000000,0.681556714,0.000000000,0.000000000
SE-C02-009-A0095,SE-C02-009,DS05,santa_elena,CAMPAIGN_02,188.000000000,190.000000000,2.000000000,0.695143337,0.000000000,0.000000000
SE-C02-009-A0096,SE-C02-009,DS05,santa_elena,CAMPAIGN_02,190.000000000,192.000000000,2.000000000,0.656116796,0.000000000,0.000000000
SE-C02-009-A0097,SE-C02-009,DS05,santa_elena,CAMPAIGN_02,192.000000000,194.000000000,2.000000000,0.700352212,0.000000000,0.000000000
SE-C02-009-A0098,SE-C02-009,DS05,santa_elena,CAMPAIGN_02,194.000000000,196.000000000,2.000000000,0.708773423,0.000000000,0.000000000
SE-C02-009-A0099,SE-C02-009,DS05,santa_elena,CAMPAIGN_02,196.000000000,198.000000000,2.000000000,0.732661561,0.000000000,0.000000000
SE-C02-009-A0100,SE-C02-009,DS05,santa_elena,CAMPAIGN_02,198.000000000,200.000000000,2.000000000,0.718829709,0.000000000,0.000000000
SE-C02-009-A0101,SE-C02-009,DS05,santa_elena,CAMPAIGN_02,200.000000000,202.000000000,2.000000000,0.707038161,0.000000000,0.000000000
SE-C02-009-A0102,SE-C02-009,DS05,santa_elena,CAMPAIGN_02,202.000000000,204.000000000,2.000000000,0.773815308,0.000000000,0.000000000
SE-C02-009-A0103,SE-C02-009,DS05,santa_elena,CAMPAIGN_02,204.000000000,206.000000000,2.000000000,0.738589596,0.000000000,0.000000000
SE-C02-009-A0104,SE-C02-009,DS05,santa_elena,CAMPAIGN_02,206.000000000,208.000000000,2.000000000,0.766254231,0.000000000,0.000000000
SE-C02-009-A0105,SE-C02-009,DS05,santa_elena,CAMPAIGN_02,208.000000000,210.000000000,2.000000000,0.756457848,0.000000000,0.000000000
SE-C02-009-A0106,SE-C02-009,DS05,santa_elena,CAMPAIGN_02,210.000000000,212.000000000,2.000000000,0.723657842,0.000000000,0.000000000
SE-C02-009-A0107,SE-C02-009,DS05,santa_elena,CAMPAIGN_02,212.000000000,214.000000000,2.000000000,0.796003794,0.000000000,0.000000000
SE-C02-009-A0108,SE-C02-009,DS05,santa_elena,CAMPAIGN_02,214.000000000,216.000000000,2.000000000,0.809956883,0.000000000,0.000000000
SE-C02-009-A0109,SE-C02-009,DS05,santa_elena,CAMPAIGN_02,216.000000000,218.000000000,2.000000000,0.735408353,0.000000000,0.000000000
SE-C02-009-A0110,SE-C02-009,DS05,santa_elena,CAMPAIGN_02,218.000000000,220.000000000,2.000000000,0.767016801,0.000000000,0.000000000
SE-C02-009-A0111,SE-C02-009,DS05,santa_elena,CAMPAIGN_02,220.000000000,222.000000000,2.000000000,0.773433732,0.000000000,0.000000000
SE-C02-009-A0112,SE-C02-009,DS05,santa_elena,CAMPAIGN_02,222.000000000,224.000000000,2.000000000,0.827392622,0.000000000,0.000000000
SE-C02-009-A0113,SE-C02-009,DS05,santa_elena,CAMPAIGN_02,224.000000000,226.000000000,2.000000000,0.807288885,0.000000000,0.000000000
SE-C02-009-A0114,SE-C02-009,DS05,santa_elena,CAMPAIGN_02,226.000000000,228.000000000,2.000000000,0.855088921,0.000000000,0.000000000
SE-C02-009-A0115,SE-C02-009,DS05,santa_elena,CAMPAIGN_02,228.000000000,230.000000000,2.000000000,0.809520207,0.000000000,0.000000000
SE-C02-009-A0116,SE-C02-009,DS05,santa_elena,CAMPAIGN_02,230.000000000,232.000000000,2.000000000,0.780355281,0.000000000,0.000000000
SE-C02-009-A0117,SE-C02-009,DS05,santa_elena,CAMPAIGN_02,232.000000000,234.000000000,2.000000000,0.826556418,0.000000000,0.000000000
SE-C02-009-A0118,SE-C02-009,DS05,santa_elena,CAMPAIGN_02,234.000000000,236.000000000,2.000000000,0.811925362,0.000000000,0.000000000
SE-C02-009-A0119,SE-C02-009,DS05,santa_elena,CAMPAIGN_02,236.000000000,238.000000000,2.000000000,0.810299735,0.000000000,0.000000000
SE-C02-009-A0120,SE-C02-009,DS05,santa_elena,CAMPAIGN_02,238.000000000,240.000000000,2.000000000,0.835433887,0.000000000,0.000000000
SE-C02-009-A0121,SE-C02-009,DS05,santa_elena,CAMPAIGN_02,240.000000000,242.000000000,2.000000000,0.775567957,0.000000000,0.000000000
SE-C02-009-A0122,SE-C02-009,DS05,santa_elena,CAMPAIGN_02,242.000000000,244.000000000,2.000000000,0.870014821,0.000000000,0.000000000
SE-C02-009-A0123,SE-C02-009,DS05,santa_elena,CAMPAIGN_02,244.000000000,246.000000000,2.000000000,0.835410708,0.000000000,0.000000000
SE-C02-009-A0124,SE-C02-009,DS05,santa_elena,CAMPAIGN_02,246.000000000,248.000000000,2.000000000,0.888309646,0.000000000,0.000000000
SE-C02-009-A0125,SE-C02-009,DS05,santa_elena,CAMPAIGN_02,248.000000000,250.000000000,2.000000000,0.836301023,0.000000000,0.000000000
SE-C02-009-A0126,SE-C02-009,DS05,santa_elena,CAMPAIGN_02,250.000000000,252.000000000,2.000000000,0.819841800,0.000000000,0.000000000
SE-C02-009-A0127,SE-C02-009,DS05,santa_elena,CAMPAIGN_02,252.000000000,254.000000000,2.000000000,0.795019287,0.000000000,0.000000000
SE-C02-009-A0128,SE-C02-009,DS05,santa_elena,CAMPAIGN_02,254.000000000,256.000000000,2.000000000,0.825262135,0.000000000,0.000000000
SE-C02-009-A0129,SE-C02-009,DS05,santa_elena,CAMPAIGN_02,256.000000000,258.000000000,2.000000000,0.845028790,0.000000000,0.000000000
SE-C02-009-A0130,SE-C02-009,DS05,santa_elena,CAMPAIGN_02,258.000000000,260.000000000,2.000000000,0.836481237,0.000000000,0.000000000
SE-C02-009-A0131,SE-C02-009,DS05,santa_elena,CAMPAIGN_02,260.000000000,262.000000000,2.000000000,0.817673778,0.000000000,0.000000000
SE-C02-009-A0132,SE-C02-009,DS05,santa_elena,CAMPAIGN_02,262.000000000,264.000000000,2.000000000,0.832718502,0.000000000,0.000000000
SE-C02-009-A0133,SE-C02-009,DS05,santa_elena,CAMPAIGN_02,264.000000000,266.000000000,2.000000000,0.832058083,0.000000000,0.000000000
SE-C02-009-A0134,SE-C02-009,DS05,santa_elena,CAMPAIGN_02,266.000000000,268.000000000,2.000000000,0.832431976,0.000000000,0.000000000
SE-C02-009-A0135,SE-C02-009,DS05,santa_elena,CAMPAIGN_02,268.000000000,270.000000000,2.000000000,0.824233040,0.000000000,0.000000000
SE-C02-009-A0136,SE-C02-009,DS05,santa_elena,CAMPAIGN_02,270.000000000,272.000000000,2.000000000,0.785773246,0.000000000,0.000000000
SE-C02-009-A0137,SE-C02-009,DS05,santa_elena,CAMPAIGN_02,272.000000000,274.000000000,2.000000000,0.835013589,0.000000000,0.000000000
SE-C02-009-A0138,SE-C02-009,DS05,santa_elena,CAMPAIGN_02,274.000000000,276.000000000,2.000000000,0.795425317,0.000000000,0.000000000
SE-C02-009-A0139,SE-C02-009,DS05,santa_elena,CAMPAIGN_02,276.000000000,278.000000000,2.000000000,0.781656329,0.000000000,0.000000000
SE-C02-009-A0140,SE-C02-009,DS05,santa_elena,CAMPAIGN_02,278.000000000,280.000000000,2.000000000,0.741669985,0.000000000,0.000000000
SE-C02-009-A0141,SE-C02-009,DS05,santa_elena,CAMPAIGN_02,280.000000000,282.000000000,2.000000000,0.823622303,0.000000000,0.000000000
SE-C02-009-A0142,SE-C02-009,DS05,santa_elena,CAMPAIGN_02,282.000000000,284.000000000,2.000000000,0.809075027,0.000000000,0.000000000
SE-C02-009-A0143,SE-C02-009,DS05,santa_elena,CAMPAIGN_02,284.000000000,286.000000000,2.000000000,0.800113957,0.000000000,0.000000000
SE-C02-009-A0144,SE-C02-009,DS05,santa_elena,CAMPAIGN_02,286.000000000,288.000000000,2.000000000,0.808044121,0.000000000,0.000000000
SE-C02-009-A0145,SE-C02-009,DS05,santa_elena,CAMPAIGN_02,288.000000000,290.000000000,2.000000000,0.831744914,0.000000000,0.000000000
SE-C02-009-A0146,SE-C02-009,DS05,santa_elena,CAMPAIGN_02,290.000000000,292.000000000,2.000000000,0.815478274,0.000000000,0.000000000
SE-C02-009-A0147,SE-C02-009,DS05,santa_elena,CAMPAIGN_02,292.000000000,292.254597480,0.254597480,0.832290820,0.000000000,0.000000000
SE-C02-010-A0001,SE-C02-010,DS05,santa_elena,CAMPAIGN_02,0.000000000,2.000000000,2.000000000,0.023890692,0.000000000,0.000000000
SE-C02-010-A0002,SE-C02-010,DS05,santa_elena,CAMPAIGN_02,2.000000000,4.000000000,2.000000000,0.024012424,0.000000000,0.000000000
SE-C02-010-A0003,SE-C02-010,DS05,santa_elena,CAMPAIGN_02,4.000000000,6.000000000,2.000000000,0.028745676,0.000000000,0.000000000
SE-C02-010-A0004,SE-C02-010,DS05,santa_elena,CAMPAIGN_02,6.000000000,8.000000000,2.000000000,0.024701469,0.000000000,0.000000000
SE-C02-010-A0005,SE-C02-010,DS05,santa_elena,CAMPAIGN_02,8.000000000,10.000000000,2.000000000,0.024197812,0.000000000,0.000000000
SE-C02-010-A0006,SE-C02-010,DS05,santa_elena,CAMPAIGN_02,10.000000000,12.000000000,2.000000000,0.025243576,0.000000000,0.000000000
SE-C02-010-A0007,SE-C02-010,DS05,santa_elena,CAMPAIGN_02,12.000000000,14.000000000,2.000000000,0.025640598,0.000000000,0.000000000
SE-C02-010-A0008,SE-C02-010,DS05,santa_elena,CAMPAIGN_02,14.000000000,16.000000000,2.000000000,0.025147804,0.000000000,0.000000000
SE-C02-010-A0009,SE-C02-010,DS05,santa_elena,CAMPAIGN_02,16.000000000,18.000000000,2.000000000,0.023315028,0.000000000,0.000000000
SE-C02-010-A0010,SE-C02-010,DS05,santa_elena,CAMPAIGN_02,18.000000000,20.000000000,2.000000000,0.028113437,0.000000000,0.000000000
SE-C02-010-A0011,SE-C02-010,DS05,santa_elena,CAMPAIGN_02,20.000000000,22.000000000,2.000000000,0.024861836,0.000000000,0.000000000
SE-C02-010-A0012,SE-C02-010,DS05,santa_elena,CAMPAIGN_02,22.000000000,24.000000000,2.000000000,0.026257605,0.000000000,0.000000000
SE-C02-010-A0013,SE-C02-010,DS05,santa_elena,CAMPAIGN_02,24.000000000,26.000000000,2.000000000,0.027813056,0.000000000,0.000000000
SE-C02-010-A0014,SE-C02-010,DS05,santa_elena,CAMPAIGN_02,26.000000000,28.000000000,2.000000000,0.025246521,0.000000000,0.000000000
SE-C02-010-A0015,SE-C02-010,DS05,santa_elena,CAMPAIGN_02,28.000000000,30.000000000,2.000000000,0.029119455,0.000000000,0.000000000
SE-C02-010-A0016,SE-C02-010,DS05,santa_elena,CAMPAIGN_02,30.000000000,32.000000000,2.000000000,0.026518064,0.000000000,0.000000000
SE-C02-010-A0017,SE-C02-010,DS05,santa_elena,CAMPAIGN_02,32.000000000,34.000000000,2.000000000,0.028284850,0.000000000,0.000000000
SE-C02-010-A0018,SE-C02-010,DS05,santa_elena,CAMPAIGN_02,34.000000000,36.000000000,2.000000000,0.028495040,0.000000000,0.000000000
SE-C02-010-A0019,SE-C02-010,DS05,santa_elena,CAMPAIGN_02,36.000000000,38.000000000,2.000000000,0.027004686,0.000000000,0.000000000
SE-C02-010-A0020,SE-C02-010,DS05,santa_elena,CAMPAIGN_02,38.000000000,40.000000000,2.000000000,0.027804651,0.000000000,0.000000000
SE-C02-010-A0021,SE-C02-010,DS05,santa_elena,CAMPAIGN_02,40.000000000,42.000000000,2.000000000,0.028320519,0.000000000,0.000000000
SE-C02-010-A0022,SE-C02-010,DS05,santa_elena,CAMPAIGN_02,42.000000000,44.000000000,2.000000000,0.032504687,0.000000000,0.000000000
SE-C02-010-A0023,SE-C02-010,DS05,santa_elena,CAMPAIGN_02,44.000000000,46.000000000,2.000000000,0.029378918,0.000000000,0.000000000
SE-C02-010-A0024,SE-C02-010,DS05,santa_elena,CAMPAIGN_02,46.000000000,48.000000000,2.000000000,0.033473687,0.000000000,0.000000000
SE-C02-010-A0025,SE-C02-010,DS05,santa_elena,CAMPAIGN_02,48.000000000,50.000000000,2.000000000,0.033322862,0.000000000,0.000000000
SE-C02-010-A0026,SE-C02-010,DS05,santa_elena,CAMPAIGN_02,50.000000000,52.000000000,2.000000000,0.036639095,0.000000000,0.000000000
SE-C02-010-A0027,SE-C02-010,DS05,santa_elena,CAMPAIGN_02,52.000000000,54.000000000,2.000000000,0.036268002,0.000000000,0.000000000
SE-C02-010-A0028,SE-C02-010,DS05,santa_elena,CAMPAIGN_02,54.000000000,56.000000000,2.000000000,0.036154565,0.000000000,0.000000000
SE-C02-010-A0029,SE-C02-010,DS05,santa_elena,CAMPAIGN_02,56.000000000,58.000000000,2.000000000,0.036006368,0.000000000,0.000000000
SE-C02-010-A0030,SE-C02-010,DS05,santa_elena,CAMPAIGN_02,58.000000000,60.000000000,2.000000000,0.042728233,0.000000000,0.000000000
SE-C02-010-A0031,SE-C02-010,DS05,santa_elena,CAMPAIGN_02,60.000000000,62.000000000,2.000000000,0.039848861,0.000000000,0.000000000
SE-C02-010-A0032,SE-C02-010,DS05,santa_elena,CAMPAIGN_02,62.000000000,64.000000000,2.000000000,0.039933028,0.000000000,0.000000000
SE-C02-010-A0033,SE-C02-010,DS05,santa_elena,CAMPAIGN_02,64.000000000,66.000000000,2.000000000,0.036754128,0.000000000,0.000000000
SE-C02-010-A0034,SE-C02-010,DS05,santa_elena,CAMPAIGN_02,66.000000000,68.000000000,2.000000000,0.034615662,0.000000000,0.000000000
SE-C02-010-A0035,SE-C02-010,DS05,santa_elena,CAMPAIGN_02,68.000000000,70.000000000,2.000000000,0.038644210,0.000000000,0.000000000
SE-C02-010-A0036,SE-C02-010,DS05,santa_elena,CAMPAIGN_02,70.000000000,72.000000000,2.000000000,0.040310533,0.000000000,0.000000000
SE-C02-010-A0037,SE-C02-010,DS05,santa_elena,CAMPAIGN_02,72.000000000,74.000000000,2.000000000,0.041611257,0.000000000,0.000000000
SE-C02-010-A0038,SE-C02-010,DS05,santa_elena,CAMPAIGN_02,74.000000000,76.000000000,2.000000000,0.041445519,0.000000000,0.000000000
SE-C02-010-A0039,SE-C02-010,DS05,santa_elena,CAMPAIGN_02,76.000000000,78.000000000,2.000000000,0.044107459,0.000000000,0.000000000
SE-C02-010-A0040,SE-C02-010,DS05,santa_elena,CAMPAIGN_02,78.000000000,80.000000000,2.000000000,0.046945997,0.000000000,0.000000000
SE-C02-010-A0041,SE-C02-010,DS05,santa_elena,CAMPAIGN_02,80.000000000,82.000000000,2.000000000,0.042153076,0.000000000,0.000000000
SE-C02-010-A0042,SE-C02-010,DS05,santa_elena,CAMPAIGN_02,82.000000000,84.000000000,2.000000000,0.050155969,0.000000000,0.000000000
SE-C02-010-A0043,SE-C02-010,DS05,santa_elena,CAMPAIGN_02,84.000000000,86.000000000,2.000000000,0.051712402,0.000000000,0.000000000
SE-C02-010-A0044,SE-C02-010,DS05,santa_elena,CAMPAIGN_02,86.000000000,88.000000000,2.000000000,0.053270700,0.000000000,0.000000000
SE-C02-010-A0045,SE-C02-010,DS05,santa_elena,CAMPAIGN_02,88.000000000,90.000000000,2.000000000,0.051164404,0.000000000,0.000000000
SE-C02-010-A0046,SE-C02-010,DS05,santa_elena,CAMPAIGN_02,90.000000000,92.000000000,2.000000000,0.054595221,0.000000000,0.000000000
SE-C02-010-A0047,SE-C02-010,DS05,santa_elena,CAMPAIGN_02,92.000000000,94.000000000,2.000000000,0.055139861,0.000000000,0.000000000
SE-C02-010-A0048,SE-C02-010,DS05,santa_elena,CAMPAIGN_02,94.000000000,96.000000000,2.000000000,0.055615421,0.000000000,0.000000000
SE-C02-010-A0049,SE-C02-010,DS05,santa_elena,CAMPAIGN_02,96.000000000,98.000000000,2.000000000,0.059552721,0.000000000,0.000000000
SE-C02-010-A0050,SE-C02-010,DS05,santa_elena,CAMPAIGN_02,98.000000000,100.000000000,2.000000000,0.059956876,0.000000000,0.000000000
SE-C02-010-A0051,SE-C02-010,DS05,santa_elena,CAMPAIGN_02,100.000000000,102.000000000,2.000000000,0.061646961,0.000000000,0.000000000
SE-C02-010-A0052,SE-C02-010,DS05,santa_elena,CAMPAIGN_02,102.000000000,104.000000000,2.000000000,0.057191612,0.000000000,0.000000000
SE-C02-010-A0053,SE-C02-010,DS05,santa_elena,CAMPAIGN_02,104.000000000,106.000000000,2.000000000,0.065264002,0.000000000,0.000000000
SE-C02-010-A0054,SE-C02-010,DS05,santa_elena,CAMPAIGN_02,106.000000000,108.000000000,2.000000000,0.054631671,0.000000000,0.000000000
SE-C02-010-A0055,SE-C02-010,DS05,santa_elena,CAMPAIGN_02,108.000000000,110.000000000,2.000000000,0.071533261,0.000000000,0.000000000
SE-C02-010-A0056,SE-C02-010,DS05,santa_elena,CAMPAIGN_02,110.000000000,112.000000000,2.000000000,0.075010897,0.000000000,0.000000000
SE-C02-010-A0057,SE-C02-010,DS05,santa_elena,CAMPAIGN_02,112.000000000,114.000000000,2.000000000,0.070268194,0.000000000,0.000000000
SE-C02-010-A0058,SE-C02-010,DS05,santa_elena,CAMPAIGN_02,114.000000000,116.000000000,2.000000000,0.081473822,0.000000000,0.000000000
SE-C02-010-A0059,SE-C02-010,DS05,santa_elena,CAMPAIGN_02,116.000000000,118.000000000,2.000000000,0.076180242,0.000000000,0.000000000
SE-C02-010-A0060,SE-C02-010,DS05,santa_elena,CAMPAIGN_02,118.000000000,120.000000000,2.000000000,0.081660042,0.000000000,0.000000000
SE-C02-010-A0061,SE-C02-010,DS05,santa_elena,CAMPAIGN_02,120.000000000,122.000000000,2.000000000,0.084238153,0.000000000,0.000000000
SE-C02-010-A0062,SE-C02-010,DS05,santa_elena,CAMPAIGN_02,122.000000000,124.000000000,2.000000000,0.091106059,0.000000000,0.000000000
SE-C02-010-A0063,SE-C02-010,DS05,santa_elena,CAMPAIGN_02,124.000000000,126.000000000,2.000000000,0.083221553,0.000000000,0.000000000
SE-C02-010-A0064,SE-C02-010,DS05,santa_elena,CAMPAIGN_02,126.000000000,128.000000000,2.000000000,0.090100687,0.000000000,0.000000000
SE-C02-010-A0065,SE-C02-010,DS05,santa_elena,CAMPAIGN_02,128.000000000,130.000000000,2.000000000,0.086553777,0.000000000,0.000000000
SE-C02-010-A0066,SE-C02-010,DS05,santa_elena,CAMPAIGN_02,130.000000000,132.000000000,2.000000000,0.091955631,0.000000000,0.000000000
SE-C02-010-A0067,SE-C02-010,DS05,santa_elena,CAMPAIGN_02,132.000000000,134.000000000,2.000000000,0.101134398,0.000000000,0.000000000
SE-C02-010-A0068,SE-C02-010,DS05,santa_elena,CAMPAIGN_02,134.000000000,136.000000000,2.000000000,0.091280695,0.000000000,0.000000000
SE-C02-010-A0069,SE-C02-010,DS05,santa_elena,CAMPAIGN_02,136.000000000,138.000000000,2.000000000,0.095368868,0.000000000,0.000000000
SE-C02-010-A0070,SE-C02-010,DS05,santa_elena,CAMPAIGN_02,138.000000000,140.000000000,2.000000000,0.099816546,0.000000000,0.000000000
SE-C02-010-A0071,SE-C02-010,DS05,santa_elena,CAMPAIGN_02,140.000000000,142.000000000,2.000000000,0.102936729,0.000000000,0.000000000
SE-C02-010-A0072,SE-C02-010,DS05,santa_elena,CAMPAIGN_02,142.000000000,144.000000000,2.000000000,0.110797483,0.000000000,0.000000000
SE-C02-010-A0073,SE-C02-010,DS05,santa_elena,CAMPAIGN_02,144.000000000,146.000000000,2.000000000,0.111517385,0.000000000,0.000000000
SE-C02-010-A0074,SE-C02-010,DS05,santa_elena,CAMPAIGN_02,146.000000000,148.000000000,2.000000000,0.137827978,0.000000000,0.000000000
SE-C02-010-A0075,SE-C02-010,DS05,santa_elena,CAMPAIGN_02,148.000000000,150.000000000,2.000000000,0.138075302,0.000000000,0.000000000
SE-C02-010-A0076,SE-C02-010,DS05,santa_elena,CAMPAIGN_02,150.000000000,152.000000000,2.000000000,0.153025819,0.000000000,0.000000000
SE-C02-010-A0077,SE-C02-010,DS05,santa_elena,CAMPAIGN_02,152.000000000,154.000000000,2.000000000,0.138265469,0.000000000,0.000000000
SE-C02-010-A0078,SE-C02-010,DS05,santa_elena,CAMPAIGN_02,154.000000000,156.000000000,2.000000000,0.144282203,0.000000000,0.000000000
SE-C02-010-A0079,SE-C02-010,DS05,santa_elena,CAMPAIGN_02,156.000000000,158.000000000,2.000000000,0.150340632,0.000000000,0.000000000
SE-C02-010-A0080,SE-C02-010,DS05,santa_elena,CAMPAIGN_02,158.000000000,160.000000000,2.000000000,0.147343471,0.000000000,0.000000000
SE-C02-010-A0081,SE-C02-010,DS05,santa_elena,CAMPAIGN_02,160.000000000,162.000000000,2.000000000,0.163952227,0.000000000,0.000000000
SE-C02-010-A0082,SE-C02-010,DS05,santa_elena,CAMPAIGN_02,162.000000000,164.000000000,2.000000000,0.182551850,0.000000000,0.000000000
SE-C02-010-A0083,SE-C02-010,DS05,santa_elena,CAMPAIGN_02,164.000000000,166.000000000,2.000000000,0.162050699,0.000000000,0.000000000
SE-C02-010-A0084,SE-C02-010,DS05,santa_elena,CAMPAIGN_02,166.000000000,168.000000000,2.000000000,0.164349820,0.000000000,0.000000000
SE-C02-010-A0085,SE-C02-010,DS05,santa_elena,CAMPAIGN_02,168.000000000,170.000000000,2.000000000,0.178207268,0.000000000,0.000000000
SE-C02-010-A0086,SE-C02-010,DS05,santa_elena,CAMPAIGN_02,170.000000000,172.000000000,2.000000000,0.184143391,0.000000000,0.000000000
SE-C02-010-A0087,SE-C02-010,DS05,santa_elena,CAMPAIGN_02,172.000000000,174.000000000,2.000000000,0.186413614,0.000000000,0.000000000
SE-C02-010-A0088,SE-C02-010,DS05,santa_elena,CAMPAIGN_02,174.000000000,176.000000000,2.000000000,0.194900059,0.000000000,0.000000000
SE-C02-010-A0089,SE-C02-010,DS05,santa_elena,CAMPAIGN_02,176.000000000,178.000000000,2.000000000,0.197679239,0.000000000,0.000000000
SE-C02-010-A0090,SE-C02-010,DS05,santa_elena,CAMPAIGN_02,178.000000000,180.000000000,2.000000000,0.212391873,0.000000000,0.000000000
SE-C02-010-A0091,SE-C02-010,DS05,santa_elena,CAMPAIGN_02,180.000000000,182.000000000,2.000000000,0.216440583,0.000000000,0.000000000
SE-C02-010-A0092,SE-C02-010,DS05,santa_elena,CAMPAIGN_02,182.000000000,184.000000000,2.000000000,0.203991375,0.000000000,0.000000000
SE-C02-010-A0093,SE-C02-010,DS05,santa_elena,CAMPAIGN_02,184.000000000,186.000000000,2.000000000,0.218983798,0.000000000,0.000000000
SE-C02-010-A0094,SE-C02-010,DS05,santa_elena,CAMPAIGN_02,186.000000000,188.000000000,2.000000000,0.220086848,0.000000000,0.000000000
SE-C02-010-A0095,SE-C02-010,DS05,santa_elena,CAMPAIGN_02,188.000000000,190.000000000,2.000000000,0.232981418,0.000000000,0.000000000
SE-C02-010-A0096,SE-C02-010,DS05,santa_elena,CAMPAIGN_02,190.000000000,192.000000000,2.000000000,0.212123560,0.000000000,0.000000000
SE-C02-010-A0097,SE-C02-010,DS05,santa_elena,CAMPAIGN_02,192.000000000,194.000000000,2.000000000,0.247386992,0.000000000,0.000000000
SE-C02-010-A0098,SE-C02-010,DS05,santa_elena,CAMPAIGN_02,194.000000000,196.000000000,2.000000000,0.235373208,0.000000000,0.000000000
SE-C02-010-A0099,SE-C02-010,DS05,santa_elena,CAMPAIGN_02,196.000000000,198.000000000,2.000000000,0.264412355,0.000000000,0.000000000
SE-C02-010-A0100,SE-C02-010,DS05,santa_elena,CAMPAIGN_02,198.000000000,200.000000000,2.000000000,0.279202024,0.000000000,0.000000000
SE-C02-010-A0101,SE-C02-010,DS05,santa_elena,CAMPAIGN_02,200.000000000,202.000000000,2.000000000,0.252087133,0.000000000,0.000000000
SE-C02-010-A0102,SE-C02-010,DS05,santa_elena,CAMPAIGN_02,202.000000000,204.000000000,2.000000000,0.257059276,0.000000000,0.000000000
SE-C02-010-A0103,SE-C02-010,DS05,santa_elena,CAMPAIGN_02,204.000000000,206.000000000,2.000000000,0.255219885,0.000000000,0.000000000
SE-C02-010-A0104,SE-C02-010,DS05,santa_elena,CAMPAIGN_02,206.000000000,208.000000000,2.000000000,0.269779164,0.000000000,0.000000000
SE-C02-010-A0105,SE-C02-010,DS05,santa_elena,CAMPAIGN_02,208.000000000,210.000000000,2.000000000,0.305966267,0.000000000,0.000000000
SE-C02-010-A0106,SE-C02-010,DS05,santa_elena,CAMPAIGN_02,210.000000000,212.000000000,2.000000000,0.291981906,0.000000000,0.000000000
SE-C02-010-A0107,SE-C02-010,DS05,santa_elena,CAMPAIGN_02,212.000000000,214.000000000,2.000000000,0.306266552,0.000000000,0.000000000
SE-C02-010-A0108,SE-C02-010,DS05,santa_elena,CAMPAIGN_02,214.000000000,216.000000000,2.000000000,0.320127487,0.000000000,0.000000000
SE-C02-010-A0109,SE-C02-010,DS05,santa_elena,CAMPAIGN_02,216.000000000,218.000000000,2.000000000,0.305259203,0.000000000,0.000000000
SE-C02-010-A0110,SE-C02-010,DS05,santa_elena,CAMPAIGN_02,218.000000000,220.000000000,2.000000000,0.311139947,0.000000000,0.000000000
SE-C02-010-A0111,SE-C02-010,DS05,santa_elena,CAMPAIGN_02,220.000000000,222.000000000,2.000000000,0.318725377,0.000000000,0.000000000
SE-C02-010-A0112,SE-C02-010,DS05,santa_elena,CAMPAIGN_02,222.000000000,224.000000000,2.000000000,0.348489535,0.000000000,0.000000000
SE-C02-010-A0113,SE-C02-010,DS05,santa_elena,CAMPAIGN_02,224.000000000,226.000000000,2.000000000,0.307733240,0.000000000,0.000000000
SE-C02-010-A0114,SE-C02-010,DS05,santa_elena,CAMPAIGN_02,226.000000000,228.000000000,2.000000000,0.349100485,0.000000000,0.000000000
SE-C02-010-A0115,SE-C02-010,DS05,santa_elena,CAMPAIGN_02,228.000000000,230.000000000,2.000000000,0.346344756,0.000000000,0.000000000
SE-C02-010-A0116,SE-C02-010,DS05,santa_elena,CAMPAIGN_02,230.000000000,232.000000000,2.000000000,0.370577903,0.000000000,0.000000000
SE-C02-010-A0117,SE-C02-010,DS05,santa_elena,CAMPAIGN_02,232.000000000,234.000000000,2.000000000,0.358804122,0.000000000,0.000000000
SE-C02-010-A0118,SE-C02-010,DS05,santa_elena,CAMPAIGN_02,234.000000000,236.000000000,2.000000000,0.377245248,0.000000000,0.000000000
SE-C02-010-A0119,SE-C02-010,DS05,santa_elena,CAMPAIGN_02,236.000000000,238.000000000,2.000000000,0.377930589,0.000000000,0.000000000
SE-C02-010-A0120,SE-C02-010,DS05,santa_elena,CAMPAIGN_02,238.000000000,240.000000000,2.000000000,0.374246226,0.000000000,0.000000000
SE-C02-010-A0121,SE-C02-010,DS05,santa_elena,CAMPAIGN_02,240.000000000,242.000000000,2.000000000,0.391937421,0.000000000,0.000000000
SE-C02-010-A0122,SE-C02-010,DS05,santa_elena,CAMPAIGN_02,242.000000000,244.000000000,2.000000000,0.353665761,0.000000000,0.000000000
SE-C02-010-A0123,SE-C02-010,DS05,santa_elena,CAMPAIGN_02,244.000000000,246.000000000,2.000000000,0.373690606,0.000000000,0.000000000
SE-C02-010-A0124,SE-C02-010,DS05,santa_elena,CAMPAIGN_02,246.000000000,248.000000000,2.000000000,0.411218588,0.000000000,0.000000000
SE-C02-010-A0125,SE-C02-010,DS05,santa_elena,CAMPAIGN_02,248.000000000,250.000000000,2.000000000,0.403711720,0.000000000,0.000000000
SE-C02-010-A0126,SE-C02-010,DS05,santa_elena,CAMPAIGN_02,250.000000000,252.000000000,2.000000000,0.397217142,0.000000000,0.000000000
SE-C02-010-A0127,SE-C02-010,DS05,santa_elena,CAMPAIGN_02,252.000000000,254.000000000,2.000000000,0.400215318,0.000000000,0.000000000
SE-C02-010-A0128,SE-C02-010,DS05,santa_elena,CAMPAIGN_02,254.000000000,256.000000000,2.000000000,0.419489625,0.000000000,0.000000000
SE-C02-010-A0129,SE-C02-010,DS05,santa_elena,CAMPAIGN_02,256.000000000,258.000000000,2.000000000,0.424637898,0.000000000,0.000000000
SE-C02-010-A0130,SE-C02-010,DS05,santa_elena,CAMPAIGN_02,258.000000000,260.000000000,2.000000000,0.461203551,0.000000000,0.000000000
SE-C02-010-A0131,SE-C02-010,DS05,santa_elena,CAMPAIGN_02,260.000000000,262.000000000,2.000000000,0.430811938,0.000000000,0.000000000
SE-C02-010-A0132,SE-C02-010,DS05,santa_elena,CAMPAIGN_02,262.000000000,264.000000000,2.000000000,0.481623675,0.000000000,0.000000000
SE-C02-010-A0133,SE-C02-010,DS05,santa_elena,CAMPAIGN_02,264.000000000,266.000000000,2.000000000,0.436810244,0.000000000,0.000000000
SE-C02-010-A0134,SE-C02-010,DS05,santa_elena,CAMPAIGN_02,266.000000000,268.000000000,2.000000000,0.466866585,0.000000000,0.000000000
SE-C02-010-A0135,SE-C02-010,DS05,santa_elena,CAMPAIGN_02,268.000000000,270.000000000,2.000000000,0.442995205,0.000000000,0.000000000
SE-C02-010-A0136,SE-C02-010,DS05,santa_elena,CAMPAIGN_02,270.000000000,272.000000000,2.000000000,0.449608607,0.000000000,0.000000000
SE-C02-010-A0137,SE-C02-010,DS05,santa_elena,CAMPAIGN_02,272.000000000,274.000000000,2.000000000,0.443171753,0.000000000,0.000000000
SE-C02-010-A0138,SE-C02-010,DS05,santa_elena,CAMPAIGN_02,274.000000000,276.000000000,2.000000000,0.461098967,0.000000000,0.000000000
SE-C02-010-A0139,SE-C02-010,DS05,santa_elena,CAMPAIGN_02,276.000000000,278.000000000,2.000000000,0.467577333,0.000000000,0.000000000
SE-C02-010-A0140,SE-C02-010,DS05,santa_elena,CAMPAIGN_02,278.000000000,280.000000000,2.000000000,0.478313587,0.000000000,0.000000000
SE-C02-010-A0141,SE-C02-010,DS05,santa_elena,CAMPAIGN_02,280.000000000,282.000000000,2.000000000,0.501199440,0.000000000,0.000000000
SE-C02-010-A0142,SE-C02-010,DS05,santa_elena,CAMPAIGN_02,282.000000000,284.000000000,2.000000000,0.445517923,0.000000000,0.000000000
SE-C02-010-A0143,SE-C02-010,DS05,santa_elena,CAMPAIGN_02,284.000000000,286.000000000,2.000000000,0.503450426,0.000000000,0.000000000
SE-C02-010-A0144,SE-C02-010,DS05,santa_elena,CAMPAIGN_02,286.000000000,288.000000000,2.000000000,0.506013350,0.000000000,0.000000000
SE-C02-010-A0145,SE-C02-010,DS05,santa_elena,CAMPAIGN_02,288.000000000,290.000000000,2.000000000,0.501984273,0.000000000,0.000000000
SE-C02-010-A0146,SE-C02-010,DS05,santa_elena,CAMPAIGN_02,290.000000000,292.000000000,2.000000000,0.505618024,0.000000000,0.000000000
SE-C02-010-A0147,SE-C02-010,DS05,santa_elena,CAMPAIGN_02,292.000000000,294.000000000,2.000000000,0.483391976,0.000000000,0.000000000
SE-C02-010-A0148,SE-C02-010,DS05,santa_elena,CAMPAIGN_02,294.000000000,296.000000000,2.000000000,0.504003587,0.000000000,0.000000000
SE-C02-010-A0149,SE-C02-010,DS05,santa_elena,CAMPAIGN_02,296.000000000,298.000000000,2.000000000,0.506301969,0.000000000,0.000000000
SE-C02-010-A0150,SE-C02-010,DS05,santa_elena,CAMPAIGN_02,298.000000000,300.000000000,2.000000000,0.518608384,0.000000000,0.000000000
SE-C02-010-A0151,SE-C02-010,DS05,santa_elena,CAMPAIGN_02,300.000000000,302.000000000,2.000000000,0.530697552,0.000000000,0.000000000
SE-C02-010-A0152,SE-C02-010,DS05,santa_elena,CAMPAIGN_02,302.000000000,304.000000000,2.000000000,0.521010481,0.000000000,0.000000000
SE-C02-010-A0153,SE-C02-010,DS05,santa_elena,CAMPAIGN_02,304.000000000,306.000000000,2.000000000,0.527009808,0.000000000,0.000000000
SE-C02-010-A0154,SE-C02-010,DS05,santa_elena,CAMPAIGN_02,306.000000000,308.000000000,2.000000000,0.539471925,0.000000000,0.000000000
SE-C02-010-A0155,SE-C02-010,DS05,santa_elena,CAMPAIGN_02,308.000000000,310.000000000,2.000000000,0.564496060,0.000000000,0.000000000
SE-C02-010-A0156,SE-C02-010,DS05,santa_elena,CAMPAIGN_02,310.000000000,312.000000000,2.000000000,0.529489962,0.000000000,0.000000000
SE-C02-010-A0157,SE-C02-010,DS05,santa_elena,CAMPAIGN_02,312.000000000,314.000000000,2.000000000,0.523668933,0.000000000,0.000000000
SE-C02-010-A0158,SE-C02-010,DS05,santa_elena,CAMPAIGN_02,314.000000000,316.000000000,2.000000000,0.556212594,0.000000000,0.000000000
SE-C02-010-A0159,SE-C02-010,DS05,santa_elena,CAMPAIGN_02,316.000000000,318.000000000,2.000000000,0.547163406,0.000000000,0.000000000
SE-C02-010-A0160,SE-C02-010,DS05,santa_elena,CAMPAIGN_02,318.000000000,320.000000000,2.000000000,0.544681816,0.000000000,0.000000000
SE-C02-010-A0161,SE-C02-010,DS05,santa_elena,CAMPAIGN_02,320.000000000,322.000000000,2.000000000,0.523347077,0.000000000,0.000000000
SE-C02-010-A0162,SE-C02-010,DS05,santa_elena,CAMPAIGN_02,322.000000000,324.000000000,2.000000000,0.572757128,0.000000000,0.000000000
SE-C02-010-A0163,SE-C02-010,DS05,santa_elena,CAMPAIGN_02,324.000000000,326.000000000,2.000000000,0.556020036,0.000000000,0.000000000
SE-C02-010-A0164,SE-C02-010,DS05,santa_elena,CAMPAIGN_02,326.000000000,328.000000000,2.000000000,0.582247764,0.000000000,0.000000000
SE-C02-010-A0165,SE-C02-010,DS05,santa_elena,CAMPAIGN_02,328.000000000,330.000000000,2.000000000,0.571596704,0.000000000,0.000000000
SE-C02-010-A0166,SE-C02-010,DS05,santa_elena,CAMPAIGN_02,330.000000000,332.000000000,2.000000000,0.530835709,0.000000000,0.000000000
SE-C02-010-A0167,SE-C02-010,DS05,santa_elena,CAMPAIGN_02,332.000000000,334.000000000,2.000000000,0.564933127,0.000000000,0.000000000
SE-C02-010-A0168,SE-C02-010,DS05,santa_elena,CAMPAIGN_02,334.000000000,336.000000000,2.000000000,0.552351209,0.000000000,0.000000000
SE-C02-010-A0169,SE-C02-010,DS05,santa_elena,CAMPAIGN_02,336.000000000,338.000000000,2.000000000,0.560826688,0.000000000,0.000000000
SE-C02-010-A0170,SE-C02-010,DS05,santa_elena,CAMPAIGN_02,338.000000000,340.000000000,2.000000000,0.550464377,0.000000000,0.000000000
SE-C02-010-A0171,SE-C02-010,DS05,santa_elena,CAMPAIGN_02,340.000000000,342.000000000,2.000000000,0.607595145,0.000000000,0.000000000
SE-C02-010-A0172,SE-C02-010,DS05,santa_elena,CAMPAIGN_02,342.000000000,344.000000000,2.000000000,0.569376012,0.000000000,0.000000000
SE-C02-010-A0173,SE-C02-010,DS05,santa_elena,CAMPAIGN_02,344.000000000,346.000000000,2.000000000,0.540013743,0.000000000,0.000000000
SE-C02-010-A0174,SE-C02-010,DS05,santa_elena,CAMPAIGN_02,346.000000000,348.000000000,2.000000000,0.553180970,0.000000000,0.000000000
SE-C02-010-A0175,SE-C02-010,DS05,santa_elena,CAMPAIGN_02,348.000000000,350.000000000,2.000000000,0.534935361,0.000000000,0.000000000
SE-C02-010-A0176,SE-C02-010,DS05,santa_elena,CAMPAIGN_02,350.000000000,352.000000000,2.000000000,0.506347154,0.000000000,0.000000000
SE-C02-010-A0177,SE-C02-010,DS05,santa_elena,CAMPAIGN_02,352.000000000,354.000000000,2.000000000,0.535426905,0.000000000,0.000000000
SE-C02-010-A0178,SE-C02-010,DS05,santa_elena,CAMPAIGN_02,354.000000000,356.000000000,2.000000000,0.544151366,0.000000000,0.000000000
SE-C02-010-A0179,SE-C02-010,DS05,santa_elena,CAMPAIGN_02,356.000000000,358.000000000,2.000000000,0.538571566,0.000000000,0.000000000
SE-C02-010-A0180,SE-C02-010,DS05,santa_elena,CAMPAIGN_02,358.000000000,358.253548236,0.253548236,0.521183524,0.000000000,0.000000000
SE-C02-011-A0001,SE-C02-011,DS05,santa_elena,CAMPAIGN_02,0.000000000,2.000000000,2.000000000,0.131965601,0.000000000,0.000000000
SE-C02-011-A0002,SE-C02-011,DS05,santa_elena,CAMPAIGN_02,2.000000000,4.000000000,2.000000000,0.146866571,0.000000000,0.000000000
SE-C02-011-A0003,SE-C02-011,DS05,santa_elena,CAMPAIGN_02,4.000000000,6.000000000,2.000000000,0.143821138,0.000000000,0.000000000
SE-C02-011-A0004,SE-C02-011,DS05,santa_elena,CAMPAIGN_02,6.000000000,8.000000000,2.000000000,0.164633506,0.000000000,0.000000000
SE-C02-011-A0005,SE-C02-011,DS05,santa_elena,CAMPAIGN_02,8.000000000,10.000000000,2.000000000,0.144428538,0.000000000,0.000000000
SE-C02-011-A0006,SE-C02-011,DS05,santa_elena,CAMPAIGN_02,10.000000000,12.000000000,2.000000000,0.156667703,0.000000000,0.000000000
SE-C02-011-A0007,SE-C02-011,DS05,santa_elena,CAMPAIGN_02,12.000000000,14.000000000,2.000000000,0.154893823,0.000000000,0.000000000
SE-C02-011-A0008,SE-C02-011,DS05,santa_elena,CAMPAIGN_02,14.000000000,16.000000000,2.000000000,0.173596124,0.000000000,0.000000000
SE-C02-011-A0009,SE-C02-011,DS05,santa_elena,CAMPAIGN_02,16.000000000,18.000000000,2.000000000,0.190099133,0.000000000,0.000000000
SE-C02-011-A0010,SE-C02-011,DS05,santa_elena,CAMPAIGN_02,18.000000000,20.000000000,2.000000000,0.182225101,0.000000000,0.000000000
SE-C02-011-A0011,SE-C02-011,DS05,santa_elena,CAMPAIGN_02,20.000000000,22.000000000,2.000000000,0.173476250,0.000000000,0.000000000
SE-C02-011-A0012,SE-C02-011,DS05,santa_elena,CAMPAIGN_02,22.000000000,24.000000000,2.000000000,0.179515332,0.000000000,0.000000000
SE-C02-011-A0013,SE-C02-011,DS05,santa_elena,CAMPAIGN_02,24.000000000,26.000000000,2.000000000,0.195145761,0.000000000,0.000000000
SE-C02-011-A0014,SE-C02-011,DS05,santa_elena,CAMPAIGN_02,26.000000000,28.000000000,2.000000000,0.192007019,0.000000000,0.000000000
SE-C02-011-A0015,SE-C02-011,DS05,santa_elena,CAMPAIGN_02,28.000000000,30.000000000,2.000000000,0.196159118,0.000000000,0.000000000
SE-C02-011-A0016,SE-C02-011,DS05,santa_elena,CAMPAIGN_02,30.000000000,32.000000000,2.000000000,0.208600754,0.000000000,0.000000000
SE-C02-011-A0017,SE-C02-011,DS05,santa_elena,CAMPAIGN_02,32.000000000,34.000000000,2.000000000,0.200962554,0.000000000,0.000000000
SE-C02-011-A0018,SE-C02-011,DS05,santa_elena,CAMPAIGN_02,34.000000000,36.000000000,2.000000000,0.226475692,0.000000000,0.000000000
SE-C02-011-A0019,SE-C02-011,DS05,santa_elena,CAMPAIGN_02,36.000000000,38.000000000,2.000000000,0.222401274,0.000000000,0.000000000
SE-C02-011-A0020,SE-C02-011,DS05,santa_elena,CAMPAIGN_02,38.000000000,40.000000000,2.000000000,0.226114258,0.000000000,0.000000000
SE-C02-011-A0021,SE-C02-011,DS05,santa_elena,CAMPAIGN_02,40.000000000,42.000000000,2.000000000,0.223279956,0.000000000,0.000000000
SE-C02-011-A0022,SE-C02-011,DS05,santa_elena,CAMPAIGN_02,42.000000000,44.000000000,2.000000000,0.252243741,0.000000000,0.000000000
SE-C02-011-A0023,SE-C02-011,DS05,santa_elena,CAMPAIGN_02,44.000000000,46.000000000,2.000000000,0.238551293,0.000000000,0.000000000
SE-C02-011-A0024,SE-C02-011,DS05,santa_elena,CAMPAIGN_02,46.000000000,48.000000000,2.000000000,0.254193787,0.000000000,0.000000000
SE-C02-011-A0025,SE-C02-011,DS05,santa_elena,CAMPAIGN_02,48.000000000,50.000000000,2.000000000,0.243942728,0.000000000,0.000000000
SE-C02-011-A0026,SE-C02-011,DS05,santa_elena,CAMPAIGN_02,50.000000000,52.000000000,2.000000000,0.239996656,0.000000000,0.000000000
SE-C02-011-A0027,SE-C02-011,DS05,santa_elena,CAMPAIGN_02,52.000000000,54.000000000,2.000000000,0.263669414,0.000000000,0.000000000
SE-C02-011-A0028,SE-C02-011,DS05,santa_elena,CAMPAIGN_02,54.000000000,56.000000000,2.000000000,0.283116703,0.000000000,0.000000000
SE-C02-011-A0029,SE-C02-011,DS05,santa_elena,CAMPAIGN_02,56.000000000,58.000000000,2.000000000,0.267743401,0.000000000,0.000000000
SE-C02-011-A0030,SE-C02-011,DS05,santa_elena,CAMPAIGN_02,58.000000000,60.000000000,2.000000000,0.286410876,0.000000000,0.000000000
SE-C02-011-A0031,SE-C02-011,DS05,santa_elena,CAMPAIGN_02,60.000000000,62.000000000,2.000000000,0.297086023,0.000000000,0.000000000
SE-C02-011-A0032,SE-C02-011,DS05,santa_elena,CAMPAIGN_02,62.000000000,64.000000000,2.000000000,0.283913425,0.000000000,0.000000000
SE-C02-011-A0033,SE-C02-011,DS05,santa_elena,CAMPAIGN_02,64.000000000,66.000000000,2.000000000,0.273017086,0.000000000,0.000000000
SE-C02-011-A0034,SE-C02-011,DS05,santa_elena,CAMPAIGN_02,66.000000000,68.000000000,2.000000000,0.306122250,0.000000000,0.000000000
SE-C02-011-A0035,SE-C02-011,DS05,santa_elena,CAMPAIGN_02,68.000000000,70.000000000,2.000000000,0.306133405,0.000000000,0.000000000
SE-C02-011-A0036,SE-C02-011,DS05,santa_elena,CAMPAIGN_02,70.000000000,72.000000000,2.000000000,0.316326654,0.000000000,0.000000000
SE-C02-011-A0037,SE-C02-011,DS05,santa_elena,CAMPAIGN_02,72.000000000,74.000000000,2.000000000,0.333056048,0.000000000,0.000000000
SE-C02-011-A0038,SE-C02-011,DS05,santa_elena,CAMPAIGN_02,74.000000000,76.000000000,2.000000000,0.318784264,0.000000000,0.000000000
SE-C02-011-A0039,SE-C02-011,DS05,santa_elena,CAMPAIGN_02,76.000000000,78.000000000,2.000000000,0.333955783,0.000000000,0.000000000
SE-C02-011-A0040,SE-C02-011,DS05,santa_elena,CAMPAIGN_02,78.000000000,80.000000000,2.000000000,0.314039080,0.000000000,0.000000000
SE-C02-011-A0041,SE-C02-011,DS05,santa_elena,CAMPAIGN_02,80.000000000,82.000000000,2.000000000,0.322377932,0.000000000,0.000000000
SE-C02-011-A0042,SE-C02-011,DS05,santa_elena,CAMPAIGN_02,82.000000000,84.000000000,2.000000000,0.351765846,0.000000000,0.000000000
SE-C02-011-A0043,SE-C02-011,DS05,santa_elena,CAMPAIGN_02,84.000000000,86.000000000,2.000000000,0.327033643,0.000000000,0.000000000
SE-C02-011-A0044,SE-C02-011,DS05,santa_elena,CAMPAIGN_02,86.000000000,88.000000000,2.000000000,0.343181951,0.000000000,0.000000000
SE-C02-011-A0045,SE-C02-011,DS05,santa_elena,CAMPAIGN_02,88.000000000,90.000000000,2.000000000,0.362314759,0.000000000,0.000000000
SE-C02-011-A0046,SE-C02-011,DS05,santa_elena,CAMPAIGN_02,90.000000000,92.000000000,2.000000000,0.342987578,0.000000000,0.000000000
SE-C02-011-A0047,SE-C02-011,DS05,santa_elena,CAMPAIGN_02,92.000000000,94.000000000,2.000000000,0.388652235,0.000000000,0.000000000
SE-C02-011-A0048,SE-C02-011,DS05,santa_elena,CAMPAIGN_02,94.000000000,96.000000000,2.000000000,0.383097801,0.000000000,0.000000000
SE-C02-011-A0049,SE-C02-011,DS05,santa_elena,CAMPAIGN_02,96.000000000,98.000000000,2.000000000,0.347872966,0.000000000,0.000000000
SE-C02-011-A0050,SE-C02-011,DS05,santa_elena,CAMPAIGN_02,98.000000000,100.000000000,2.000000000,0.406546906,0.000000000,0.000000000
SE-C02-011-A0051,SE-C02-011,DS05,santa_elena,CAMPAIGN_02,100.000000000,102.000000000,2.000000000,0.393765193,0.000000000,0.000000000
SE-C02-011-A0052,SE-C02-011,DS05,santa_elena,CAMPAIGN_02,102.000000000,104.000000000,2.000000000,0.383134600,0.000000000,0.000000000
SE-C02-011-A0053,SE-C02-011,DS05,santa_elena,CAMPAIGN_02,104.000000000,106.000000000,2.000000000,0.379934467,0.000000000,0.000000000
SE-C02-011-A0054,SE-C02-011,DS05,santa_elena,CAMPAIGN_02,106.000000000,108.000000000,2.000000000,0.379824036,0.000000000,0.000000000
SE-C02-011-A0055,SE-C02-011,DS05,santa_elena,CAMPAIGN_02,108.000000000,110.000000000,2.000000000,0.437844221,0.000000000,0.000000000
SE-C02-011-A0056,SE-C02-011,DS05,santa_elena,CAMPAIGN_02,110.000000000,112.000000000,2.000000000,0.390139620,0.000000000,0.000000000
SE-C02-011-A0057,SE-C02-011,DS05,santa_elena,CAMPAIGN_02,112.000000000,114.000000000,2.000000000,0.403247548,0.000000000,0.000000000
SE-C02-011-A0058,SE-C02-011,DS05,santa_elena,CAMPAIGN_02,114.000000000,116.000000000,2.000000000,0.423489103,0.000000000,0.000000000
SE-C02-011-A0059,SE-C02-011,DS05,santa_elena,CAMPAIGN_02,116.000000000,118.000000000,2.000000000,0.398010675,0.000000000,0.000000000
SE-C02-011-A0060,SE-C02-011,DS05,santa_elena,CAMPAIGN_02,118.000000000,120.000000000,2.000000000,0.425593016,0.000000000,0.000000000
SE-C02-011-A0061,SE-C02-011,DS05,santa_elena,CAMPAIGN_02,120.000000000,122.000000000,2.000000000,0.443055443,0.000000000,0.000000000
SE-C02-011-A0062,SE-C02-011,DS05,santa_elena,CAMPAIGN_02,122.000000000,124.000000000,2.000000000,0.437543636,0.000000000,0.000000000
SE-C02-011-A0063,SE-C02-011,DS05,santa_elena,CAMPAIGN_02,124.000000000,126.000000000,2.000000000,0.457883137,0.000000000,0.000000000
SE-C02-011-A0064,SE-C02-011,DS05,santa_elena,CAMPAIGN_02,126.000000000,128.000000000,2.000000000,0.443869109,0.000000000,0.000000000
SE-C02-011-A0065,SE-C02-011,DS05,santa_elena,CAMPAIGN_02,128.000000000,130.000000000,2.000000000,0.458867786,0.000000000,0.000000000
SE-C02-011-A0066,SE-C02-011,DS05,santa_elena,CAMPAIGN_02,130.000000000,132.000000000,2.000000000,0.477712899,0.000000000,0.000000000
SE-C02-011-A0067,SE-C02-011,DS05,santa_elena,CAMPAIGN_02,132.000000000,134.000000000,2.000000000,0.458001034,0.000000000,0.000000000
SE-C02-011-A0068,SE-C02-011,DS05,santa_elena,CAMPAIGN_02,134.000000000,136.000000000,2.000000000,0.446442689,0.000000000,0.000000000
SE-C02-011-A0069,SE-C02-011,DS05,santa_elena,CAMPAIGN_02,136.000000000,138.000000000,2.000000000,0.456808057,0.000000000,0.000000000
SE-C02-011-A0070,SE-C02-011,DS05,santa_elena,CAMPAIGN_02,138.000000000,140.000000000,2.000000000,0.452631578,0.000000000,0.000000000
SE-C02-011-A0071,SE-C02-011,DS05,santa_elena,CAMPAIGN_02,140.000000000,142.000000000,2.000000000,0.464947402,0.000000000,0.000000000
SE-C02-011-A0072,SE-C02-011,DS05,santa_elena,CAMPAIGN_02,142.000000000,144.000000000,2.000000000,0.463172717,0.000000000,0.000000000
SE-C02-011-A0073,SE-C02-011,DS05,santa_elena,CAMPAIGN_02,144.000000000,146.000000000,2.000000000,0.485652558,0.000000000,0.000000000
SE-C02-011-A0074,SE-C02-011,DS05,santa_elena,CAMPAIGN_02,146.000000000,148.000000000,2.000000000,0.456845693,0.000000000,0.000000000
SE-C02-011-A0075,SE-C02-011,DS05,santa_elena,CAMPAIGN_02,148.000000000,150.000000000,2.000000000,0.471616945,0.000000000,0.000000000
SE-C02-011-A0076,SE-C02-011,DS05,santa_elena,CAMPAIGN_02,150.000000000,152.000000000,2.000000000,0.496632870,0.000000000,0.000000000
SE-C02-011-A0077,SE-C02-011,DS05,santa_elena,CAMPAIGN_02,152.000000000,154.000000000,2.000000000,0.463197035,0.000000000,0.000000000
SE-C02-011-A0078,SE-C02-011,DS05,santa_elena,CAMPAIGN_02,154.000000000,156.000000000,2.000000000,0.484022072,0.000000000,0.000000000
SE-C02-011-A0079,SE-C02-011,DS05,santa_elena,CAMPAIGN_02,156.000000000,158.000000000,2.000000000,0.497425824,0.000000000,0.000000000
SE-C02-011-A0080,SE-C02-011,DS05,santa_elena,CAMPAIGN_02,158.000000000,160.000000000,2.000000000,0.508223029,0.000000000,0.000000000
SE-C02-011-A0081,SE-C02-011,DS05,santa_elena,CAMPAIGN_02,160.000000000,162.000000000,2.000000000,0.506988998,0.000000000,0.000000000
SE-C02-011-A0082,SE-C02-011,DS05,santa_elena,CAMPAIGN_02,162.000000000,164.000000000,2.000000000,0.543857386,0.000000000,0.000000000
SE-C02-011-A0083,SE-C02-011,DS05,santa_elena,CAMPAIGN_02,164.000000000,166.000000000,2.000000000,0.555605539,0.000000000,0.000000000
SE-C02-011-A0084,SE-C02-011,DS05,santa_elena,CAMPAIGN_02,166.000000000,168.000000000,2.000000000,0.486795803,0.000000000,0.000000000
SE-C02-011-A0085,SE-C02-011,DS05,santa_elena,CAMPAIGN_02,168.000000000,170.000000000,2.000000000,0.487828471,0.000000000,0.000000000
SE-C02-011-A0086,SE-C02-011,DS05,santa_elena,CAMPAIGN_02,170.000000000,172.000000000,2.000000000,0.520594767,0.000000000,0.000000000
SE-C02-011-A0087,SE-C02-011,DS05,santa_elena,CAMPAIGN_02,172.000000000,174.000000000,2.000000000,0.528568381,0.000000000,0.000000000
SE-C02-011-A0088,SE-C02-011,DS05,santa_elena,CAMPAIGN_02,174.000000000,176.000000000,2.000000000,0.519878095,0.000000000,0.000000000
SE-C02-011-A0089,SE-C02-011,DS05,santa_elena,CAMPAIGN_02,176.000000000,178.000000000,2.000000000,0.531117812,0.000000000,0.000000000
SE-C02-011-A0090,SE-C02-011,DS05,santa_elena,CAMPAIGN_02,178.000000000,180.000000000,2.000000000,0.519155991,0.000000000,0.000000000
SE-C02-011-A0091,SE-C02-011,DS05,santa_elena,CAMPAIGN_02,180.000000000,182.000000000,2.000000000,0.520228905,0.000000000,0.000000000
SE-C02-011-A0092,SE-C02-011,DS05,santa_elena,CAMPAIGN_02,182.000000000,184.000000000,2.000000000,0.562467544,0.000000000,0.000000000
SE-C02-011-A0093,SE-C02-011,DS05,santa_elena,CAMPAIGN_02,184.000000000,186.000000000,2.000000000,0.523913007,0.000000000,0.000000000
SE-C02-011-A0094,SE-C02-011,DS05,santa_elena,CAMPAIGN_02,186.000000000,188.000000000,2.000000000,0.532191643,0.000000000,0.000000000
SE-C02-011-A0095,SE-C02-011,DS05,santa_elena,CAMPAIGN_02,188.000000000,190.000000000,2.000000000,0.519631017,0.000000000,0.000000000
SE-C02-011-A0096,SE-C02-011,DS05,santa_elena,CAMPAIGN_02,190.000000000,192.000000000,2.000000000,0.523288968,0.000000000,0.000000000
SE-C02-011-A0097,SE-C02-011,DS05,santa_elena,CAMPAIGN_02,192.000000000,194.000000000,2.000000000,0.531572915,0.000000000,0.000000000
SE-C02-011-A0098,SE-C02-011,DS05,santa_elena,CAMPAIGN_02,194.000000000,196.000000000,2.000000000,0.504502646,0.000000000,0.000000000
SE-C02-011-A0099,SE-C02-011,DS05,santa_elena,CAMPAIGN_02,196.000000000,198.000000000,2.000000000,0.507361473,0.000000000,0.000000000
SE-C02-011-A0100,SE-C02-011,DS05,santa_elena,CAMPAIGN_02,198.000000000,200.000000000,2.000000000,0.507850775,0.000000000,0.000000000
SE-C02-011-A0101,SE-C02-011,DS05,santa_elena,CAMPAIGN_02,200.000000000,202.000000000,2.000000000,0.506958667,0.000000000,0.000000000
SE-C02-011-A0102,SE-C02-011,DS05,santa_elena,CAMPAIGN_02,202.000000000,204.000000000,2.000000000,0.534821608,0.000000000,0.000000000
SE-C02-011-A0103,SE-C02-011,DS05,santa_elena,CAMPAIGN_02,204.000000000,206.000000000,2.000000000,0.515300309,0.000000000,0.000000000
SE-C02-011-A0104,SE-C02-011,DS05,santa_elena,CAMPAIGN_02,206.000000000,208.000000000,2.000000000,0.512224839,0.000000000,0.000000000
SE-C02-011-A0105,SE-C02-011,DS05,santa_elena,CAMPAIGN_02,208.000000000,210.000000000,2.000000000,0.521840854,0.000000000,0.000000000
SE-C02-012-A0001,SE-C02-012,DS05,santa_elena,CAMPAIGN_02,0.000000000,2.000000000,2.000000000,0.238360369,0.000000000,0.000000000
SE-C02-012-A0002,SE-C02-012,DS05,santa_elena,CAMPAIGN_02,2.000000000,4.000000000,2.000000000,0.233385010,0.000000000,0.000000000
SE-C02-012-A0003,SE-C02-012,DS05,santa_elena,CAMPAIGN_02,4.000000000,6.000000000,2.000000000,0.250328708,0.000000000,0.000000000
SE-C02-012-A0004,SE-C02-012,DS05,santa_elena,CAMPAIGN_02,6.000000000,8.000000000,2.000000000,0.258934854,0.000000000,0.000000000
SE-C02-012-A0005,SE-C02-012,DS05,santa_elena,CAMPAIGN_02,8.000000000,10.000000000,2.000000000,0.245885616,0.000000000,0.000000000
SE-C02-012-A0006,SE-C02-012,DS05,santa_elena,CAMPAIGN_02,10.000000000,12.000000000,2.000000000,0.269548584,0.000000000,0.000000000
SE-C02-012-A0007,SE-C02-012,DS05,santa_elena,CAMPAIGN_02,12.000000000,14.000000000,2.000000000,0.281363540,0.000000000,0.000000000
SE-C02-012-A0008,SE-C02-012,DS05,santa_elena,CAMPAIGN_02,14.000000000,16.000000000,2.000000000,0.281940633,0.000000000,0.000000000
SE-C02-012-A0009,SE-C02-012,DS05,santa_elena,CAMPAIGN_02,16.000000000,18.000000000,2.000000000,0.282340021,0.000000000,0.000000000
SE-C02-012-A0010,SE-C02-012,DS05,santa_elena,CAMPAIGN_02,18.000000000,20.000000000,2.000000000,0.292249388,0.000000000,0.000000000
SE-C02-012-A0011,SE-C02-012,DS05,santa_elena,CAMPAIGN_02,20.000000000,22.000000000,2.000000000,0.307871588,0.000000000,0.000000000
SE-C02-012-A0012,SE-C02-012,DS05,santa_elena,CAMPAIGN_02,22.000000000,24.000000000,2.000000000,0.293295591,0.000000000,0.000000000
SE-C02-012-A0013,SE-C02-012,DS05,santa_elena,CAMPAIGN_02,24.000000000,26.000000000,2.000000000,0.317209003,0.000000000,0.000000000
SE-C02-012-A0014,SE-C02-012,DS05,santa_elena,CAMPAIGN_02,26.000000000,28.000000000,2.000000000,0.313276580,0.000000000,0.000000000
SE-C02-012-A0015,SE-C02-012,DS05,santa_elena,CAMPAIGN_02,28.000000000,30.000000000,2.000000000,0.331854290,0.000000000,0.000000000
SE-C02-012-A0016,SE-C02-012,DS05,santa_elena,CAMPAIGN_02,30.000000000,32.000000000,2.000000000,0.359691187,0.000000000,0.000000000
SE-C02-012-A0017,SE-C02-012,DS05,santa_elena,CAMPAIGN_02,32.000000000,34.000000000,2.000000000,0.350155343,0.000000000,0.000000000
SE-C02-012-A0018,SE-C02-012,DS05,santa_elena,CAMPAIGN_02,34.000000000,36.000000000,2.000000000,0.352266810,0.000000000,0.000000000
SE-C02-012-A0019,SE-C02-012,DS05,santa_elena,CAMPAIGN_02,36.000000000,38.000000000,2.000000000,0.375308484,0.000000000,0.000000000
SE-C02-012-A0020,SE-C02-012,DS05,santa_elena,CAMPAIGN_02,38.000000000,40.000000000,2.000000000,0.378351763,0.000000000,0.000000000
SE-C02-012-A0021,SE-C02-012,DS05,santa_elena,CAMPAIGN_02,40.000000000,42.000000000,2.000000000,0.382764840,0.000000000,0.000000000
SE-C02-012-A0022,SE-C02-012,DS05,santa_elena,CAMPAIGN_02,42.000000000,44.000000000,2.000000000,0.398326249,0.000000000,0.000000000
SE-C02-012-A0023,SE-C02-012,DS05,santa_elena,CAMPAIGN_02,44.000000000,46.000000000,2.000000000,0.409890838,0.000000000,0.000000000
SE-C02-012-A0024,SE-C02-012,DS05,santa_elena,CAMPAIGN_02,46.000000000,48.000000000,2.000000000,0.385801161,0.000000000,0.000000000
SE-C02-012-A0025,SE-C02-012,DS05,santa_elena,CAMPAIGN_02,48.000000000,50.000000000,2.000000000,0.389650570,0.000000000,0.000000000
SE-C02-012-A0026,SE-C02-012,DS05,santa_elena,CAMPAIGN_02,50.000000000,52.000000000,2.000000000,0.419690517,0.000000000,0.000000000
SE-C02-012-A0027,SE-C02-012,DS05,santa_elena,CAMPAIGN_02,52.000000000,54.000000000,2.000000000,0.406352997,0.000000000,0.000000000
SE-C02-012-A0028,SE-C02-012,DS05,santa_elena,CAMPAIGN_02,54.000000000,56.000000000,2.000000000,0.463653727,0.000000000,0.000000000
SE-C02-012-A0029,SE-C02-012,DS05,santa_elena,CAMPAIGN_02,56.000000000,58.000000000,2.000000000,0.452179546,0.000000000,0.000000000
SE-C02-012-A0030,SE-C02-012,DS05,santa_elena,CAMPAIGN_02,58.000000000,60.000000000,2.000000000,0.455849502,0.000000000,0.000000000
SE-C02-012-A0031,SE-C02-012,DS05,santa_elena,CAMPAIGN_02,60.000000000,62.000000000,2.000000000,0.469272041,0.000000000,0.000000000
SE-C02-012-A0032,SE-C02-012,DS05,santa_elena,CAMPAIGN_02,62.000000000,64.000000000,2.000000000,0.460932849,0.000000000,0.000000000
SE-C02-012-A0033,SE-C02-012,DS05,santa_elena,CAMPAIGN_02,64.000000000,66.000000000,2.000000000,0.502944363,0.000000000,0.000000000
SE-C02-012-A0034,SE-C02-012,DS05,santa_elena,CAMPAIGN_02,66.000000000,68.000000000,2.000000000,0.476683734,0.000000000,0.000000000
SE-C02-012-A0035,SE-C02-012,DS05,santa_elena,CAMPAIGN_02,68.000000000,70.000000000,2.000000000,0.533520630,0.000000000,0.000000000
SE-C02-012-A0036,SE-C02-012,DS05,santa_elena,CAMPAIGN_02,70.000000000,72.000000000,2.000000000,0.516510773,0.000000000,0.000000000
SE-C02-012-A0037,SE-C02-012,DS05,santa_elena,CAMPAIGN_02,72.000000000,74.000000000,2.000000000,0.512502353,0.000000000,0.000000000
SE-C02-012-A0038,SE-C02-012,DS05,santa_elena,CAMPAIGN_02,74.000000000,76.000000000,2.000000000,0.519196921,0.000000000,0.000000000
SE-C02-012-A0039,SE-C02-012,DS05,santa_elena,CAMPAIGN_02,76.000000000,78.000000000,2.000000000,0.567074829,0.000000000,0.000000000
SE-C02-012-A0040,SE-C02-012,DS05,santa_elena,CAMPAIGN_02,78.000000000,80.000000000,2.000000000,0.546487681,0.000000000,0.000000000
SE-C02-012-A0041,SE-C02-012,DS05,santa_elena,CAMPAIGN_02,80.000000000,82.000000000,2.000000000,0.529643487,0.000000000,0.000000000
SE-C02-012-A0042,SE-C02-012,DS05,santa_elena,CAMPAIGN_02,82.000000000,84.000000000,2.000000000,0.554326039,0.000000000,0.000000000
SE-C02-012-A0043,SE-C02-012,DS05,santa_elena,CAMPAIGN_02,84.000000000,86.000000000,2.000000000,0.540971262,0.000000000,0.000000000
SE-C02-012-A0044,SE-C02-012,DS05,santa_elena,CAMPAIGN_02,86.000000000,88.000000000,2.000000000,0.600619363,0.000000000,0.000000000
SE-C02-012-A0045,SE-C02-012,DS05,santa_elena,CAMPAIGN_02,88.000000000,90.000000000,2.000000000,0.588242966,0.000000000,0.000000000
SE-C02-012-A0046,SE-C02-012,DS05,santa_elena,CAMPAIGN_02,90.000000000,92.000000000,2.000000000,0.600611350,0.000000000,0.000000000
SE-C02-012-A0047,SE-C02-012,DS05,santa_elena,CAMPAIGN_02,92.000000000,94.000000000,2.000000000,0.567568460,0.000000000,0.000000000
SE-C02-012-A0048,SE-C02-012,DS05,santa_elena,CAMPAIGN_02,94.000000000,96.000000000,2.000000000,0.565675911,0.000000000,0.000000000
SE-C02-012-A0049,SE-C02-012,DS05,santa_elena,CAMPAIGN_02,96.000000000,98.000000000,2.000000000,0.593558444,0.000000000,0.000000000
SE-C02-012-A0050,SE-C02-012,DS05,santa_elena,CAMPAIGN_02,98.000000000,100.000000000,2.000000000,0.585210774,0.000000000,0.000000000
SE-C02-012-A0051,SE-C02-012,DS05,santa_elena,CAMPAIGN_02,100.000000000,102.000000000,2.000000000,0.601935959,0.000000000,0.000000000
SE-C02-012-A0052,SE-C02-012,DS05,santa_elena,CAMPAIGN_02,102.000000000,104.000000000,2.000000000,0.597448637,0.000000000,0.000000000
SE-C02-012-A0053,SE-C02-012,DS05,santa_elena,CAMPAIGN_02,104.000000000,106.000000000,2.000000000,0.603247615,0.000000000,0.000000000
SE-C02-012-A0054,SE-C02-012,DS05,santa_elena,CAMPAIGN_02,106.000000000,108.000000000,2.000000000,0.680382842,0.000000000,0.000000000
SE-C02-012-A0055,SE-C02-012,DS05,santa_elena,CAMPAIGN_02,108.000000000,110.000000000,2.000000000,0.674198940,0.000000000,0.000000000
SE-C02-012-A0056,SE-C02-012,DS05,santa_elena,CAMPAIGN_02,110.000000000,112.000000000,2.000000000,0.637337178,0.000000000,0.000000000
SE-C02-012-A0057,SE-C02-012,DS05,santa_elena,CAMPAIGN_02,112.000000000,114.000000000,2.000000000,0.684423616,0.000000000,0.000000000
SE-C02-012-A0058,SE-C02-012,DS05,santa_elena,CAMPAIGN_02,114.000000000,116.000000000,2.000000000,0.692518912,0.000000000,0.000000000
SE-C02-012-A0059,SE-C02-012,DS05,santa_elena,CAMPAIGN_02,116.000000000,118.000000000,2.000000000,0.661565263,0.000000000,0.000000000
SE-C02-012-A0060,SE-C02-012,DS05,santa_elena,CAMPAIGN_02,118.000000000,120.000000000,2.000000000,0.640261023,0.000000000,0.000000000
SE-C02-012-A0061,SE-C02-012,DS05,santa_elena,CAMPAIGN_02,120.000000000,122.000000000,2.000000000,0.681476281,0.000000000,0.000000000
SE-C02-012-A0062,SE-C02-012,DS05,santa_elena,CAMPAIGN_02,122.000000000,124.000000000,2.000000000,0.695987446,0.000000000,0.000000000
SE-C02-012-A0063,SE-C02-012,DS05,santa_elena,CAMPAIGN_02,124.000000000,126.000000000,2.000000000,0.683649858,0.000000000,0.000000000
SE-C02-012-A0064,SE-C02-012,DS05,santa_elena,CAMPAIGN_02,126.000000000,128.000000000,2.000000000,0.709613991,0.000000000,0.000000000
SE-C02-012-A0065,SE-C02-012,DS05,santa_elena,CAMPAIGN_02,128.000000000,130.000000000,2.000000000,0.762791318,0.000000000,0.000000000
SE-C02-012-A0066,SE-C02-012,DS05,santa_elena,CAMPAIGN_02,130.000000000,132.000000000,2.000000000,0.690308479,0.000000000,0.000000000
SE-C02-012-A0067,SE-C02-012,DS05,santa_elena,CAMPAIGN_02,132.000000000,134.000000000,2.000000000,0.739072955,0.000000000,0.000000000
SE-C02-012-A0068,SE-C02-012,DS05,santa_elena,CAMPAIGN_02,134.000000000,136.000000000,2.000000000,0.690875096,0.000000000,0.000000000
SE-C02-012-A0069,SE-C02-012,DS05,santa_elena,CAMPAIGN_02,136.000000000,138.000000000,2.000000000,0.717321679,0.000000000,0.000000000
SE-C02-012-A0070,SE-C02-012,DS05,santa_elena,CAMPAIGN_02,138.000000000,140.000000000,2.000000000,0.700696755,0.000000000,0.000000000
SE-C02-012-A0071,SE-C02-012,DS05,santa_elena,CAMPAIGN_02,140.000000000,142.000000000,2.000000000,0.719957548,0.000000000,0.000000000
SE-C02-012-A0072,SE-C02-012,DS05,santa_elena,CAMPAIGN_02,142.000000000,144.000000000,2.000000000,0.725398304,0.000000000,0.000000000
SE-C02-012-A0073,SE-C02-012,DS05,santa_elena,CAMPAIGN_02,144.000000000,146.000000000,2.000000000,0.684590124,0.000000000,0.000000000
SE-C02-012-A0074,SE-C02-012,DS05,santa_elena,CAMPAIGN_02,146.000000000,148.000000000,2.000000000,0.794089510,0.000000000,0.000000000
SE-C02-012-A0075,SE-C02-012,DS05,santa_elena,CAMPAIGN_02,148.000000000,150.000000000,2.000000000,0.716036885,0.000000000,0.000000000
SE-C02-012-A0076,SE-C02-012,DS05,santa_elena,CAMPAIGN_02,150.000000000,152.000000000,2.000000000,0.776233584,0.000000000,0.000000000
SE-C02-012-A0077,SE-C02-012,DS05,santa_elena,CAMPAIGN_02,152.000000000,154.000000000,2.000000000,0.685897195,0.000000000,0.000000000
SE-C02-012-A0078,SE-C02-012,DS05,santa_elena,CAMPAIGN_02,154.000000000,156.000000000,2.000000000,0.744930673,0.000000000,0.000000000
SE-C02-012-A0079,SE-C02-012,DS05,santa_elena,CAMPAIGN_02,156.000000000,158.000000000,2.000000000,0.832468897,0.000000000,0.000000000
SE-C02-012-A0080,SE-C02-012,DS05,santa_elena,CAMPAIGN_02,158.000000000,160.000000000,2.000000000,0.764500820,0.000000000,0.000000000
SE-C02-012-A0081,SE-C02-012,DS05,santa_elena,CAMPAIGN_02,160.000000000,162.000000000,2.000000000,0.791528502,0.000000000,0.000000000
SE-C02-012-A0082,SE-C02-012,DS05,santa_elena,CAMPAIGN_02,162.000000000,164.000000000,2.000000000,0.748050275,0.000000000,0.000000000
SE-C02-012-A0083,SE-C02-012,DS05,santa_elena,CAMPAIGN_02,164.000000000,166.000000000,2.000000000,0.754183098,0.000000000,0.000000000
SE-C02-012-A0084,SE-C02-012,DS05,santa_elena,CAMPAIGN_02,166.000000000,168.000000000,2.000000000,0.706838411,0.000000000,0.000000000
SE-C02-012-A0085,SE-C02-012,DS05,santa_elena,CAMPAIGN_02,168.000000000,170.000000000,2.000000000,0.750669575,0.000000000,0.000000000
SE-C02-012-A0086,SE-C02-012,DS05,santa_elena,CAMPAIGN_02,170.000000000,172.000000000,2.000000000,0.825965790,0.000000000,0.000000000
SE-C02-012-A0087,SE-C02-012,DS05,santa_elena,CAMPAIGN_02,172.000000000,174.000000000,2.000000000,0.693986195,0.000000000,0.000000000
SE-C02-012-A0088,SE-C02-012,DS05,santa_elena,CAMPAIGN_02,174.000000000,176.000000000,2.000000000,0.720681980,0.000000000,0.000000000
SE-C02-012-A0089,SE-C02-012,DS05,santa_elena,CAMPAIGN_02,176.000000000,178.000000000,2.000000000,0.810116995,0.000000000,0.000000000
SE-C02-012-A0090,SE-C02-012,DS05,santa_elena,CAMPAIGN_02,178.000000000,180.000000000,2.000000000,0.789762442,0.000000000,0.000000000
SE-C02-012-A0091,SE-C02-012,DS05,santa_elena,CAMPAIGN_02,180.000000000,182.000000000,2.000000000,0.715794725,0.000000000,0.000000000
SE-C02-012-A0092,SE-C02-012,DS05,santa_elena,CAMPAIGN_02,182.000000000,184.000000000,2.000000000,0.734736741,0.000000000,0.000000000
SE-C02-012-A0093,SE-C02-012,DS05,santa_elena,CAMPAIGN_02,184.000000000,186.000000000,2.000000000,0.770723068,0.000000000,0.000000000
SE-C02-012-A0094,SE-C02-012,DS05,santa_elena,CAMPAIGN_02,186.000000000,188.000000000,2.000000000,0.759146179,0.000000000,0.000000000
SE-C02-012-A0095,SE-C02-012,DS05,santa_elena,CAMPAIGN_02,188.000000000,190.000000000,2.000000000,0.752757705,0.000000000,0.000000000
SE-C02-012-A0096,SE-C02-012,DS05,santa_elena,CAMPAIGN_02,190.000000000,192.000000000,2.000000000,0.745216534,0.000000000,0.000000000
SE-C02-012-A0097,SE-C02-012,DS05,santa_elena,CAMPAIGN_02,192.000000000,194.000000000,2.000000000,0.792689904,0.000000000,0.000000000
SE-C02-012-A0098,SE-C02-012,DS05,santa_elena,CAMPAIGN_02,194.000000000,196.000000000,2.000000000,0.810794705,0.000000000,0.000000000
SE-C02-012-A0099,SE-C02-012,DS05,santa_elena,CAMPAIGN_02,196.000000000,198.000000000,2.000000000,0.742693017,0.000000000,0.000000000
SE-C02-012-A0100,SE-C02-012,DS05,santa_elena,CAMPAIGN_02,198.000000000,200.000000000,2.000000000,0.750458375,0.000000000,0.000000000
SE-C02-012-A0101,SE-C02-012,DS05,santa_elena,CAMPAIGN_02,200.000000000,202.000000000,2.000000000,0.797782547,0.000000000,0.000000000
SE-C02-012-A0102,SE-C02-012,DS05,santa_elena,CAMPAIGN_02,202.000000000,204.000000000,2.000000000,0.723234229,0.000000000,0.000000000
SE-C02-012-A0103,SE-C02-012,DS05,santa_elena,CAMPAIGN_02,204.000000000,206.000000000,2.000000000,0.725989519,0.000000000,0.000000000
SE-C02-012-A0104,SE-C02-012,DS05,santa_elena,CAMPAIGN_02,206.000000000,208.000000000,2.000000000,0.750385184,0.000000000,0.000000000
SE-C02-012-A0105,SE-C02-012,DS05,santa_elena,CAMPAIGN_02,208.000000000,210.000000000,2.000000000,0.731509226,0.000000000,0.000000000
SE-C02-013-A0001,SE-C02-013,DS05,santa_elena,CAMPAIGN_02,0.000000000,2.000000000,2.000000000,0.179777754,0.000000000,0.000000000
SE-C02-013-A0002,SE-C02-013,DS05,santa_elena,CAMPAIGN_02,2.000000000,4.000000000,2.000000000,0.193720650,0.000000000,0.000000000
SE-C02-013-A0003,SE-C02-013,DS05,santa_elena,CAMPAIGN_02,4.000000000,6.000000000,2.000000000,0.202236852,0.000000000,0.000000000
SE-C02-013-A0004,SE-C02-013,DS05,santa_elena,CAMPAIGN_02,6.000000000,8.000000000,2.000000000,0.205652029,0.000000000,0.000000000
SE-C02-013-A0005,SE-C02-013,DS05,santa_elena,CAMPAIGN_02,8.000000000,10.000000000,2.000000000,0.229505683,0.000000000,0.000000000
SE-C02-013-A0006,SE-C02-013,DS05,santa_elena,CAMPAIGN_02,10.000000000,12.000000000,2.000000000,0.215447833,0.000000000,0.000000000
SE-C02-013-A0007,SE-C02-013,DS05,santa_elena,CAMPAIGN_02,12.000000000,14.000000000,2.000000000,0.217013861,0.000000000,0.000000000
SE-C02-013-A0008,SE-C02-013,DS05,santa_elena,CAMPAIGN_02,14.000000000,16.000000000,2.000000000,0.221860851,0.000000000,0.000000000
SE-C02-013-A0009,SE-C02-013,DS05,santa_elena,CAMPAIGN_02,16.000000000,18.000000000,2.000000000,0.250632250,0.000000000,0.000000000
SE-C02-013-A0010,SE-C02-013,DS05,santa_elena,CAMPAIGN_02,18.000000000,20.000000000,2.000000000,0.239943756,0.000000000,0.000000000
SE-C02-013-A0011,SE-C02-013,DS05,santa_elena,CAMPAIGN_02,20.000000000,22.000000000,2.000000000,0.257803299,0.000000000,0.000000000
SE-C02-013-A0012,SE-C02-013,DS05,santa_elena,CAMPAIGN_02,22.000000000,24.000000000,2.000000000,0.262895141,0.000000000,0.000000000
SE-C02-013-A0013,SE-C02-013,DS05,santa_elena,CAMPAIGN_02,24.000000000,26.000000000,2.000000000,0.276806851,0.000000000,0.000000000
SE-C02-013-A0014,SE-C02-013,DS05,santa_elena,CAMPAIGN_02,26.000000000,28.000000000,2.000000000,0.276245388,0.000000000,0.000000000
SE-C02-013-A0015,SE-C02-013,DS05,santa_elena,CAMPAIGN_02,28.000000000,30.000000000,2.000000000,0.276630973,0.000000000,0.000000000
SE-C02-013-A0016,SE-C02-013,DS05,santa_elena,CAMPAIGN_02,30.000000000,32.000000000,2.000000000,0.294362406,0.000000000,0.000000000
SE-C02-013-A0017,SE-C02-013,DS05,santa_elena,CAMPAIGN_02,32.000000000,34.000000000,2.000000000,0.292592919,0.000000000,0.000000000
SE-C02-013-A0018,SE-C02-013,DS05,santa_elena,CAMPAIGN_02,34.000000000,36.000000000,2.000000000,0.291841095,0.000000000,0.000000000
SE-C02-013-A0019,SE-C02-013,DS05,santa_elena,CAMPAIGN_02,36.000000000,38.000000000,2.000000000,0.312062588,0.000000000,0.000000000
SE-C02-013-A0020,SE-C02-013,DS05,santa_elena,CAMPAIGN_02,38.000000000,40.000000000,2.000000000,0.344360377,0.000000000,0.000000000
SE-C02-013-A0021,SE-C02-013,DS05,santa_elena,CAMPAIGN_02,40.000000000,42.000000000,2.000000000,0.307236794,0.000000000,0.000000000
SE-C02-013-A0022,SE-C02-013,DS05,santa_elena,CAMPAIGN_02,42.000000000,44.000000000,2.000000000,0.351667569,0.000000000,0.000000000
SE-C02-013-A0023,SE-C02-013,DS05,santa_elena,CAMPAIGN_02,44.000000000,46.000000000,2.000000000,0.341145178,0.000000000,0.000000000
SE-C02-013-A0024,SE-C02-013,DS05,santa_elena,CAMPAIGN_02,46.000000000,48.000000000,2.000000000,0.378385946,0.000000000,0.000000000
SE-C02-013-A0025,SE-C02-013,DS05,santa_elena,CAMPAIGN_02,48.000000000,50.000000000,2.000000000,0.355445533,0.000000000,0.000000000
SE-C02-013-A0026,SE-C02-013,DS05,santa_elena,CAMPAIGN_02,50.000000000,52.000000000,2.000000000,0.369060294,0.000000000,0.000000000
SE-C02-013-A0027,SE-C02-013,DS05,santa_elena,CAMPAIGN_02,52.000000000,54.000000000,2.000000000,0.389586512,0.000000000,0.000000000
SE-C02-013-A0028,SE-C02-013,DS05,santa_elena,CAMPAIGN_02,54.000000000,56.000000000,2.000000000,0.372375105,0.000000000,0.000000000
SE-C02-013-A0029,SE-C02-013,DS05,santa_elena,CAMPAIGN_02,56.000000000,58.000000000,2.000000000,0.397708313,0.000000000,0.000000000
SE-C02-013-A0030,SE-C02-013,DS05,santa_elena,CAMPAIGN_02,58.000000000,60.000000000,2.000000000,0.404246521,0.000000000,0.000000000
SE-C02-013-A0031,SE-C02-013,DS05,santa_elena,CAMPAIGN_02,60.000000000,62.000000000,2.000000000,0.412712066,0.000000000,0.000000000
SE-C02-013-A0032,SE-C02-013,DS05,santa_elena,CAMPAIGN_02,62.000000000,64.000000000,2.000000000,0.428437311,0.000000000,0.000000000
SE-C02-013-A0033,SE-C02-013,DS05,santa_elena,CAMPAIGN_02,64.000000000,66.000000000,2.000000000,0.434791765,0.000000000,0.000000000
SE-C02-013-A0034,SE-C02-013,DS05,santa_elena,CAMPAIGN_02,66.000000000,68.000000000,2.000000000,0.455669562,0.000000000,0.000000000
SE-C02-013-A0035,SE-C02-013,DS05,santa_elena,CAMPAIGN_02,68.000000000,70.000000000,2.000000000,0.435741099,0.000000000,0.000000000
SE-C02-013-A0036,SE-C02-013,DS05,santa_elena,CAMPAIGN_02,70.000000000,72.000000000,2.000000000,0.451444934,0.000000000,0.000000000
SE-C02-013-A0037,SE-C02-013,DS05,santa_elena,CAMPAIGN_02,72.000000000,74.000000000,2.000000000,0.492294526,0.000000000,0.000000000
SE-C02-013-A0038,SE-C02-013,DS05,santa_elena,CAMPAIGN_02,74.000000000,76.000000000,2.000000000,0.509401586,0.000000000,0.000000000
SE-C02-013-A0039,SE-C02-013,DS05,santa_elena,CAMPAIGN_02,76.000000000,78.000000000,2.000000000,0.492519445,0.000000000,0.000000000
SE-C02-013-A0040,SE-C02-013,DS05,santa_elena,CAMPAIGN_02,78.000000000,80.000000000,2.000000000,0.495661446,0.000000000,0.000000000
SE-C02-013-A0041,SE-C02-013,DS05,santa_elena,CAMPAIGN_02,80.000000000,82.000000000,2.000000000,0.529585880,0.000000000,0.000000000
SE-C02-013-A0042,SE-C02-013,DS05,santa_elena,CAMPAIGN_02,82.000000000,84.000000000,2.000000000,0.541705453,0.000000000,0.000000000
SE-C02-013-A0043,SE-C02-013,DS05,santa_elena,CAMPAIGN_02,84.000000000,86.000000000,2.000000000,0.511173278,0.000000000,0.000000000
SE-C02-013-A0044,SE-C02-013,DS05,santa_elena,CAMPAIGN_02,86.000000000,88.000000000,2.000000000,0.506054864,0.000000000,0.000000000
SE-C02-013-A0045,SE-C02-013,DS05,santa_elena,CAMPAIGN_02,88.000000000,90.000000000,2.000000000,0.587655712,0.000000000,0.000000000
SE-C02-013-A0046,SE-C02-013,DS05,santa_elena,CAMPAIGN_02,90.000000000,92.000000000,2.000000000,0.575149092,0.000000000,0.000000000
SE-C02-013-A0047,SE-C02-013,DS05,santa_elena,CAMPAIGN_02,92.000000000,94.000000000,2.000000000,0.548319231,0.000000000,0.000000000
SE-C02-013-A0048,SE-C02-013,DS05,santa_elena,CAMPAIGN_02,94.000000000,96.000000000,2.000000000,0.555378938,0.000000000,0.000000000
SE-C02-013-A0049,SE-C02-013,DS05,santa_elena,CAMPAIGN_02,96.000000000,98.000000000,2.000000000,0.610542435,0.000000000,0.000000000
SE-C02-013-A0050,SE-C02-013,DS05,santa_elena,CAMPAIGN_02,98.000000000,100.000000000,2.000000000,0.593520215,0.000000000,0.000000000
SE-C02-013-A0051,SE-C02-013,DS05,santa_elena,CAMPAIGN_02,100.000000000,102.000000000,2.000000000,0.618685543,0.000000000,0.000000000
SE-C02-013-A0052,SE-C02-013,DS05,santa_elena,CAMPAIGN_02,102.000000000,104.000000000,2.000000000,0.636528179,0.000000000,0.000000000
SE-C02-013-A0053,SE-C02-013,DS05,santa_elena,CAMPAIGN_02,104.000000000,106.000000000,2.000000000,0.640798557,0.000000000,0.000000000
SE-C02-013-A0054,SE-C02-013,DS05,santa_elena,CAMPAIGN_02,106.000000000,108.000000000,2.000000000,0.640514418,0.000000000,0.000000000
SE-C02-013-A0055,SE-C02-013,DS05,santa_elena,CAMPAIGN_02,108.000000000,110.000000000,2.000000000,0.643500335,0.000000000,0.000000000
SE-C02-013-A0056,SE-C02-013,DS05,santa_elena,CAMPAIGN_02,110.000000000,112.000000000,2.000000000,0.677280011,0.000000000,0.000000000
SE-C02-013-A0057,SE-C02-013,DS05,santa_elena,CAMPAIGN_02,112.000000000,114.000000000,2.000000000,0.628467844,0.000000000,0.000000000
SE-C02-013-A0058,SE-C02-013,DS05,santa_elena,CAMPAIGN_02,114.000000000,116.000000000,2.000000000,0.644491399,0.000000000,0.000000000
SE-C02-013-A0059,SE-C02-013,DS05,santa_elena,CAMPAIGN_02,116.000000000,118.000000000,2.000000000,0.727454478,0.000000000,0.000000000
SE-C02-013-A0060,SE-C02-013,DS05,santa_elena,CAMPAIGN_02,118.000000000,120.000000000,2.000000000,0.712393235,0.000000000,0.000000000
SE-C02-013-A0061,SE-C02-013,DS05,santa_elena,CAMPAIGN_02,120.000000000,122.000000000,2.000000000,0.681719208,0.000000000,0.000000000
SE-C02-013-A0062,SE-C02-013,DS05,santa_elena,CAMPAIGN_02,122.000000000,124.000000000,2.000000000,0.713527383,0.000000000,0.000000000
SE-C02-013-A0063,SE-C02-013,DS05,santa_elena,CAMPAIGN_02,124.000000000,126.000000000,2.000000000,0.739899522,0.000000000,0.000000000
SE-C02-013-A0064,SE-C02-013,DS05,santa_elena,CAMPAIGN_02,126.000000000,128.000000000,2.000000000,0.739287327,0.000000000,0.000000000
SE-C02-013-A0065,SE-C02-013,DS05,santa_elena,CAMPAIGN_02,128.000000000,130.000000000,2.000000000,0.732346574,0.000000000,0.000000000
SE-C02-013-A0066,SE-C02-013,DS05,santa_elena,CAMPAIGN_02,130.000000000,132.000000000,2.000000000,0.724864612,0.000000000,0.000000000
SE-C02-013-A0067,SE-C02-013,DS05,santa_elena,CAMPAIGN_02,132.000000000,134.000000000,2.000000000,0.774893643,0.000000000,0.000000000
SE-C02-013-A0068,SE-C02-013,DS05,santa_elena,CAMPAIGN_02,134.000000000,136.000000000,2.000000000,0.762322591,0.000000000,0.000000000
SE-C02-013-A0069,SE-C02-013,DS05,santa_elena,CAMPAIGN_02,136.000000000,138.000000000,2.000000000,0.766960828,0.000000000,0.000000000
SE-C02-013-A0070,SE-C02-013,DS05,santa_elena,CAMPAIGN_02,138.000000000,140.000000000,2.000000000,0.773693193,0.000000000,0.000000000
SE-C02-013-A0071,SE-C02-013,DS05,santa_elena,CAMPAIGN_02,140.000000000,142.000000000,2.000000000,0.810592852,0.000000000,0.000000000
SE-C02-013-A0072,SE-C02-013,DS05,santa_elena,CAMPAIGN_02,142.000000000,144.000000000,2.000000000,0.753784108,0.000000000,0.000000000
SE-C02-013-A0073,SE-C02-013,DS05,santa_elena,CAMPAIGN_02,144.000000000,146.000000000,2.000000000,0.806856505,0.000000000,0.000000000
SE-C02-013-A0074,SE-C02-013,DS05,santa_elena,CAMPAIGN_02,146.000000000,148.000000000,2.000000000,0.782301976,0.000000000,0.000000000
SE-C02-013-A0075,SE-C02-013,DS05,santa_elena,CAMPAIGN_02,148.000000000,150.000000000,2.000000000,0.751023009,0.000000000,0.000000000
SE-C02-013-A0076,SE-C02-013,DS05,santa_elena,CAMPAIGN_02,150.000000000,152.000000000,2.000000000,0.810937396,0.000000000,0.000000000
SE-C02-013-A0077,SE-C02-013,DS05,santa_elena,CAMPAIGN_02,152.000000000,154.000000000,2.000000000,0.823604463,0.000000000,0.000000000
SE-C02-013-A0078,SE-C02-013,DS05,santa_elena,CAMPAIGN_02,154.000000000,156.000000000,2.000000000,0.845826402,0.000000000,0.000000000
SE-C02-013-A0079,SE-C02-013,DS05,santa_elena,CAMPAIGN_02,156.000000000,158.000000000,2.000000000,0.854209727,0.000000000,0.000000000
SE-C02-013-A0080,SE-C02-013,DS05,santa_elena,CAMPAIGN_02,158.000000000,160.000000000,2.000000000,0.861097086,0.000000000,0.000000000
SE-C02-013-A0081,SE-C02-013,DS05,santa_elena,CAMPAIGN_02,160.000000000,162.000000000,2.000000000,0.851583390,0.000000000,0.000000000
SE-C02-013-A0082,SE-C02-013,DS05,santa_elena,CAMPAIGN_02,162.000000000,164.000000000,2.000000000,0.883373049,0.000000000,0.000000000
SE-C02-013-A0083,SE-C02-013,DS05,santa_elena,CAMPAIGN_02,164.000000000,166.000000000,2.000000000,0.848142752,0.000000000,0.000000000
SE-C02-013-A0084,SE-C02-013,DS05,santa_elena,CAMPAIGN_02,166.000000000,168.000000000,2.000000000,0.839705319,0.000000000,0.000000000
SE-C02-013-A0085,SE-C02-013,DS05,santa_elena,CAMPAIGN_02,168.000000000,170.000000000,2.000000000,0.887317791,0.000000000,0.000000000
SE-C02-013-A0086,SE-C02-013,DS05,santa_elena,CAMPAIGN_02,170.000000000,172.000000000,2.000000000,0.910081256,0.000000000,0.000000000
SE-C02-013-A0087,SE-C02-013,DS05,santa_elena,CAMPAIGN_02,172.000000000,174.000000000,2.000000000,0.883460883,0.000000000,0.000000000
SE-C02-013-A0088,SE-C02-013,DS05,santa_elena,CAMPAIGN_02,174.000000000,176.000000000,2.000000000,0.863019755,0.000000000,0.000000000
SE-C02-013-A0089,SE-C02-013,DS05,santa_elena,CAMPAIGN_02,176.000000000,178.000000000,2.000000000,0.888456342,0.000000000,0.000000000
SE-C02-013-A0090,SE-C02-013,DS05,santa_elena,CAMPAIGN_02,178.000000000,180.000000000,2.000000000,0.889990296,0.000000000,0.000000000
SE-C02-013-A0091,SE-C02-013,DS05,santa_elena,CAMPAIGN_02,180.000000000,182.000000000,2.000000000,0.886287151,0.000000000,0.000000000
SE-C02-013-A0092,SE-C02-013,DS05,santa_elena,CAMPAIGN_02,182.000000000,184.000000000,2.000000000,0.885091035,0.000000000,0.000000000
SE-C02-013-A0093,SE-C02-013,DS05,santa_elena,CAMPAIGN_02,184.000000000,186.000000000,2.000000000,0.885974471,0.000000000,0.000000000
SE-C02-013-A0094,SE-C02-013,DS05,santa_elena,CAMPAIGN_02,186.000000000,188.000000000,2.000000000,0.839741700,0.000000000,0.000000000
SE-C02-013-A0095,SE-C02-013,DS05,santa_elena,CAMPAIGN_02,188.000000000,190.000000000,2.000000000,0.881109821,0.000000000,0.000000000
SE-C02-013-A0096,SE-C02-013,DS05,santa_elena,CAMPAIGN_02,190.000000000,192.000000000,2.000000000,0.897596460,0.000000000,0.000000000
SE-C02-013-A0097,SE-C02-013,DS05,santa_elena,CAMPAIGN_02,192.000000000,194.000000000,2.000000000,0.894442005,0.000000000,0.000000000
SE-C02-013-A0098,SE-C02-013,DS05,santa_elena,CAMPAIGN_02,194.000000000,196.000000000,2.000000000,0.899666265,0.000000000,0.000000000
SE-C02-013-A0099,SE-C02-013,DS05,santa_elena,CAMPAIGN_02,196.000000000,198.000000000,2.000000000,0.952084884,0.000000000,0.000000000
SE-C02-013-A0100,SE-C02-013,DS05,santa_elena,CAMPAIGN_02,198.000000000,200.000000000,2.000000000,0.898071218,0.000000000,0.000000000
SE-C02-013-A0101,SE-C02-013,DS05,santa_elena,CAMPAIGN_02,200.000000000,202.000000000,2.000000000,0.904269798,0.000000000,0.000000000
SE-C02-013-A0102,SE-C02-013,DS05,santa_elena,CAMPAIGN_02,202.000000000,204.000000000,2.000000000,0.817032837,0.000000000,0.000000000
SE-C02-013-A0103,SE-C02-013,DS05,santa_elena,CAMPAIGN_02,204.000000000,206.000000000,2.000000000,1.014710771,0.000000000,0.000000000
SE-C02-013-A0104,SE-C02-013,DS05,santa_elena,CAMPAIGN_02,206.000000000,208.000000000,2.000000000,0.932177235,0.000000000,0.000000000
SE-C02-013-A0105,SE-C02-013,DS05,santa_elena,CAMPAIGN_02,208.000000000,210.000000000,2.000000000,0.915377327,0.000000000,0.000000000
SE-C02-013-A0106,SE-C02-013,DS05,santa_elena,CAMPAIGN_02,210.000000000,212.000000000,2.000000000,0.886393461,0.000000000,0.000000000
SE-C02-013-A0107,SE-C02-013,DS05,santa_elena,CAMPAIGN_02,212.000000000,214.000000000,2.000000000,0.889504951,0.000000000,0.000000000
SE-C02-013-A0108,SE-C02-013,DS05,santa_elena,CAMPAIGN_02,214.000000000,216.000000000,2.000000000,0.852038901,0.000000000,0.000000000
SE-C02-013-A0109,SE-C02-013,DS05,santa_elena,CAMPAIGN_02,216.000000000,218.000000000,2.000000000,0.845935761,0.000000000,0.000000000
SE-C02-013-A0110,SE-C02-013,DS05,santa_elena,CAMPAIGN_02,218.000000000,220.000000000,2.000000000,0.941686783,0.000000000,0.000000000
SE-C02-013-A0111,SE-C02-013,DS05,santa_elena,CAMPAIGN_02,220.000000000,222.000000000,2.000000000,0.889890438,0.000000000,0.000000000
SE-C02-013-A0112,SE-C02-013,DS05,santa_elena,CAMPAIGN_02,222.000000000,224.000000000,2.000000000,0.807129351,0.000000000,0.000000000
SE-C02-013-A0113,SE-C02-013,DS05,santa_elena,CAMPAIGN_02,224.000000000,226.000000000,2.000000000,0.922041693,0.000000000,0.000000000
SE-C02-013-A0114,SE-C02-013,DS05,santa_elena,CAMPAIGN_02,226.000000000,228.000000000,2.000000000,0.889257290,0.000000000,0.000000000
SE-C02-013-A0115,SE-C02-013,DS05,santa_elena,CAMPAIGN_02,228.000000000,230.000000000,2.000000000,0.833208186,0.000000000,0.000000000
SE-C02-013-A0116,SE-C02-013,DS05,santa_elena,CAMPAIGN_02,230.000000000,232.000000000,2.000000000,0.838005661,0.000000000,0.000000000
SE-C02-013-A0117,SE-C02-013,DS05,santa_elena,CAMPAIGN_02,232.000000000,234.000000000,2.000000000,0.831155436,0.000000000,0.000000000
SE-C02-013-A0118,SE-C02-013,DS05,santa_elena,CAMPAIGN_02,234.000000000,235.150776396,1.150776396,0.873581052,0.000000000,0.000000000
SE-C02-014-A0001,SE-C02-014,DS05,santa_elena,CAMPAIGN_02,0.000000000,2.000000000,2.000000000,0.076641861,0.000000000,0.000000000
SE-C02-014-A0002,SE-C02-014,DS05,santa_elena,CAMPAIGN_02,2.000000000,4.000000000,2.000000000,0.079621750,0.000000000,0.000000000
SE-C02-014-A0003,SE-C02-014,DS05,santa_elena,CAMPAIGN_02,4.000000000,6.000000000,2.000000000,0.078382007,0.000000000,0.000000000
SE-C02-014-A0004,SE-C02-014,DS05,santa_elena,CAMPAIGN_02,6.000000000,8.000000000,2.000000000,0.074388789,0.000000000,0.000000000
SE-C02-014-A0005,SE-C02-014,DS05,santa_elena,CAMPAIGN_02,8.000000000,10.000000000,2.000000000,0.079468750,0.000000000,0.000000000
SE-C02-014-A0006,SE-C02-014,DS05,santa_elena,CAMPAIGN_02,10.000000000,12.000000000,2.000000000,0.084549063,0.000000000,0.000000000
SE-C02-014-A0007,SE-C02-014,DS05,santa_elena,CAMPAIGN_02,12.000000000,14.000000000,2.000000000,0.086849377,0.000000000,0.000000000
SE-C02-014-A0008,SE-C02-014,DS05,santa_elena,CAMPAIGN_02,14.000000000,16.000000000,2.000000000,0.089330913,0.000000000,0.000000000
SE-C02-014-A0009,SE-C02-014,DS05,santa_elena,CAMPAIGN_02,16.000000000,18.000000000,2.000000000,0.085524193,0.000000000,0.000000000
SE-C02-014-A0010,SE-C02-014,DS05,santa_elena,CAMPAIGN_02,18.000000000,20.000000000,2.000000000,0.084752768,0.000000000,0.000000000
SE-C02-014-A0011,SE-C02-014,DS05,santa_elena,CAMPAIGN_02,20.000000000,22.000000000,2.000000000,0.097378664,0.000000000,0.000000000
SE-C02-014-A0012,SE-C02-014,DS05,santa_elena,CAMPAIGN_02,22.000000000,24.000000000,2.000000000,0.096817297,0.000000000,0.000000000
SE-C02-014-A0013,SE-C02-014,DS05,santa_elena,CAMPAIGN_02,24.000000000,26.000000000,2.000000000,0.103448709,0.000000000,0.000000000
SE-C02-014-A0014,SE-C02-014,DS05,santa_elena,CAMPAIGN_02,26.000000000,28.000000000,2.000000000,0.102758920,0.000000000,0.000000000
SE-C02-014-A0015,SE-C02-014,DS05,santa_elena,CAMPAIGN_02,28.000000000,30.000000000,2.000000000,0.113806912,0.000000000,0.000000000
SE-C02-014-A0016,SE-C02-014,DS05,santa_elena,CAMPAIGN_02,30.000000000,32.000000000,2.000000000,0.118464433,0.000000000,0.000000000
SE-C02-014-A0017,SE-C02-014,DS05,santa_elena,CAMPAIGN_02,32.000000000,34.000000000,2.000000000,0.144270446,0.000000000,0.000000000
SE-C02-014-A0018,SE-C02-014,DS05,santa_elena,CAMPAIGN_02,34.000000000,36.000000000,2.000000000,0.130678744,0.000000000,0.000000000
SE-C02-014-A0019,SE-C02-014,DS05,santa_elena,CAMPAIGN_02,36.000000000,38.000000000,2.000000000,0.147376173,0.000000000,0.000000000
SE-C02-014-A0020,SE-C02-014,DS05,santa_elena,CAMPAIGN_02,38.000000000,40.000000000,2.000000000,0.148487771,0.000000000,0.000000000
SE-C02-014-A0021,SE-C02-014,DS05,santa_elena,CAMPAIGN_02,40.000000000,42.000000000,2.000000000,0.158964740,0.000000000,0.000000000
SE-C02-014-A0022,SE-C02-014,DS05,santa_elena,CAMPAIGN_02,42.000000000,44.000000000,2.000000000,0.150109332,0.000000000,0.000000000
SE-C02-014-A0023,SE-C02-014,DS05,santa_elena,CAMPAIGN_02,44.000000000,46.000000000,2.000000000,0.164731091,0.000000000,0.000000000
SE-C02-014-A0024,SE-C02-014,DS05,santa_elena,CAMPAIGN_02,46.000000000,48.000000000,2.000000000,0.159452620,0.000000000,0.000000000
SE-C02-014-A0025,SE-C02-014,DS05,santa_elena,CAMPAIGN_02,48.000000000,50.000000000,2.000000000,0.170432693,0.000000000,0.000000000
SE-C02-014-A0026,SE-C02-014,DS05,santa_elena,CAMPAIGN_02,50.000000000,52.000000000,2.000000000,0.174237224,0.000000000,0.000000000
SE-C02-014-A0027,SE-C02-014,DS05,santa_elena,CAMPAIGN_02,52.000000000,54.000000000,2.000000000,0.176054935,0.000000000,0.000000000
SE-C02-014-A0028,SE-C02-014,DS05,santa_elena,CAMPAIGN_02,54.000000000,56.000000000,2.000000000,0.182247802,0.000000000,0.000000000
SE-C02-014-A0029,SE-C02-014,DS05,santa_elena,CAMPAIGN_02,56.000000000,58.000000000,2.000000000,0.191074880,0.000000000,0.000000000
SE-C02-014-A0030,SE-C02-014,DS05,santa_elena,CAMPAIGN_02,58.000000000,60.000000000,2.000000000,0.204942645,0.000000000,0.000000000
SE-C02-014-A0031,SE-C02-014,DS05,santa_elena,CAMPAIGN_02,60.000000000,62.000000000,2.000000000,0.217724042,0.000000000,0.000000000
SE-C02-014-A0032,SE-C02-014,DS05,santa_elena,CAMPAIGN_02,62.000000000,64.000000000,2.000000000,0.207556543,0.000000000,0.000000000
SE-C02-014-A0033,SE-C02-014,DS05,santa_elena,CAMPAIGN_02,64.000000000,66.000000000,2.000000000,0.229772896,0.000000000,0.000000000
SE-C02-014-A0034,SE-C02-014,DS05,santa_elena,CAMPAIGN_02,66.000000000,68.000000000,2.000000000,0.218305807,0.000000000,0.000000000
SE-C02-014-A0035,SE-C02-014,DS05,santa_elena,CAMPAIGN_02,68.000000000,70.000000000,2.000000000,0.231665361,0.000000000,0.000000000
SE-C02-014-A0036,SE-C02-014,DS05,santa_elena,CAMPAIGN_02,70.000000000,72.000000000,2.000000000,0.232277374,0.000000000,0.000000000
SE-C02-014-A0037,SE-C02-014,DS05,santa_elena,CAMPAIGN_02,72.000000000,74.000000000,2.000000000,0.266997637,0.000000000,0.000000000
SE-C02-014-A0038,SE-C02-014,DS05,santa_elena,CAMPAIGN_02,74.000000000,76.000000000,2.000000000,0.243331825,0.000000000,0.000000000
SE-C02-014-A0039,SE-C02-014,DS05,santa_elena,CAMPAIGN_02,76.000000000,78.000000000,2.000000000,0.240071056,0.000000000,0.000000000
SE-C02-014-A0040,SE-C02-014,DS05,santa_elena,CAMPAIGN_02,78.000000000,80.000000000,2.000000000,0.247000391,0.000000000,0.000000000
SE-C02-014-A0041,SE-C02-014,DS05,santa_elena,CAMPAIGN_02,80.000000000,82.000000000,2.000000000,0.269179479,0.000000000,0.000000000
SE-C02-014-A0042,SE-C02-014,DS05,santa_elena,CAMPAIGN_02,82.000000000,84.000000000,2.000000000,0.250701566,0.000000000,0.000000000
SE-C02-014-A0043,SE-C02-014,DS05,santa_elena,CAMPAIGN_02,84.000000000,86.000000000,2.000000000,0.276479964,0.000000000,0.000000000
SE-C02-014-A0044,SE-C02-014,DS05,santa_elena,CAMPAIGN_02,86.000000000,88.000000000,2.000000000,0.293078305,0.000000000,0.000000000
SE-C02-014-A0045,SE-C02-014,DS05,santa_elena,CAMPAIGN_02,88.000000000,90.000000000,2.000000000,0.307107683,0.000000000,0.000000000
SE-C02-014-A0046,SE-C02-014,DS05,santa_elena,CAMPAIGN_02,90.000000000,92.000000000,2.000000000,0.310802880,0.000000000,0.000000000
SE-C02-014-A0047,SE-C02-014,DS05,santa_elena,CAMPAIGN_02,92.000000000,94.000000000,2.000000000,0.310661710,0.000000000,0.000000000
SE-C02-014-A0048,SE-C02-014,DS05,santa_elena,CAMPAIGN_02,94.000000000,96.000000000,2.000000000,0.313307139,0.000000000,0.000000000
SE-C02-014-A0049,SE-C02-014,DS05,santa_elena,CAMPAIGN_02,96.000000000,98.000000000,2.000000000,0.313981133,0.000000000,0.000000000
SE-C02-014-A0050,SE-C02-014,DS05,santa_elena,CAMPAIGN_02,98.000000000,100.000000000,2.000000000,0.344748344,0.000000000,0.000000000
SE-C02-014-A0051,SE-C02-014,DS05,santa_elena,CAMPAIGN_02,100.000000000,102.000000000,2.000000000,0.319311782,0.000000000,0.000000000
SE-C02-014-A0052,SE-C02-014,DS05,santa_elena,CAMPAIGN_02,102.000000000,104.000000000,2.000000000,0.323652519,0.000000000,0.000000000
SE-C02-014-A0053,SE-C02-014,DS05,santa_elena,CAMPAIGN_02,104.000000000,106.000000000,2.000000000,0.340515893,0.000000000,0.000000000
SE-C02-014-A0054,SE-C02-014,DS05,santa_elena,CAMPAIGN_02,106.000000000,108.000000000,2.000000000,0.338172098,0.000000000,0.000000000
SE-C02-014-A0055,SE-C02-014,DS05,santa_elena,CAMPAIGN_02,108.000000000,110.000000000,2.000000000,0.363250280,0.000000000,0.000000000
SE-C02-014-A0056,SE-C02-014,DS05,santa_elena,CAMPAIGN_02,110.000000000,112.000000000,2.000000000,0.388453176,0.000000000,0.000000000
SE-C02-014-A0057,SE-C02-014,DS05,santa_elena,CAMPAIGN_02,112.000000000,114.000000000,2.000000000,0.382639593,0.000000000,0.000000000
SE-C02-014-A0058,SE-C02-014,DS05,santa_elena,CAMPAIGN_02,114.000000000,116.000000000,2.000000000,0.379829897,0.000000000,0.000000000
SE-C02-014-A0059,SE-C02-014,DS05,santa_elena,CAMPAIGN_02,116.000000000,118.000000000,2.000000000,0.392674386,0.000000000,0.000000000
SE-C02-014-A0060,SE-C02-014,DS05,santa_elena,CAMPAIGN_02,118.000000000,120.000000000,2.000000000,0.422893994,0.000000000,0.000000000
SE-C02-014-A0061,SE-C02-014,DS05,santa_elena,CAMPAIGN_02,120.000000000,122.000000000,2.000000000,0.437217391,0.000000000,0.000000000
SE-C02-014-A0062,SE-C02-014,DS05,santa_elena,CAMPAIGN_02,122.000000000,124.000000000,2.000000000,0.411641541,0.000000000,0.000000000
SE-C02-014-A0063,SE-C02-014,DS05,santa_elena,CAMPAIGN_02,124.000000000,126.000000000,2.000000000,0.428747747,0.000000000,0.000000000
SE-C02-014-A0064,SE-C02-014,DS05,santa_elena,CAMPAIGN_02,126.000000000,128.000000000,2.000000000,0.443118045,0.000000000,0.000000000
SE-C02-014-A0065,SE-C02-014,DS05,santa_elena,CAMPAIGN_02,128.000000000,130.000000000,2.000000000,0.448676569,0.000000000,0.000000000
SE-C02-014-A0066,SE-C02-014,DS05,santa_elena,CAMPAIGN_02,130.000000000,132.000000000,2.000000000,0.489353315,0.000000000,0.000000000
SE-C02-014-A0067,SE-C02-014,DS05,santa_elena,CAMPAIGN_02,132.000000000,134.000000000,2.000000000,0.503332074,0.000000000,0.000000000
SE-C02-014-A0068,SE-C02-014,DS05,santa_elena,CAMPAIGN_02,134.000000000,136.000000000,2.000000000,0.451613323,0.000000000,0.000000000
SE-C02-014-A0069,SE-C02-014,DS05,santa_elena,CAMPAIGN_02,136.000000000,138.000000000,2.000000000,0.477834590,0.000000000,0.000000000
SE-C02-014-A0070,SE-C02-014,DS05,santa_elena,CAMPAIGN_02,138.000000000,140.000000000,2.000000000,0.497809149,0.000000000,0.000000000
SE-C02-014-A0071,SE-C02-014,DS05,santa_elena,CAMPAIGN_02,140.000000000,142.000000000,2.000000000,0.491849781,0.000000000,0.000000000
SE-C02-014-A0072,SE-C02-014,DS05,santa_elena,CAMPAIGN_02,142.000000000,144.000000000,2.000000000,0.493191883,0.000000000,0.000000000
SE-C02-014-A0073,SE-C02-014,DS05,santa_elena,CAMPAIGN_02,144.000000000,146.000000000,2.000000000,0.523409336,0.000000000,0.000000000
SE-C02-014-A0074,SE-C02-014,DS05,santa_elena,CAMPAIGN_02,146.000000000,148.000000000,2.000000000,0.487641073,0.000000000,0.000000000
SE-C02-014-A0075,SE-C02-014,DS05,santa_elena,CAMPAIGN_02,148.000000000,150.000000000,2.000000000,0.531881297,0.000000000,0.000000000
SE-C02-014-A0076,SE-C02-014,DS05,santa_elena,CAMPAIGN_02,150.000000000,152.000000000,2.000000000,0.529201781,0.000000000,0.000000000
SE-C02-014-A0077,SE-C02-014,DS05,santa_elena,CAMPAIGN_02,152.000000000,154.000000000,2.000000000,0.531626252,0.000000000,0.000000000
SE-C02-014-A0078,SE-C02-014,DS05,santa_elena,CAMPAIGN_02,154.000000000,156.000000000,2.000000000,0.554444609,0.000000000,0.000000000
SE-C02-014-A0079,SE-C02-014,DS05,santa_elena,CAMPAIGN_02,156.000000000,158.000000000,2.000000000,0.575046482,0.000000000,0.000000000
SE-C02-014-A0080,SE-C02-014,DS05,santa_elena,CAMPAIGN_02,158.000000000,160.000000000,2.000000000,0.548619768,0.000000000,0.000000000
SE-C02-014-A0081,SE-C02-014,DS05,santa_elena,CAMPAIGN_02,160.000000000,162.000000000,2.000000000,0.571300847,0.000000000,0.000000000
SE-C02-014-A0082,SE-C02-014,DS05,santa_elena,CAMPAIGN_02,162.000000000,164.000000000,2.000000000,0.615968977,0.000000000,0.000000000
SE-C02-014-A0083,SE-C02-014,DS05,santa_elena,CAMPAIGN_02,164.000000000,166.000000000,2.000000000,0.598574847,0.000000000,0.000000000
SE-C02-014-A0084,SE-C02-014,DS05,santa_elena,CAMPAIGN_02,166.000000000,168.000000000,2.000000000,0.591006540,0.000000000,0.000000000
SE-C02-014-A0085,SE-C02-014,DS05,santa_elena,CAMPAIGN_02,168.000000000,170.000000000,2.000000000,0.593596070,0.000000000,0.000000000
SE-C02-014-A0086,SE-C02-014,DS05,santa_elena,CAMPAIGN_02,170.000000000,172.000000000,2.000000000,0.615321513,0.000000000,0.000000000
SE-C02-014-A0087,SE-C02-014,DS05,santa_elena,CAMPAIGN_02,172.000000000,174.000000000,2.000000000,0.644645647,0.000000000,0.000000000
SE-C02-014-A0088,SE-C02-014,DS05,santa_elena,CAMPAIGN_02,174.000000000,176.000000000,2.000000000,0.614248226,0.000000000,0.000000000
SE-C02-014-A0089,SE-C02-014,DS05,santa_elena,CAMPAIGN_02,176.000000000,178.000000000,2.000000000,0.627929316,0.000000000,0.000000000
SE-C02-014-A0090,SE-C02-014,DS05,santa_elena,CAMPAIGN_02,178.000000000,180.000000000,2.000000000,0.662590093,0.000000000,0.000000000
SE-C02-014-A0091,SE-C02-014,DS05,santa_elena,CAMPAIGN_02,180.000000000,182.000000000,2.000000000,0.655455275,0.000000000,0.000000000
SE-C02-014-A0092,SE-C02-014,DS05,santa_elena,CAMPAIGN_02,182.000000000,184.000000000,2.000000000,0.624728551,0.000000000,0.000000000
SE-C02-014-A0093,SE-C02-014,DS05,santa_elena,CAMPAIGN_02,184.000000000,186.000000000,2.000000000,0.620959196,0.000000000,0.000000000
SE-C02-014-A0094,SE-C02-014,DS05,santa_elena,CAMPAIGN_02,186.000000000,188.000000000,2.000000000,0.642986429,0.000000000,0.000000000
SE-C02-014-A0095,SE-C02-014,DS05,santa_elena,CAMPAIGN_02,188.000000000,190.000000000,2.000000000,0.676448898,0.000000000,0.000000000
SE-C02-014-A0096,SE-C02-014,DS05,santa_elena,CAMPAIGN_02,190.000000000,192.000000000,2.000000000,0.699954191,0.000000000,0.000000000
SE-C02-014-A0097,SE-C02-014,DS05,santa_elena,CAMPAIGN_02,192.000000000,194.000000000,2.000000000,0.725812731,0.000000000,0.000000000
SE-C02-014-A0098,SE-C02-014,DS05,santa_elena,CAMPAIGN_02,194.000000000,196.000000000,2.000000000,0.671403797,0.000000000,0.000000000
SE-C02-014-A0099,SE-C02-014,DS05,santa_elena,CAMPAIGN_02,196.000000000,198.000000000,2.000000000,0.705495081,0.000000000,0.000000000
SE-C02-014-A0100,SE-C02-014,DS05,santa_elena,CAMPAIGN_02,198.000000000,200.000000000,2.000000000,0.720159601,0.000000000,0.000000000
SE-C02-014-A0101,SE-C02-014,DS05,santa_elena,CAMPAIGN_02,200.000000000,202.000000000,2.000000000,0.727186344,0.000000000,0.000000000
SE-C02-014-A0102,SE-C02-014,DS05,santa_elena,CAMPAIGN_02,202.000000000,204.000000000,2.000000000,0.727673339,0.000000000,0.000000000
SE-C02-014-A0103,SE-C02-014,DS05,santa_elena,CAMPAIGN_02,204.000000000,206.000000000,2.000000000,0.691049779,0.000000000,0.000000000
SE-C02-014-A0104,SE-C02-014,DS05,santa_elena,CAMPAIGN_02,206.000000000,208.000000000,2.000000000,0.658295962,0.000000000,0.000000000
SE-C02-014-A0105,SE-C02-014,DS05,santa_elena,CAMPAIGN_02,208.000000000,210.000000000,2.000000000,0.658405040,0.000000000,0.000000000
SE-C02-014-A0106,SE-C02-014,DS05,santa_elena,CAMPAIGN_02,210.000000000,212.000000000,2.000000000,0.755247978,0.000000000,0.000000000
SE-C02-014-A0107,SE-C02-014,DS05,santa_elena,CAMPAIGN_02,212.000000000,214.000000000,2.000000000,0.814604761,0.000000000,0.000000000
SE-C02-014-A0108,SE-C02-014,DS05,santa_elena,CAMPAIGN_02,214.000000000,216.000000000,2.000000000,0.701999728,0.000000000,0.000000000
SE-C02-014-A0109,SE-C02-014,DS05,santa_elena,CAMPAIGN_02,216.000000000,218.000000000,2.000000000,0.735809543,0.000000000,0.000000000
SE-C02-014-A0110,SE-C02-014,DS05,santa_elena,CAMPAIGN_02,218.000000000,220.000000000,2.000000000,0.640585270,0.000000000,0.000000000
SE-C02-014-A0111,SE-C02-014,DS05,santa_elena,CAMPAIGN_02,220.000000000,222.000000000,2.000000000,0.776397789,0.000000000,0.000000000
SE-C02-014-A0112,SE-C02-014,DS05,santa_elena,CAMPAIGN_02,222.000000000,224.000000000,2.000000000,0.677552524,0.000000000,0.000000000
SE-C02-014-A0113,SE-C02-014,DS05,santa_elena,CAMPAIGN_02,224.000000000,226.000000000,2.000000000,0.724628465,0.000000000,0.000000000
SE-C02-014-A0114,SE-C02-014,DS05,santa_elena,CAMPAIGN_02,226.000000000,228.000000000,2.000000000,0.764319788,0.000000000,0.000000000
SE-C02-014-A0115,SE-C02-014,DS05,santa_elena,CAMPAIGN_02,228.000000000,230.000000000,2.000000000,0.754690138,0.000000000,0.000000000
SE-C02-014-A0116,SE-C02-014,DS05,santa_elena,CAMPAIGN_02,230.000000000,232.000000000,2.000000000,0.686939809,0.000000000,0.000000000
SE-C02-014-A0117,SE-C02-014,DS05,santa_elena,CAMPAIGN_02,232.000000000,234.000000000,2.000000000,0.797088554,0.000000000,0.000000000
SE-C02-014-A0118,SE-C02-014,DS05,santa_elena,CAMPAIGN_02,234.000000000,236.000000000,2.000000000,0.718263267,0.000000000,0.000000000
SE-C02-014-A0119,SE-C02-014,DS05,santa_elena,CAMPAIGN_02,236.000000000,238.000000000,2.000000000,0.751027666,0.000000000,0.000000000
SE-C02-014-A0120,SE-C02-014,DS05,santa_elena,CAMPAIGN_02,238.000000000,240.000000000,2.000000000,0.751435909,0.000000000,0.000000000
SE-C02-014-A0121,SE-C02-014,DS05,santa_elena,CAMPAIGN_02,240.000000000,242.000000000,2.000000000,0.755152086,0.000000000,0.000000000
SE-C02-014-A0122,SE-C02-014,DS05,santa_elena,CAMPAIGN_02,242.000000000,244.000000000,2.000000000,0.700626461,0.000000000,0.000000000
SE-C02-014-A0123,SE-C02-014,DS05,santa_elena,CAMPAIGN_02,244.000000000,246.000000000,2.000000000,0.722731714,0.000000000,0.000000000
SE-C02-014-A0124,SE-C02-014,DS05,santa_elena,CAMPAIGN_02,246.000000000,248.000000000,2.000000000,0.756392625,0.000000000,0.000000000
SE-C02-014-A0125,SE-C02-014,DS05,santa_elena,CAMPAIGN_02,248.000000000,250.000000000,2.000000000,0.727461422,0.000000000,0.000000000
SE-C02-014-A0126,SE-C02-014,DS05,santa_elena,CAMPAIGN_02,250.000000000,252.000000000,2.000000000,0.764224100,0.000000000,0.000000000
SE-C02-014-A0127,SE-C02-014,DS05,santa_elena,CAMPAIGN_02,252.000000000,254.000000000,2.000000000,0.735660630,0.000000000,0.000000000
SE-C02-014-A0128,SE-C02-014,DS05,santa_elena,CAMPAIGN_02,254.000000000,256.000000000,2.000000000,0.767300807,0.000000000,0.000000000
SE-C02-014-A0129,SE-C02-014,DS05,santa_elena,CAMPAIGN_02,256.000000000,258.000000000,2.000000000,0.672664170,0.000000000,0.000000000
SE-C02-014-A0130,SE-C02-014,DS05,santa_elena,CAMPAIGN_02,258.000000000,260.000000000,2.000000000,0.717411729,0.000000000,0.000000000
SE-C02-014-A0131,SE-C02-014,DS05,santa_elena,CAMPAIGN_02,260.000000000,262.000000000,2.000000000,0.753390963,0.000000000,0.000000000
SE-C02-014-A0132,SE-C02-014,DS05,santa_elena,CAMPAIGN_02,262.000000000,264.000000000,2.000000000,0.704689522,0.000000000,0.000000000
SE-C02-014-A0133,SE-C02-014,DS05,santa_elena,CAMPAIGN_02,264.000000000,266.000000000,2.000000000,0.764944672,0.000000000,0.000000000
SE-C02-014-A0134,SE-C02-014,DS05,santa_elena,CAMPAIGN_02,266.000000000,266.774744839,0.774744839,0.728893583,0.000000000,0.000000000
SE-C02-015-A0001,SE-C02-015,DS05,santa_elena,CAMPAIGN_02,0.000000000,2.000000000,2.000000000,0.015472040,0.000000000,0.000000000
SE-C02-015-A0002,SE-C02-015,DS05,santa_elena,CAMPAIGN_02,2.000000000,4.000000000,2.000000000,0.027944603,0.000000000,0.000000000
SE-C02-015-A0003,SE-C02-015,DS05,santa_elena,CAMPAIGN_02,4.000000000,6.000000000,2.000000000,0.030444389,0.000000000,0.000000000
SE-C02-015-A0004,SE-C02-015,DS05,santa_elena,CAMPAIGN_02,6.000000000,8.000000000,2.000000000,0.029987511,0.000000000,0.000000000
SE-C02-015-A0005,SE-C02-015,DS05,santa_elena,CAMPAIGN_02,8.000000000,10.000000000,2.000000000,0.029216047,0.000000000,0.000000000
SE-C02-015-A0006,SE-C02-015,DS05,santa_elena,CAMPAIGN_02,10.000000000,12.000000000,2.000000000,0.031748587,0.000000000,0.000000000
SE-C02-015-A0007,SE-C02-015,DS05,santa_elena,CAMPAIGN_02,12.000000000,14.000000000,2.000000000,0.028641807,0.000000000,0.000000000
SE-C02-015-A0008,SE-C02-015,DS05,santa_elena,CAMPAIGN_02,14.000000000,16.000000000,2.000000000,0.034378112,0.000000000,0.000000000
SE-C02-015-A0009,SE-C02-015,DS05,santa_elena,CAMPAIGN_02,16.000000000,18.000000000,2.000000000,0.031666026,0.000000000,0.000000000
SE-C02-015-A0010,SE-C02-015,DS05,santa_elena,CAMPAIGN_02,18.000000000,20.000000000,2.000000000,0.032826233,0.000000000,0.000000000
SE-C02-015-A0011,SE-C02-015,DS05,santa_elena,CAMPAIGN_02,20.000000000,22.000000000,2.000000000,0.033840405,0.000000000,0.000000000
SE-C02-015-A0012,SE-C02-015,DS05,santa_elena,CAMPAIGN_02,22.000000000,24.000000000,2.000000000,0.031511684,0.000000000,0.000000000
SE-C02-015-A0013,SE-C02-015,DS05,santa_elena,CAMPAIGN_02,24.000000000,26.000000000,2.000000000,0.033470362,0.000000000,0.000000000
SE-C02-015-A0014,SE-C02-015,DS05,santa_elena,CAMPAIGN_02,26.000000000,28.000000000,2.000000000,0.036064613,0.000000000,0.000000000
SE-C02-015-A0015,SE-C02-015,DS05,santa_elena,CAMPAIGN_02,28.000000000,30.000000000,2.000000000,0.035908267,0.000000000,0.000000000
SE-C02-015-A0016,SE-C02-015,DS05,santa_elena,CAMPAIGN_02,30.000000000,32.000000000,2.000000000,0.038063317,0.000000000,0.000000000
SE-C02-015-A0017,SE-C02-015,DS05,santa_elena,CAMPAIGN_02,32.000000000,34.000000000,2.000000000,0.035207052,0.000000000,0.000000000
SE-C02-015-A0018,SE-C02-015,DS05,santa_elena,CAMPAIGN_02,34.000000000,36.000000000,2.000000000,0.038521969,0.000000000,0.000000000
SE-C02-015-A0019,SE-C02-015,DS05,santa_elena,CAMPAIGN_02,36.000000000,38.000000000,2.000000000,0.038889026,0.000000000,0.000000000
SE-C02-015-A0020,SE-C02-015,DS05,santa_elena,CAMPAIGN_02,38.000000000,40.000000000,2.000000000,0.040216101,0.000000000,0.000000000
SE-C02-015-A0021,SE-C02-015,DS05,santa_elena,CAMPAIGN_02,40.000000000,42.000000000,2.000000000,0.041594418,0.000000000,0.000000000
SE-C02-015-A0022,SE-C02-015,DS05,santa_elena,CAMPAIGN_02,42.000000000,44.000000000,2.000000000,0.044789940,0.000000000,0.000000000
SE-C02-015-A0023,SE-C02-015,DS05,santa_elena,CAMPAIGN_02,44.000000000,46.000000000,2.000000000,0.041562596,0.000000000,0.000000000
SE-C02-015-A0024,SE-C02-015,DS05,santa_elena,CAMPAIGN_02,46.000000000,48.000000000,2.000000000,0.047940955,0.000000000,0.000000000
SE-C02-015-A0025,SE-C02-015,DS05,santa_elena,CAMPAIGN_02,48.000000000,50.000000000,2.000000000,0.047356907,0.000000000,0.000000000
SE-C02-015-A0026,SE-C02-015,DS05,santa_elena,CAMPAIGN_02,50.000000000,52.000000000,2.000000000,0.050809712,0.000000000,0.000000000
SE-C02-015-A0027,SE-C02-015,DS05,santa_elena,CAMPAIGN_02,52.000000000,54.000000000,2.000000000,0.048541095,0.000000000,0.000000000
SE-C02-015-A0028,SE-C02-015,DS05,santa_elena,CAMPAIGN_02,54.000000000,56.000000000,2.000000000,0.052118029,0.000000000,0.000000000
SE-C02-015-A0029,SE-C02-015,DS05,santa_elena,CAMPAIGN_02,56.000000000,58.000000000,2.000000000,0.049309679,0.000000000,0.000000000
SE-C02-015-A0030,SE-C02-015,DS05,santa_elena,CAMPAIGN_02,58.000000000,60.000000000,2.000000000,0.046572790,0.000000000,0.000000000
SE-C02-015-A0031,SE-C02-015,DS05,santa_elena,CAMPAIGN_02,60.000000000,62.000000000,2.000000000,0.056540840,0.000000000,0.000000000
SE-C02-015-A0032,SE-C02-015,DS05,santa_elena,CAMPAIGN_02,62.000000000,64.000000000,2.000000000,0.061562472,0.000000000,0.000000000
SE-C02-015-A0033,SE-C02-015,DS05,santa_elena,CAMPAIGN_02,64.000000000,66.000000000,2.000000000,0.057616304,0.000000000,0.000000000
SE-C02-015-A0034,SE-C02-015,DS05,santa_elena,CAMPAIGN_02,66.000000000,68.000000000,2.000000000,0.058352963,0.000000000,0.000000000
SE-C02-015-A0035,SE-C02-015,DS05,santa_elena,CAMPAIGN_02,68.000000000,70.000000000,2.000000000,0.055959398,0.000000000,0.000000000
SE-C02-015-A0036,SE-C02-015,DS05,santa_elena,CAMPAIGN_02,70.000000000,72.000000000,2.000000000,0.059498556,0.000000000,0.000000000
SE-C02-015-A0037,SE-C02-015,DS05,santa_elena,CAMPAIGN_02,72.000000000,74.000000000,2.000000000,0.061894083,0.000000000,0.000000000
SE-C02-015-A0038,SE-C02-015,DS05,santa_elena,CAMPAIGN_02,74.000000000,76.000000000,2.000000000,0.060312254,0.000000000,0.000000000
SE-C02-015-A0039,SE-C02-015,DS05,santa_elena,CAMPAIGN_02,76.000000000,78.000000000,2.000000000,0.065739905,0.000000000,0.000000000
SE-C02-015-A0040,SE-C02-015,DS05,santa_elena,CAMPAIGN_02,78.000000000,80.000000000,2.000000000,0.069951099,0.000000000,0.000000000
SE-C02-015-A0041,SE-C02-015,DS05,santa_elena,CAMPAIGN_02,80.000000000,82.000000000,2.000000000,0.069312066,0.000000000,0.000000000
SE-C02-015-A0042,SE-C02-015,DS05,santa_elena,CAMPAIGN_02,82.000000000,84.000000000,2.000000000,0.069510948,0.000000000,0.000000000
SE-C02-015-A0043,SE-C02-015,DS05,santa_elena,CAMPAIGN_02,84.000000000,86.000000000,2.000000000,0.079861248,0.000000000,0.000000000
SE-C02-015-A0044,SE-C02-015,DS05,santa_elena,CAMPAIGN_02,86.000000000,88.000000000,2.000000000,0.080995966,0.000000000,0.000000000
SE-C02-015-A0045,SE-C02-015,DS05,santa_elena,CAMPAIGN_02,88.000000000,90.000000000,2.000000000,0.086753894,0.000000000,0.000000000
SE-C02-015-A0046,SE-C02-015,DS05,santa_elena,CAMPAIGN_02,90.000000000,92.000000000,2.000000000,0.077903775,0.000000000,0.000000000
SE-C02-015-A0047,SE-C02-015,DS05,santa_elena,CAMPAIGN_02,92.000000000,94.000000000,2.000000000,0.085368627,0.000000000,0.000000000
SE-C02-015-A0048,SE-C02-015,DS05,santa_elena,CAMPAIGN_02,94.000000000,96.000000000,2.000000000,0.085462067,0.000000000,0.000000000
SE-C02-015-A0049,SE-C02-015,DS05,santa_elena,CAMPAIGN_02,96.000000000,98.000000000,2.000000000,0.085816251,0.000000000,0.000000000
SE-C02-015-A0050,SE-C02-015,DS05,santa_elena,CAMPAIGN_02,98.000000000,100.000000000,2.000000000,0.092350585,0.000000000,0.000000000
SE-C02-015-A0051,SE-C02-015,DS05,santa_elena,CAMPAIGN_02,100.000000000,102.000000000,2.000000000,0.096975726,0.000000000,0.000000000
SE-C02-015-A0052,SE-C02-015,DS05,santa_elena,CAMPAIGN_02,102.000000000,104.000000000,2.000000000,0.086700305,0.000000000,0.000000000
SE-C02-015-A0053,SE-C02-015,DS05,santa_elena,CAMPAIGN_02,104.000000000,106.000000000,2.000000000,0.101632665,0.000000000,0.000000000
SE-C02-015-A0054,SE-C02-015,DS05,santa_elena,CAMPAIGN_02,106.000000000,108.000000000,2.000000000,0.100622185,0.000000000,0.000000000
SE-C02-015-A0055,SE-C02-015,DS05,santa_elena,CAMPAIGN_02,108.000000000,110.000000000,2.000000000,0.108736490,0.000000000,0.000000000
SE-C02-015-A0056,SE-C02-015,DS05,santa_elena,CAMPAIGN_02,110.000000000,112.000000000,2.000000000,0.107738714,0.000000000,0.000000000
SE-C02-015-A0057,SE-C02-015,DS05,santa_elena,CAMPAIGN_02,112.000000000,114.000000000,2.000000000,0.109244919,0.000000000,0.000000000
SE-C02-015-A0058,SE-C02-015,DS05,santa_elena,CAMPAIGN_02,114.000000000,116.000000000,2.000000000,0.106436951,0.000000000,0.000000000
SE-C02-015-A0059,SE-C02-015,DS05,santa_elena,CAMPAIGN_02,116.000000000,118.000000000,2.000000000,0.123220137,0.000000000,0.000000000
SE-C02-015-A0060,SE-C02-015,DS05,santa_elena,CAMPAIGN_02,118.000000000,120.000000000,2.000000000,0.129033896,0.000000000,0.000000000
SE-C02-015-A0061,SE-C02-015,DS05,santa_elena,CAMPAIGN_02,120.000000000,122.000000000,2.000000000,0.130245486,0.000000000,0.000000000
SE-C02-015-A0062,SE-C02-015,DS05,santa_elena,CAMPAIGN_02,122.000000000,124.000000000,2.000000000,0.145359283,0.000000000,0.000000000
SE-C02-015-A0063,SE-C02-015,DS05,santa_elena,CAMPAIGN_02,124.000000000,126.000000000,2.000000000,0.146290453,0.000000000,0.000000000
SE-C02-015-A0064,SE-C02-015,DS05,santa_elena,CAMPAIGN_02,126.000000000,128.000000000,2.000000000,0.153175638,0.000000000,0.000000000
SE-C02-015-A0065,SE-C02-015,DS05,santa_elena,CAMPAIGN_02,128.000000000,130.000000000,2.000000000,0.154537854,0.000000000,0.000000000
SE-C02-015-A0066,SE-C02-015,DS05,santa_elena,CAMPAIGN_02,130.000000000,132.000000000,2.000000000,0.167977738,0.000000000,0.000000000
SE-C02-015-A0067,SE-C02-015,DS05,santa_elena,CAMPAIGN_02,132.000000000,134.000000000,2.000000000,0.172293162,0.000000000,0.000000000
SE-C02-015-A0068,SE-C02-015,DS05,santa_elena,CAMPAIGN_02,134.000000000,136.000000000,2.000000000,0.160489413,0.000000000,0.000000000
SE-C02-015-A0069,SE-C02-015,DS05,santa_elena,CAMPAIGN_02,136.000000000,138.000000000,2.000000000,0.174736586,0.000000000,0.000000000
SE-C02-015-A0070,SE-C02-015,DS05,santa_elena,CAMPAIGN_02,138.000000000,140.000000000,2.000000000,0.180525929,0.000000000,0.000000000
SE-C02-015-A0071,SE-C02-015,DS05,santa_elena,CAMPAIGN_02,140.000000000,142.000000000,2.000000000,0.186575662,0.000000000,0.000000000
SE-C02-015-A0072,SE-C02-015,DS05,santa_elena,CAMPAIGN_02,142.000000000,144.000000000,2.000000000,0.193542287,0.000000000,0.000000000
SE-C02-015-A0073,SE-C02-015,DS05,santa_elena,CAMPAIGN_02,144.000000000,146.000000000,2.000000000,0.187549927,0.000000000,0.000000000
SE-C02-015-A0074,SE-C02-015,DS05,santa_elena,CAMPAIGN_02,146.000000000,148.000000000,2.000000000,0.186026644,0.000000000,0.000000000
SE-C02-015-A0075,SE-C02-015,DS05,santa_elena,CAMPAIGN_02,148.000000000,150.000000000,2.000000000,0.204166518,0.000000000,0.000000000
SE-C02-015-A0076,SE-C02-015,DS05,santa_elena,CAMPAIGN_02,150.000000000,152.000000000,2.000000000,0.203462672,0.000000000,0.000000000
SE-C02-015-A0077,SE-C02-015,DS05,santa_elena,CAMPAIGN_02,152.000000000,154.000000000,2.000000000,0.211462916,0.000000000,0.000000000
SE-C02-015-A0078,SE-C02-015,DS05,santa_elena,CAMPAIGN_02,154.000000000,156.000000000,2.000000000,0.232136877,0.000000000,0.000000000
SE-C02-015-A0079,SE-C02-015,DS05,santa_elena,CAMPAIGN_02,156.000000000,158.000000000,2.000000000,0.218718114,0.000000000,0.000000000
SE-C02-015-A0080,SE-C02-015,DS05,santa_elena,CAMPAIGN_02,158.000000000,160.000000000,2.000000000,0.224882895,0.000000000,0.000000000
SE-C02-015-A0081,SE-C02-015,DS05,santa_elena,CAMPAIGN_02,160.000000000,162.000000000,2.000000000,0.221296643,0.000000000,0.000000000
SE-C02-015-A0082,SE-C02-015,DS05,santa_elena,CAMPAIGN_02,162.000000000,164.000000000,2.000000000,0.228669422,0.000000000,0.000000000
SE-C02-015-A0083,SE-C02-015,DS05,santa_elena,CAMPAIGN_02,164.000000000,166.000000000,2.000000000,0.241654222,0.000000000,0.000000000
SE-C02-015-A0084,SE-C02-015,DS05,santa_elena,CAMPAIGN_02,166.000000000,168.000000000,2.000000000,0.242362812,0.000000000,0.000000000
SE-C02-015-A0085,SE-C02-015,DS05,santa_elena,CAMPAIGN_02,168.000000000,170.000000000,2.000000000,0.254461081,0.000000000,0.000000000
SE-C02-015-A0086,SE-C02-015,DS05,santa_elena,CAMPAIGN_02,170.000000000,172.000000000,2.000000000,0.244204952,0.000000000,0.000000000
SE-C02-015-A0087,SE-C02-015,DS05,santa_elena,CAMPAIGN_02,172.000000000,174.000000000,2.000000000,0.258675056,0.000000000,0.000000000
SE-C02-015-A0088,SE-C02-015,DS05,santa_elena,CAMPAIGN_02,174.000000000,176.000000000,2.000000000,0.242147520,0.000000000,0.000000000
SE-C02-015-A0089,SE-C02-015,DS05,santa_elena,CAMPAIGN_02,176.000000000,178.000000000,2.000000000,0.271872756,0.000000000,0.000000000
SE-C02-015-A0090,SE-C02-015,DS05,santa_elena,CAMPAIGN_02,178.000000000,180.000000000,2.000000000,0.266758275,0.000000000,0.000000000
SE-C02-015-A0091,SE-C02-015,DS05,santa_elena,CAMPAIGN_02,180.000000000,182.000000000,2.000000000,0.279110057,0.000000000,0.000000000
SE-C02-015-A0092,SE-C02-015,DS05,santa_elena,CAMPAIGN_02,182.000000000,184.000000000,2.000000000,0.285389172,0.000000000,0.000000000
SE-C02-015-A0093,SE-C02-015,DS05,santa_elena,CAMPAIGN_02,184.000000000,186.000000000,2.000000000,0.280898282,0.000000000,0.000000000
SE-C02-015-A0094,SE-C02-015,DS05,santa_elena,CAMPAIGN_02,186.000000000,188.000000000,2.000000000,0.296673353,0.000000000,0.000000000
SE-C02-015-A0095,SE-C02-015,DS05,santa_elena,CAMPAIGN_02,188.000000000,190.000000000,2.000000000,0.319548118,0.000000000,0.000000000
SE-C02-015-A0096,SE-C02-015,DS05,santa_elena,CAMPAIGN_02,190.000000000,192.000000000,2.000000000,0.304479096,0.000000000,0.000000000
SE-C02-015-A0097,SE-C02-015,DS05,santa_elena,CAMPAIGN_02,192.000000000,194.000000000,2.000000000,0.315670382,0.000000000,0.000000000
SE-C02-015-A0098,SE-C02-015,DS05,santa_elena,CAMPAIGN_02,194.000000000,196.000000000,2.000000000,0.308527128,0.000000000,0.000000000
SE-C02-015-A0099,SE-C02-015,DS05,santa_elena,CAMPAIGN_02,196.000000000,198.000000000,2.000000000,0.313440101,0.000000000,0.000000000
SE-C02-015-A0100,SE-C02-015,DS05,santa_elena,CAMPAIGN_02,198.000000000,200.000000000,2.000000000,0.316163739,0.000000000,0.000000000
SE-C02-015-A0101,SE-C02-015,DS05,santa_elena,CAMPAIGN_02,200.000000000,202.000000000,2.000000000,0.343981710,0.000000000,0.000000000
SE-C02-015-A0102,SE-C02-015,DS05,santa_elena,CAMPAIGN_02,202.000000000,204.000000000,2.000000000,0.314558202,0.000000000,0.000000000
SE-C02-015-A0103,SE-C02-015,DS05,santa_elena,CAMPAIGN_02,204.000000000,206.000000000,2.000000000,0.329386436,0.000000000,0.000000000
SE-C02-015-A0104,SE-C02-015,DS05,santa_elena,CAMPAIGN_02,206.000000000,208.000000000,2.000000000,0.335995635,0.000000000,0.000000000
SE-C02-015-A0105,SE-C02-015,DS05,santa_elena,CAMPAIGN_02,208.000000000,210.000000000,2.000000000,0.335263968,0.000000000,0.000000000
SE-C02-015-A0106,SE-C02-015,DS05,santa_elena,CAMPAIGN_02,210.000000000,212.000000000,2.000000000,0.372575172,0.000000000,0.000000000
SE-C02-015-A0107,SE-C02-015,DS05,santa_elena,CAMPAIGN_02,212.000000000,214.000000000,2.000000000,0.361180581,0.000000000,0.000000000
SE-C02-015-A0108,SE-C02-015,DS05,santa_elena,CAMPAIGN_02,214.000000000,216.000000000,2.000000000,0.369192895,0.000000000,0.000000000
SE-C02-015-A0109,SE-C02-015,DS05,santa_elena,CAMPAIGN_02,216.000000000,218.000000000,2.000000000,0.371435488,0.000000000,0.000000000
SE-C02-015-A0110,SE-C02-015,DS05,santa_elena,CAMPAIGN_02,218.000000000,220.000000000,2.000000000,0.388945284,0.000000000,0.000000000
SE-C02-015-A0111,SE-C02-015,DS05,santa_elena,CAMPAIGN_02,220.000000000,222.000000000,2.000000000,0.402435288,0.000000000,0.000000000
SE-C02-015-A0112,SE-C02-015,DS05,santa_elena,CAMPAIGN_02,222.000000000,224.000000000,2.000000000,0.389994222,0.000000000,0.000000000
SE-C02-015-A0113,SE-C02-015,DS05,santa_elena,CAMPAIGN_02,224.000000000,226.000000000,2.000000000,0.366899227,0.000000000,0.000000000
SE-C02-015-A0114,SE-C02-015,DS05,santa_elena,CAMPAIGN_02,226.000000000,228.000000000,2.000000000,0.435643426,0.000000000,0.000000000
SE-C02-015-A0115,SE-C02-015,DS05,santa_elena,CAMPAIGN_02,228.000000000,230.000000000,2.000000000,0.381717158,0.000000000,0.000000000
SE-C02-015-A0116,SE-C02-015,DS05,santa_elena,CAMPAIGN_02,230.000000000,232.000000000,2.000000000,0.383084552,0.000000000,0.000000000
SE-C02-015-A0117,SE-C02-015,DS05,santa_elena,CAMPAIGN_02,232.000000000,234.000000000,2.000000000,0.412607510,0.000000000,0.000000000
SE-C02-015-A0118,SE-C02-015,DS05,santa_elena,CAMPAIGN_02,234.000000000,236.000000000,2.000000000,0.423496329,0.000000000,0.000000000
SE-C02-015-A0119,SE-C02-015,DS05,santa_elena,CAMPAIGN_02,236.000000000,238.000000000,2.000000000,0.412004510,0.000000000,0.000000000
SE-C02-015-A0120,SE-C02-015,DS05,santa_elena,CAMPAIGN_02,238.000000000,240.000000000,2.000000000,0.430834011,0.000000000,0.000000000
SE-C02-015-A0121,SE-C02-015,DS05,santa_elena,CAMPAIGN_02,240.000000000,242.000000000,2.000000000,0.435496043,0.000000000,0.000000000
SE-C02-015-A0122,SE-C02-015,DS05,santa_elena,CAMPAIGN_02,242.000000000,244.000000000,2.000000000,0.435372558,0.000000000,0.000000000
SE-C02-015-A0123,SE-C02-015,DS05,santa_elena,CAMPAIGN_02,244.000000000,246.000000000,2.000000000,0.436386618,0.000000000,0.000000000
SE-C02-015-A0124,SE-C02-015,DS05,santa_elena,CAMPAIGN_02,246.000000000,248.000000000,2.000000000,0.435092033,0.000000000,0.000000000
SE-C02-015-A0125,SE-C02-015,DS05,santa_elena,CAMPAIGN_02,248.000000000,250.000000000,2.000000000,0.463342873,0.000000000,0.000000000
SE-C02-015-A0126,SE-C02-015,DS05,santa_elena,CAMPAIGN_02,250.000000000,252.000000000,2.000000000,0.460166308,0.000000000,0.000000000
SE-C02-015-A0127,SE-C02-015,DS05,santa_elena,CAMPAIGN_02,252.000000000,254.000000000,2.000000000,0.481415016,0.000000000,0.000000000
SE-C02-015-A0128,SE-C02-015,DS05,santa_elena,CAMPAIGN_02,254.000000000,256.000000000,2.000000000,0.476486347,0.000000000,0.000000000
SE-C02-015-A0129,SE-C02-015,DS05,santa_elena,CAMPAIGN_02,256.000000000,258.000000000,2.000000000,0.442918407,0.000000000,0.000000000
SE-C02-015-A0130,SE-C02-015,DS05,santa_elena,CAMPAIGN_02,258.000000000,260.000000000,2.000000000,0.500976676,0.000000000,0.000000000
SE-C02-015-A0131,SE-C02-015,DS05,santa_elena,CAMPAIGN_02,260.000000000,262.000000000,2.000000000,0.507066645,0.000000000,0.000000000
SE-C02-015-A0132,SE-C02-015,DS05,santa_elena,CAMPAIGN_02,262.000000000,264.000000000,2.000000000,0.471933600,0.000000000,0.000000000
SE-C02-015-A0133,SE-C02-015,DS05,santa_elena,CAMPAIGN_02,264.000000000,266.000000000,2.000000000,0.472126664,0.000000000,0.000000000
SE-C02-015-A0134,SE-C02-015,DS05,santa_elena,CAMPAIGN_02,266.000000000,268.000000000,2.000000000,0.464640907,0.000000000,0.000000000
SE-C02-015-A0135,SE-C02-015,DS05,santa_elena,CAMPAIGN_02,268.000000000,270.000000000,2.000000000,0.471991218,0.000000000,0.000000000
SE-C02-015-A0136,SE-C02-015,DS05,santa_elena,CAMPAIGN_02,270.000000000,272.000000000,2.000000000,0.489268389,0.000000000,0.000000000
SE-C02-015-A0137,SE-C02-015,DS05,santa_elena,CAMPAIGN_02,272.000000000,274.000000000,2.000000000,0.462790126,0.000000000,0.000000000
SE-C02-015-A0138,SE-C02-015,DS05,santa_elena,CAMPAIGN_02,274.000000000,276.000000000,2.000000000,0.420832709,0.000000000,0.000000000
SE-C02-015-A0139,SE-C02-015,DS05,santa_elena,CAMPAIGN_02,276.000000000,278.000000000,2.000000000,0.467302224,0.000000000,0.000000000
SE-C02-015-A0140,SE-C02-015,DS05,santa_elena,CAMPAIGN_02,278.000000000,280.000000000,2.000000000,0.494048556,0.000000000,0.000000000
SE-C02-015-A0141,SE-C02-015,DS05,santa_elena,CAMPAIGN_02,280.000000000,282.000000000,2.000000000,0.518000945,0.000000000,0.000000000
SE-C02-015-A0142,SE-C02-015,DS05,santa_elena,CAMPAIGN_02,282.000000000,284.000000000,2.000000000,0.472242614,0.000000000,0.000000000
SE-C02-015-A0143,SE-C02-015,DS05,santa_elena,CAMPAIGN_02,284.000000000,286.000000000,2.000000000,0.493090493,0.000000000,0.000000000
SE-C02-015-A0144,SE-C02-015,DS05,santa_elena,CAMPAIGN_02,286.000000000,288.000000000,2.000000000,0.509654430,0.000000000,0.000000000
SE-C02-015-A0145,SE-C02-015,DS05,santa_elena,CAMPAIGN_02,288.000000000,290.000000000,2.000000000,0.524634163,0.000000000,0.000000000
SE-C02-015-A0146,SE-C02-015,DS05,santa_elena,CAMPAIGN_02,290.000000000,292.000000000,2.000000000,0.513157524,0.000000000,0.000000000
SE-C02-015-A0147,SE-C02-015,DS05,santa_elena,CAMPAIGN_02,292.000000000,294.000000000,2.000000000,0.512946391,0.000000000,0.000000000
SE-C02-015-A0148,SE-C02-015,DS05,santa_elena,CAMPAIGN_02,294.000000000,296.000000000,2.000000000,0.518337632,0.000000000,0.000000000
SE-C02-015-A0149,SE-C02-015,DS05,santa_elena,CAMPAIGN_02,296.000000000,298.000000000,2.000000000,0.533840298,0.000000000,0.000000000
SE-C02-015-A0150,SE-C02-015,DS05,santa_elena,CAMPAIGN_02,298.000000000,300.000000000,2.000000000,0.495757371,0.000000000,0.000000000
SE-C02-015-A0151,SE-C02-015,DS05,santa_elena,CAMPAIGN_02,300.000000000,302.000000000,2.000000000,0.475419341,0.000000000,0.000000000
SE-C02-015-A0152,SE-C02-015,DS05,santa_elena,CAMPAIGN_02,302.000000000,304.000000000,2.000000000,0.474631688,0.000000000,0.000000000
SE-C02-015-A0153,SE-C02-015,DS05,santa_elena,CAMPAIGN_02,304.000000000,306.000000000,2.000000000,0.525706672,0.000000000,0.000000000
SE-C02-015-A0154,SE-C02-015,DS05,santa_elena,CAMPAIGN_02,306.000000000,308.000000000,2.000000000,0.507283783,0.000000000,0.000000000
SE-C02-015-A0155,SE-C02-015,DS05,santa_elena,CAMPAIGN_02,308.000000000,309.075761120,1.075761120,0.528500852,0.000000000,0.000000000
SE-C02-016-A0001,SE-C02-016,DS05,santa_elena,CAMPAIGN_02,0.000000000,2.000000000,2.000000000,0.077320459,0.000000000,0.000000000
SE-C02-016-A0002,SE-C02-016,DS05,santa_elena,CAMPAIGN_02,2.000000000,4.000000000,2.000000000,0.076065573,0.000000000,0.000000000
SE-C02-016-A0003,SE-C02-016,DS05,santa_elena,CAMPAIGN_02,4.000000000,6.000000000,2.000000000,0.084046662,0.000000000,0.000000000
SE-C02-016-A0004,SE-C02-016,DS05,santa_elena,CAMPAIGN_02,6.000000000,8.000000000,2.000000000,0.090141527,0.000000000,0.000000000
SE-C02-016-A0005,SE-C02-016,DS05,santa_elena,CAMPAIGN_02,8.000000000,10.000000000,2.000000000,0.093635071,0.000000000,0.000000000
SE-C02-016-A0006,SE-C02-016,DS05,santa_elena,CAMPAIGN_02,10.000000000,12.000000000,2.000000000,0.087193922,0.000000000,0.000000000
SE-C02-016-A0007,SE-C02-016,DS05,santa_elena,CAMPAIGN_02,12.000000000,14.000000000,2.000000000,0.091293390,0.000000000,0.000000000
SE-C02-016-A0008,SE-C02-016,DS05,santa_elena,CAMPAIGN_02,14.000000000,16.000000000,2.000000000,0.099372133,0.000000000,0.000000000
SE-C02-016-A0009,SE-C02-016,DS05,santa_elena,CAMPAIGN_02,16.000000000,18.000000000,2.000000000,0.097337787,0.000000000,0.000000000
SE-C02-016-A0010,SE-C02-016,DS05,santa_elena,CAMPAIGN_02,18.000000000,20.000000000,2.000000000,0.104120016,0.000000000,0.000000000
SE-C02-016-A0011,SE-C02-016,DS05,santa_elena,CAMPAIGN_02,20.000000000,22.000000000,2.000000000,0.102765480,0.000000000,0.000000000
SE-C02-016-A0012,SE-C02-016,DS05,santa_elena,CAMPAIGN_02,22.000000000,24.000000000,2.000000000,0.094355561,0.000000000,0.000000000
SE-C02-016-A0013,SE-C02-016,DS05,santa_elena,CAMPAIGN_02,24.000000000,26.000000000,2.000000000,0.113198282,0.000000000,0.000000000
SE-C02-016-A0014,SE-C02-016,DS05,santa_elena,CAMPAIGN_02,26.000000000,28.000000000,2.000000000,0.104758839,0.000000000,0.000000000
SE-C02-016-A0015,SE-C02-016,DS05,santa_elena,CAMPAIGN_02,28.000000000,30.000000000,2.000000000,0.097461055,0.000000000,0.000000000
SE-C02-016-A0016,SE-C02-016,DS05,santa_elena,CAMPAIGN_02,30.000000000,32.000000000,2.000000000,0.100724104,0.000000000,0.000000000
SE-C02-016-A0017,SE-C02-016,DS05,santa_elena,CAMPAIGN_02,32.000000000,34.000000000,2.000000000,0.097094665,0.000000000,0.000000000
SE-C02-016-A0018,SE-C02-016,DS05,santa_elena,CAMPAIGN_02,34.000000000,36.000000000,2.000000000,0.098434063,0.000000000,0.000000000
SE-C02-016-A0019,SE-C02-016,DS05,santa_elena,CAMPAIGN_02,36.000000000,38.000000000,2.000000000,0.098613303,0.000000000,0.000000000
SE-C02-016-A0020,SE-C02-016,DS05,santa_elena,CAMPAIGN_02,38.000000000,40.000000000,2.000000000,0.103665564,0.000000000,0.000000000
SE-C02-016-A0021,SE-C02-016,DS05,santa_elena,CAMPAIGN_02,40.000000000,42.000000000,2.000000000,0.106526441,0.000000000,0.000000000
SE-C02-016-A0022,SE-C02-016,DS05,santa_elena,CAMPAIGN_02,42.000000000,44.000000000,2.000000000,0.112796676,0.000000000,0.000000000
SE-C02-016-A0023,SE-C02-016,DS05,santa_elena,CAMPAIGN_02,44.000000000,46.000000000,2.000000000,0.115716628,0.000000000,0.000000000
SE-C02-016-A0024,SE-C02-016,DS05,santa_elena,CAMPAIGN_02,46.000000000,48.000000000,2.000000000,0.121309566,0.000000000,0.000000000
SE-C02-016-A0025,SE-C02-016,DS05,santa_elena,CAMPAIGN_02,48.000000000,50.000000000,2.000000000,0.122163705,0.000000000,0.000000000
SE-C02-016-A0026,SE-C02-016,DS05,santa_elena,CAMPAIGN_02,50.000000000,52.000000000,2.000000000,0.112022673,0.000000000,0.000000000
SE-C02-016-A0027,SE-C02-016,DS05,santa_elena,CAMPAIGN_02,52.000000000,54.000000000,2.000000000,0.132848388,0.000000000,0.000000000
SE-C02-016-A0028,SE-C02-016,DS05,santa_elena,CAMPAIGN_02,54.000000000,56.000000000,2.000000000,0.123935757,0.000000000,0.000000000
SE-C02-016-A0029,SE-C02-016,DS05,santa_elena,CAMPAIGN_02,56.000000000,58.000000000,2.000000000,0.126903249,0.000000000,0.000000000
SE-C02-016-A0030,SE-C02-016,DS05,santa_elena,CAMPAIGN_02,58.000000000,60.000000000,2.000000000,0.129989180,0.000000000,0.000000000
SE-C02-016-A0031,SE-C02-016,DS05,santa_elena,CAMPAIGN_02,60.000000000,62.000000000,2.000000000,0.140306572,0.000000000,0.000000000
SE-C02-016-A0032,SE-C02-016,DS05,santa_elena,CAMPAIGN_02,62.000000000,64.000000000,2.000000000,0.144760422,0.000000000,0.000000000
SE-C02-016-A0033,SE-C02-016,DS05,santa_elena,CAMPAIGN_02,64.000000000,66.000000000,2.000000000,0.141749110,0.000000000,0.000000000
SE-C02-016-A0034,SE-C02-016,DS05,santa_elena,CAMPAIGN_02,66.000000000,68.000000000,2.000000000,0.151336922,0.000000000,0.000000000
SE-C02-016-A0035,SE-C02-016,DS05,santa_elena,CAMPAIGN_02,68.000000000,70.000000000,2.000000000,0.160732416,0.000000000,0.000000000
SE-C02-016-A0036,SE-C02-016,DS05,santa_elena,CAMPAIGN_02,70.000000000,72.000000000,2.000000000,0.144547900,0.000000000,0.000000000
SE-C02-016-A0037,SE-C02-016,DS05,santa_elena,CAMPAIGN_02,72.000000000,74.000000000,2.000000000,0.161704336,0.000000000,0.000000000
SE-C02-016-A0038,SE-C02-016,DS05,santa_elena,CAMPAIGN_02,74.000000000,76.000000000,2.000000000,0.166234094,0.000000000,0.000000000
SE-C02-016-A0039,SE-C02-016,DS05,santa_elena,CAMPAIGN_02,76.000000000,78.000000000,2.000000000,0.169185337,0.000000000,0.000000000
SE-C02-016-A0040,SE-C02-016,DS05,santa_elena,CAMPAIGN_02,78.000000000,80.000000000,2.000000000,0.182616929,0.000000000,0.000000000
SE-C02-016-A0041,SE-C02-016,DS05,santa_elena,CAMPAIGN_02,80.000000000,82.000000000,2.000000000,0.181454849,0.000000000,0.000000000
SE-C02-016-A0042,SE-C02-016,DS05,santa_elena,CAMPAIGN_02,82.000000000,84.000000000,2.000000000,0.185861245,0.000000000,0.000000000
SE-C02-016-A0043,SE-C02-016,DS05,santa_elena,CAMPAIGN_02,84.000000000,86.000000000,2.000000000,0.200975228,0.000000000,0.000000000
SE-C02-016-A0044,SE-C02-016,DS05,santa_elena,CAMPAIGN_02,86.000000000,88.000000000,2.000000000,0.184309841,0.000000000,0.000000000
SE-C02-016-A0045,SE-C02-016,DS05,santa_elena,CAMPAIGN_02,88.000000000,90.000000000,2.000000000,0.190936449,0.000000000,0.000000000
SE-C02-016-A0046,SE-C02-016,DS05,santa_elena,CAMPAIGN_02,90.000000000,92.000000000,2.000000000,0.193149185,0.000000000,0.000000000
SE-C02-016-A0047,SE-C02-016,DS05,santa_elena,CAMPAIGN_02,92.000000000,94.000000000,2.000000000,0.198870454,0.000000000,0.000000000
SE-C02-016-A0048,SE-C02-016,DS05,santa_elena,CAMPAIGN_02,94.000000000,96.000000000,2.000000000,0.209167635,0.000000000,0.000000000
SE-C02-016-A0049,SE-C02-016,DS05,santa_elena,CAMPAIGN_02,96.000000000,98.000000000,2.000000000,0.214720196,0.000000000,0.000000000
SE-C02-016-A0050,SE-C02-016,DS05,santa_elena,CAMPAIGN_02,98.000000000,100.000000000,2.000000000,0.210073958,0.000000000,0.000000000
SE-C02-016-A0051,SE-C02-016,DS05,santa_elena,CAMPAIGN_02,100.000000000,102.000000000,2.000000000,0.217435108,0.000000000,0.000000000
SE-C02-016-A0052,SE-C02-016,DS05,santa_elena,CAMPAIGN_02,102.000000000,104.000000000,2.000000000,0.211395627,0.000000000,0.000000000
SE-C02-016-A0053,SE-C02-016,DS05,santa_elena,CAMPAIGN_02,104.000000000,106.000000000,2.000000000,0.215212624,0.000000000,0.000000000
SE-C02-016-A0054,SE-C02-016,DS05,santa_elena,CAMPAIGN_02,106.000000000,108.000000000,2.000000000,0.252013387,0.000000000,0.000000000
SE-C02-016-A0055,SE-C02-016,DS05,santa_elena,CAMPAIGN_02,108.000000000,110.000000000,2.000000000,0.234237098,0.000000000,0.000000000
SE-C02-016-A0056,SE-C02-016,DS05,santa_elena,CAMPAIGN_02,110.000000000,112.000000000,2.000000000,0.251203893,0.000000000,0.000000000
SE-C02-016-A0057,SE-C02-016,DS05,santa_elena,CAMPAIGN_02,112.000000000,114.000000000,2.000000000,0.245426037,0.000000000,0.000000000
SE-C02-016-A0058,SE-C02-016,DS05,santa_elena,CAMPAIGN_02,114.000000000,116.000000000,2.000000000,0.223020580,0.000000000,0.000000000
SE-C02-016-A0059,SE-C02-016,DS05,santa_elena,CAMPAIGN_02,116.000000000,118.000000000,2.000000000,0.242050664,0.000000000,0.000000000
SE-C02-016-A0060,SE-C02-016,DS05,santa_elena,CAMPAIGN_02,118.000000000,120.000000000,2.000000000,0.247314870,0.000000000,0.000000000
SE-C02-016-A0061,SE-C02-016,DS05,santa_elena,CAMPAIGN_02,120.000000000,122.000000000,2.000000000,0.254578951,0.000000000,0.000000000
SE-C02-016-A0062,SE-C02-016,DS05,santa_elena,CAMPAIGN_02,122.000000000,124.000000000,2.000000000,0.256336599,0.000000000,0.000000000
SE-C02-016-A0063,SE-C02-016,DS05,santa_elena,CAMPAIGN_02,124.000000000,126.000000000,2.000000000,0.256335320,0.000000000,0.000000000
SE-C02-016-A0064,SE-C02-016,DS05,santa_elena,CAMPAIGN_02,126.000000000,128.000000000,2.000000000,0.248813692,0.000000000,0.000000000
SE-C02-016-A0065,SE-C02-016,DS05,santa_elena,CAMPAIGN_02,128.000000000,130.000000000,2.000000000,0.263390197,0.000000000,0.000000000
SE-C02-016-A0066,SE-C02-016,DS05,santa_elena,CAMPAIGN_02,130.000000000,132.000000000,2.000000000,0.268662177,0.000000000,0.000000000
SE-C02-016-A0067,SE-C02-016,DS05,santa_elena,CAMPAIGN_02,132.000000000,134.000000000,2.000000000,0.277804022,0.000000000,0.000000000
SE-C02-016-A0068,SE-C02-016,DS05,santa_elena,CAMPAIGN_02,134.000000000,136.000000000,2.000000000,0.273847750,0.000000000,0.000000000
SE-C02-016-A0069,SE-C02-016,DS05,santa_elena,CAMPAIGN_02,136.000000000,138.000000000,2.000000000,0.277370201,0.000000000,0.000000000
SE-C02-016-A0070,SE-C02-016,DS05,santa_elena,CAMPAIGN_02,138.000000000,140.000000000,2.000000000,0.281610418,0.000000000,0.000000000
SE-C02-016-A0071,SE-C02-016,DS05,santa_elena,CAMPAIGN_02,140.000000000,142.000000000,2.000000000,0.283831016,0.000000000,0.000000000
SE-C02-016-A0072,SE-C02-016,DS05,santa_elena,CAMPAIGN_02,142.000000000,144.000000000,2.000000000,0.288795084,0.000000000,0.000000000
SE-C02-016-A0073,SE-C02-016,DS05,santa_elena,CAMPAIGN_02,144.000000000,146.000000000,2.000000000,0.311685486,0.000000000,0.000000000
SE-C02-016-A0074,SE-C02-016,DS05,santa_elena,CAMPAIGN_02,146.000000000,148.000000000,2.000000000,0.287856537,0.000000000,0.000000000
SE-C02-016-A0075,SE-C02-016,DS05,santa_elena,CAMPAIGN_02,148.000000000,150.000000000,2.000000000,0.300077009,0.000000000,0.000000000
SE-C02-016-A0076,SE-C02-016,DS05,santa_elena,CAMPAIGN_02,150.000000000,152.000000000,2.000000000,0.309088700,0.000000000,0.000000000
SE-C02-016-A0077,SE-C02-016,DS05,santa_elena,CAMPAIGN_02,152.000000000,154.000000000,2.000000000,0.344324708,0.000000000,0.000000000
SE-C02-016-A0078,SE-C02-016,DS05,santa_elena,CAMPAIGN_02,154.000000000,156.000000000,2.000000000,0.328940135,0.000000000,0.000000000
SE-C02-016-A0079,SE-C02-016,DS05,santa_elena,CAMPAIGN_02,156.000000000,158.000000000,2.000000000,0.333230190,0.000000000,0.000000000
SE-C02-016-A0080,SE-C02-016,DS05,santa_elena,CAMPAIGN_02,158.000000000,160.000000000,2.000000000,0.314971321,0.000000000,0.000000000
SE-C02-016-A0081,SE-C02-016,DS05,santa_elena,CAMPAIGN_02,160.000000000,162.000000000,2.000000000,0.332745374,0.000000000,0.000000000
SE-C02-016-A0082,SE-C02-016,DS05,santa_elena,CAMPAIGN_02,162.000000000,164.000000000,2.000000000,0.340817097,0.000000000,0.000000000
SE-C02-016-A0083,SE-C02-016,DS05,santa_elena,CAMPAIGN_02,164.000000000,166.000000000,2.000000000,0.346609655,0.000000000,0.000000000
SE-C02-016-A0084,SE-C02-016,DS05,santa_elena,CAMPAIGN_02,166.000000000,168.000000000,2.000000000,0.344762973,0.000000000,0.000000000
SE-C02-016-A0085,SE-C02-016,DS05,santa_elena,CAMPAIGN_02,168.000000000,170.000000000,2.000000000,0.334054900,0.000000000,0.000000000
SE-C02-016-A0086,SE-C02-016,DS05,santa_elena,CAMPAIGN_02,170.000000000,172.000000000,2.000000000,0.347564166,0.000000000,0.000000000
SE-C02-016-A0087,SE-C02-016,DS05,santa_elena,CAMPAIGN_02,172.000000000,174.000000000,2.000000000,0.340375839,0.000000000,0.000000000
SE-C02-016-A0088,SE-C02-016,DS05,santa_elena,CAMPAIGN_02,174.000000000,176.000000000,2.000000000,0.341659592,0.000000000,0.000000000
SE-C02-016-A0089,SE-C02-016,DS05,santa_elena,CAMPAIGN_02,176.000000000,178.000000000,2.000000000,0.379529084,0.000000000,0.000000000
SE-C02-016-A0090,SE-C02-016,DS05,santa_elena,CAMPAIGN_02,178.000000000,180.000000000,2.000000000,0.371044156,0.000000000,0.000000000
SE-C02-016-A0091,SE-C02-016,DS05,santa_elena,CAMPAIGN_02,180.000000000,182.000000000,2.000000000,0.382654055,0.000000000,0.000000000
SE-C02-016-A0092,SE-C02-016,DS05,santa_elena,CAMPAIGN_02,182.000000000,184.000000000,2.000000000,0.390806313,0.000000000,0.000000000
SE-C02-016-A0093,SE-C02-016,DS05,santa_elena,CAMPAIGN_02,184.000000000,186.000000000,2.000000000,0.340916373,0.000000000,0.000000000
SE-C02-016-A0094,SE-C02-016,DS05,santa_elena,CAMPAIGN_02,186.000000000,188.000000000,2.000000000,0.384527657,0.000000000,0.000000000
SE-C02-016-A0095,SE-C02-016,DS05,santa_elena,CAMPAIGN_02,188.000000000,190.000000000,2.000000000,0.392144341,0.000000000,0.000000000
SE-C02-016-A0096,SE-C02-016,DS05,santa_elena,CAMPAIGN_02,190.000000000,192.000000000,2.000000000,0.376212578,0.000000000,0.000000000
SE-C02-016-A0097,SE-C02-016,DS05,santa_elena,CAMPAIGN_02,192.000000000,194.000000000,2.000000000,0.392462352,0.000000000,0.000000000
SE-C02-016-A0098,SE-C02-016,DS05,santa_elena,CAMPAIGN_02,194.000000000,196.000000000,2.000000000,0.384877951,0.000000000,0.000000000
SE-C02-016-A0099,SE-C02-016,DS05,santa_elena,CAMPAIGN_02,196.000000000,198.000000000,2.000000000,0.379940398,0.000000000,0.000000000
SE-C02-016-A0100,SE-C02-016,DS05,santa_elena,CAMPAIGN_02,198.000000000,200.000000000,2.000000000,0.402086624,0.000000000,0.000000000
SE-C02-016-A0101,SE-C02-016,DS05,santa_elena,CAMPAIGN_02,200.000000000,202.000000000,2.000000000,0.390122468,0.000000000,0.000000000
SE-C02-016-A0102,SE-C02-016,DS05,santa_elena,CAMPAIGN_02,202.000000000,204.000000000,2.000000000,0.397178730,0.000000000,0.000000000
SE-C02-016-A0103,SE-C02-016,DS05,santa_elena,CAMPAIGN_02,204.000000000,206.000000000,2.000000000,0.424383179,0.000000000,0.000000000
SE-C02-016-A0104,SE-C02-016,DS05,santa_elena,CAMPAIGN_02,206.000000000,208.000000000,2.000000000,0.398731597,0.000000000,0.000000000
SE-C02-016-A0105,SE-C02-016,DS05,santa_elena,CAMPAIGN_02,208.000000000,210.000000000,2.000000000,0.355277516,0.000000000,0.000000000
SE-C02-017-A0001,SE-C02-017,DS05,santa_elena,CAMPAIGN_02,0.000000000,2.000000000,2.000000000,0.096053992,0.000000000,0.000000000
SE-C02-017-A0002,SE-C02-017,DS05,santa_elena,CAMPAIGN_02,2.000000000,4.000000000,2.000000000,0.102768768,0.000000000,0.000000000
SE-C02-017-A0003,SE-C02-017,DS05,santa_elena,CAMPAIGN_02,4.000000000,6.000000000,2.000000000,0.109486421,0.000000000,0.000000000
SE-C02-017-A0004,SE-C02-017,DS05,santa_elena,CAMPAIGN_02,6.000000000,8.000000000,2.000000000,0.111637424,0.000000000,0.000000000
SE-C02-017-A0005,SE-C02-017,DS05,santa_elena,CAMPAIGN_02,8.000000000,10.000000000,2.000000000,0.104334500,0.000000000,0.000000000
SE-C02-017-A0006,SE-C02-017,DS05,santa_elena,CAMPAIGN_02,10.000000000,12.000000000,2.000000000,0.107981586,0.000000000,0.000000000
SE-C02-017-A0007,SE-C02-017,DS05,santa_elena,CAMPAIGN_02,12.000000000,14.000000000,2.000000000,0.123304358,0.000000000,0.000000000
SE-C02-017-A0008,SE-C02-017,DS05,santa_elena,CAMPAIGN_02,14.000000000,16.000000000,2.000000000,0.118051133,0.000000000,0.000000000
SE-C02-017-A0009,SE-C02-017,DS05,santa_elena,CAMPAIGN_02,16.000000000,18.000000000,2.000000000,0.118050650,0.000000000,0.000000000
SE-C02-017-A0010,SE-C02-017,DS05,santa_elena,CAMPAIGN_02,18.000000000,20.000000000,2.000000000,0.128370530,0.000000000,0.000000000
SE-C02-017-A0011,SE-C02-017,DS05,santa_elena,CAMPAIGN_02,20.000000000,22.000000000,2.000000000,0.120897824,0.000000000,0.000000000
SE-C02-017-A0012,SE-C02-017,DS05,santa_elena,CAMPAIGN_02,22.000000000,24.000000000,2.000000000,0.130536154,0.000000000,0.000000000
SE-C02-017-A0013,SE-C02-017,DS05,santa_elena,CAMPAIGN_02,24.000000000,26.000000000,2.000000000,0.139370116,0.000000000,0.000000000
SE-C02-017-A0014,SE-C02-017,DS05,santa_elena,CAMPAIGN_02,26.000000000,28.000000000,2.000000000,0.143599155,0.000000000,0.000000000
SE-C02-017-A0015,SE-C02-017,DS05,santa_elena,CAMPAIGN_02,28.000000000,30.000000000,2.000000000,0.135133433,0.000000000,0.000000000
SE-C02-017-A0016,SE-C02-017,DS05,santa_elena,CAMPAIGN_02,30.000000000,32.000000000,2.000000000,0.158590706,0.000000000,0.000000000
SE-C02-017-A0017,SE-C02-017,DS05,santa_elena,CAMPAIGN_02,32.000000000,34.000000000,2.000000000,0.162534753,0.000000000,0.000000000
SE-C02-017-A0018,SE-C02-017,DS05,santa_elena,CAMPAIGN_02,34.000000000,36.000000000,2.000000000,0.151681395,0.000000000,0.000000000
SE-C02-017-A0019,SE-C02-017,DS05,santa_elena,CAMPAIGN_02,36.000000000,38.000000000,2.000000000,0.159299064,0.000000000,0.000000000
SE-C02-017-A0020,SE-C02-017,DS05,santa_elena,CAMPAIGN_02,38.000000000,40.000000000,2.000000000,0.171032979,0.000000000,0.000000000
SE-C02-017-A0021,SE-C02-017,DS05,santa_elena,CAMPAIGN_02,40.000000000,42.000000000,2.000000000,0.180901382,0.000000000,0.000000000
SE-C02-017-A0022,SE-C02-017,DS05,santa_elena,CAMPAIGN_02,42.000000000,44.000000000,2.000000000,0.164969213,0.000000000,0.000000000
SE-C02-017-A0023,SE-C02-017,DS05,santa_elena,CAMPAIGN_02,44.000000000,46.000000000,2.000000000,0.176464717,0.000000000,0.000000000
SE-C02-017-A0024,SE-C02-017,DS05,santa_elena,CAMPAIGN_02,46.000000000,48.000000000,2.000000000,0.175200816,0.000000000,0.000000000
SE-C02-017-A0025,SE-C02-017,DS05,santa_elena,CAMPAIGN_02,48.000000000,50.000000000,2.000000000,0.186542965,0.000000000,0.000000000
SE-C02-017-A0026,SE-C02-017,DS05,santa_elena,CAMPAIGN_02,50.000000000,52.000000000,2.000000000,0.192597493,0.000000000,0.000000000
SE-C02-017-A0027,SE-C02-017,DS05,santa_elena,CAMPAIGN_02,52.000000000,54.000000000,2.000000000,0.203412191,0.000000000,0.000000000
SE-C02-017-A0028,SE-C02-017,DS05,santa_elena,CAMPAIGN_02,54.000000000,56.000000000,2.000000000,0.199895207,0.000000000,0.000000000
SE-C02-017-A0029,SE-C02-017,DS05,santa_elena,CAMPAIGN_02,56.000000000,58.000000000,2.000000000,0.201443064,0.000000000,0.000000000
SE-C02-017-A0030,SE-C02-017,DS05,santa_elena,CAMPAIGN_02,58.000000000,60.000000000,2.000000000,0.218963595,0.000000000,0.000000000
SE-C02-017-A0031,SE-C02-017,DS05,santa_elena,CAMPAIGN_02,60.000000000,62.000000000,2.000000000,0.241461246,0.000000000,0.000000000
SE-C02-017-A0032,SE-C02-017,DS05,santa_elena,CAMPAIGN_02,62.000000000,64.000000000,2.000000000,0.219542866,0.000000000,0.000000000
SE-C02-017-A0033,SE-C02-017,DS05,santa_elena,CAMPAIGN_02,64.000000000,66.000000000,2.000000000,0.239220119,0.000000000,0.000000000
SE-C02-017-A0034,SE-C02-017,DS05,santa_elena,CAMPAIGN_02,66.000000000,68.000000000,2.000000000,0.235437390,0.000000000,0.000000000
SE-C02-017-A0035,SE-C02-017,DS05,santa_elena,CAMPAIGN_02,68.000000000,70.000000000,2.000000000,0.250230203,0.000000000,0.000000000
SE-C02-017-A0036,SE-C02-017,DS05,santa_elena,CAMPAIGN_02,70.000000000,72.000000000,2.000000000,0.254955310,0.000000000,0.000000000
SE-C02-017-A0037,SE-C02-017,DS05,santa_elena,CAMPAIGN_02,72.000000000,74.000000000,2.000000000,0.250560534,0.000000000,0.000000000
SE-C02-017-A0038,SE-C02-017,DS05,santa_elena,CAMPAIGN_02,74.000000000,76.000000000,2.000000000,0.269229183,0.000000000,0.000000000
SE-C02-017-A0039,SE-C02-017,DS05,santa_elena,CAMPAIGN_02,76.000000000,78.000000000,2.000000000,0.263183471,0.000000000,0.000000000
SE-C02-017-A0040,SE-C02-017,DS05,santa_elena,CAMPAIGN_02,78.000000000,80.000000000,2.000000000,0.257518160,0.000000000,0.000000000
SE-C02-017-A0041,SE-C02-017,DS05,santa_elena,CAMPAIGN_02,80.000000000,82.000000000,2.000000000,0.296259296,0.000000000,0.000000000
SE-C02-017-A0042,SE-C02-017,DS05,santa_elena,CAMPAIGN_02,82.000000000,84.000000000,2.000000000,0.291022999,0.000000000,0.000000000
SE-C02-017-A0043,SE-C02-017,DS05,santa_elena,CAMPAIGN_02,84.000000000,86.000000000,2.000000000,0.285912307,0.000000000,0.000000000
SE-C02-017-A0044,SE-C02-017,DS05,santa_elena,CAMPAIGN_02,86.000000000,88.000000000,2.000000000,0.291434374,0.000000000,0.000000000
SE-C02-017-A0045,SE-C02-017,DS05,santa_elena,CAMPAIGN_02,88.000000000,90.000000000,2.000000000,0.310300349,0.000000000,0.000000000
SE-C02-017-A0046,SE-C02-017,DS05,santa_elena,CAMPAIGN_02,90.000000000,92.000000000,2.000000000,0.287953042,0.000000000,0.000000000
SE-C02-017-A0047,SE-C02-017,DS05,santa_elena,CAMPAIGN_02,92.000000000,94.000000000,2.000000000,0.304632213,0.000000000,0.000000000
SE-C02-017-A0048,SE-C02-017,DS05,santa_elena,CAMPAIGN_02,94.000000000,96.000000000,2.000000000,0.326815419,0.000000000,0.000000000
SE-C02-017-A0049,SE-C02-017,DS05,santa_elena,CAMPAIGN_02,96.000000000,98.000000000,2.000000000,0.334710708,0.000000000,0.000000000
SE-C02-017-A0050,SE-C02-017,DS05,santa_elena,CAMPAIGN_02,98.000000000,100.000000000,2.000000000,0.291642820,0.000000000,0.000000000
SE-C02-017-A0051,SE-C02-017,DS05,santa_elena,CAMPAIGN_02,100.000000000,102.000000000,2.000000000,0.338995833,0.000000000,0.000000000
SE-C02-017-A0052,SE-C02-017,DS05,santa_elena,CAMPAIGN_02,102.000000000,104.000000000,2.000000000,0.346102136,0.000000000,0.000000000
SE-C02-017-A0053,SE-C02-017,DS05,santa_elena,CAMPAIGN_02,104.000000000,106.000000000,2.000000000,0.337764801,0.000000000,0.000000000
SE-C02-017-A0054,SE-C02-017,DS05,santa_elena,CAMPAIGN_02,106.000000000,108.000000000,2.000000000,0.349551683,0.000000000,0.000000000
SE-C02-017-A0055,SE-C02-017,DS05,santa_elena,CAMPAIGN_02,108.000000000,110.000000000,2.000000000,0.356540187,0.000000000,0.000000000
SE-C02-017-A0056,SE-C02-017,DS05,santa_elena,CAMPAIGN_02,110.000000000,112.000000000,2.000000000,0.385898987,0.000000000,0.000000000
SE-C02-017-A0057,SE-C02-017,DS05,santa_elena,CAMPAIGN_02,112.000000000,114.000000000,2.000000000,0.368221087,0.000000000,0.000000000
SE-C02-017-A0058,SE-C02-017,DS05,santa_elena,CAMPAIGN_02,114.000000000,116.000000000,2.000000000,0.408827994,0.000000000,0.000000000
SE-C02-017-A0059,SE-C02-017,DS05,santa_elena,CAMPAIGN_02,116.000000000,118.000000000,2.000000000,0.377813330,0.000000000,0.000000000
SE-C02-017-A0060,SE-C02-017,DS05,santa_elena,CAMPAIGN_02,118.000000000,120.000000000,2.000000000,0.398446733,0.000000000,0.000000000
SE-C02-017-A0061,SE-C02-017,DS05,santa_elena,CAMPAIGN_02,120.000000000,122.000000000,2.000000000,0.391726563,0.000000000,0.000000000
SE-C02-017-A0062,SE-C02-017,DS05,santa_elena,CAMPAIGN_02,122.000000000,124.000000000,2.000000000,0.403702378,0.000000000,0.000000000
SE-C02-017-A0063,SE-C02-017,DS05,santa_elena,CAMPAIGN_02,124.000000000,126.000000000,2.000000000,0.365446684,0.000000000,0.000000000
SE-C02-017-A0064,SE-C02-017,DS05,santa_elena,CAMPAIGN_02,126.000000000,128.000000000,2.000000000,0.416548338,0.000000000,0.000000000
SE-C02-017-A0065,SE-C02-017,DS05,santa_elena,CAMPAIGN_02,128.000000000,130.000000000,2.000000000,0.398319136,0.000000000,0.000000000
SE-C02-017-A0066,SE-C02-017,DS05,santa_elena,CAMPAIGN_02,130.000000000,132.000000000,2.000000000,0.410293638,0.000000000,0.000000000
SE-C02-017-A0067,SE-C02-017,DS05,santa_elena,CAMPAIGN_02,132.000000000,134.000000000,2.000000000,0.392003351,0.000000000,0.000000000
SE-C02-017-A0068,SE-C02-017,DS05,santa_elena,CAMPAIGN_02,134.000000000,136.000000000,2.000000000,0.404736665,0.000000000,0.000000000
SE-C02-017-A0069,SE-C02-017,DS05,santa_elena,CAMPAIGN_02,136.000000000,138.000000000,2.000000000,0.456018575,0.000000000,0.000000000
SE-C02-017-A0070,SE-C02-017,DS05,santa_elena,CAMPAIGN_02,138.000000000,140.000000000,2.000000000,0.442884530,0.000000000,0.000000000
SE-C02-017-A0071,SE-C02-017,DS05,santa_elena,CAMPAIGN_02,140.000000000,142.000000000,2.000000000,0.458390966,0.000000000,0.000000000
SE-C02-017-A0072,SE-C02-017,DS05,santa_elena,CAMPAIGN_02,142.000000000,144.000000000,2.000000000,0.440222398,0.000000000,0.000000000
SE-C02-017-A0073,SE-C02-017,DS05,santa_elena,CAMPAIGN_02,144.000000000,146.000000000,2.000000000,0.459905414,0.000000000,0.000000000
SE-C02-017-A0074,SE-C02-017,DS05,santa_elena,CAMPAIGN_02,146.000000000,148.000000000,2.000000000,0.485645698,0.000000000,0.000000000
SE-C02-017-A0075,SE-C02-017,DS05,santa_elena,CAMPAIGN_02,148.000000000,150.000000000,2.000000000,0.465444383,0.000000000,0.000000000
SE-C02-017-A0076,SE-C02-017,DS05,santa_elena,CAMPAIGN_02,150.000000000,152.000000000,2.000000000,0.452188943,0.000000000,0.000000000
SE-C02-017-A0077,SE-C02-017,DS05,santa_elena,CAMPAIGN_02,152.000000000,154.000000000,2.000000000,0.458010455,0.000000000,0.000000000
SE-C02-017-A0078,SE-C02-017,DS05,santa_elena,CAMPAIGN_02,154.000000000,156.000000000,2.000000000,0.476642813,0.000000000,0.000000000
SE-C02-017-A0079,SE-C02-017,DS05,santa_elena,CAMPAIGN_02,156.000000000,158.000000000,2.000000000,0.491094777,0.000000000,0.000000000
SE-C02-017-A0080,SE-C02-017,DS05,santa_elena,CAMPAIGN_02,158.000000000,160.000000000,2.000000000,0.475540181,0.000000000,0.000000000
SE-C02-017-A0081,SE-C02-017,DS05,santa_elena,CAMPAIGN_02,160.000000000,162.000000000,2.000000000,0.480794082,0.000000000,0.000000000
SE-C02-017-A0082,SE-C02-017,DS05,santa_elena,CAMPAIGN_02,162.000000000,164.000000000,2.000000000,0.507441406,0.000000000,0.000000000
SE-C02-017-A0083,SE-C02-017,DS05,santa_elena,CAMPAIGN_02,164.000000000,166.000000000,2.000000000,0.468966345,0.000000000,0.000000000
SE-C02-017-A0084,SE-C02-017,DS05,santa_elena,CAMPAIGN_02,166.000000000,168.000000000,2.000000000,0.524026555,0.000000000,0.000000000
SE-C02-017-A0085,SE-C02-017,DS05,santa_elena,CAMPAIGN_02,168.000000000,170.000000000,2.000000000,0.522623388,0.000000000,0.000000000
SE-C02-017-A0086,SE-C02-017,DS05,santa_elena,CAMPAIGN_02,170.000000000,172.000000000,2.000000000,0.529169925,0.000000000,0.000000000
SE-C02-017-A0087,SE-C02-017,DS05,santa_elena,CAMPAIGN_02,172.000000000,174.000000000,2.000000000,0.522416853,0.000000000,0.000000000
SE-C02-017-A0088,SE-C02-017,DS05,santa_elena,CAMPAIGN_02,174.000000000,176.000000000,2.000000000,0.537009677,0.000000000,0.000000000
SE-C02-017-A0089,SE-C02-017,DS05,santa_elena,CAMPAIGN_02,176.000000000,178.000000000,2.000000000,0.508430160,0.000000000,0.000000000
SE-C02-017-A0090,SE-C02-017,DS05,santa_elena,CAMPAIGN_02,178.000000000,180.000000000,2.000000000,0.568802280,0.000000000,0.000000000
SE-C02-017-A0091,SE-C02-017,DS05,santa_elena,CAMPAIGN_02,180.000000000,182.000000000,2.000000000,0.531378427,0.000000000,0.000000000
SE-C02-017-A0092,SE-C02-017,DS05,santa_elena,CAMPAIGN_02,182.000000000,184.000000000,2.000000000,0.523624907,0.000000000,0.000000000
SE-C02-017-A0093,SE-C02-017,DS05,santa_elena,CAMPAIGN_02,184.000000000,186.000000000,2.000000000,0.540098498,0.000000000,0.000000000
SE-C02-017-A0094,SE-C02-017,DS05,santa_elena,CAMPAIGN_02,186.000000000,188.000000000,2.000000000,0.495529135,0.000000000,0.000000000
SE-C02-017-A0095,SE-C02-017,DS05,santa_elena,CAMPAIGN_02,188.000000000,190.000000000,2.000000000,0.539739475,0.000000000,0.000000000
SE-C02-017-A0096,SE-C02-017,DS05,santa_elena,CAMPAIGN_02,190.000000000,192.000000000,2.000000000,0.528983868,0.000000000,0.000000000
SE-C02-017-A0097,SE-C02-017,DS05,santa_elena,CAMPAIGN_02,192.000000000,194.000000000,2.000000000,0.583640350,0.000000000,0.000000000
SE-C02-017-A0098,SE-C02-017,DS05,santa_elena,CAMPAIGN_02,194.000000000,196.000000000,2.000000000,0.528363858,0.000000000,0.000000000
SE-C02-017-A0099,SE-C02-017,DS05,santa_elena,CAMPAIGN_02,196.000000000,198.000000000,2.000000000,0.575380516,0.000000000,0.000000000
SE-C02-017-A0100,SE-C02-017,DS05,santa_elena,CAMPAIGN_02,198.000000000,200.000000000,2.000000000,0.541881925,0.000000000,0.000000000
SE-C02-017-A0101,SE-C02-017,DS05,santa_elena,CAMPAIGN_02,200.000000000,202.000000000,2.000000000,0.587090478,0.000000000,0.000000000
SE-C02-017-A0102,SE-C02-017,DS05,santa_elena,CAMPAIGN_02,202.000000000,204.000000000,2.000000000,0.527745701,0.000000000,0.000000000
SE-C02-017-A0103,SE-C02-017,DS05,santa_elena,CAMPAIGN_02,204.000000000,206.000000000,2.000000000,0.532957967,0.000000000,0.000000000
SE-C02-017-A0104,SE-C02-017,DS05,santa_elena,CAMPAIGN_02,206.000000000,208.000000000,2.000000000,0.559702797,0.000000000,0.000000000
SE-C02-017-A0105,SE-C02-017,DS05,santa_elena,CAMPAIGN_02,208.000000000,210.000000000,2.000000000,0.570411877,0.000000000,0.000000000
SE-C02-018-A0001,SE-C02-018,DS05,santa_elena,CAMPAIGN_02,0.000000000,2.000000000,2.000000000,0.096264776,0.000000000,0.000000000
SE-C02-018-A0002,SE-C02-018,DS05,santa_elena,CAMPAIGN_02,2.000000000,4.000000000,2.000000000,0.102394414,0.000000000,0.000000000
SE-C02-018-A0003,SE-C02-018,DS05,santa_elena,CAMPAIGN_02,4.000000000,6.000000000,2.000000000,0.100720629,0.000000000,0.000000000
SE-C02-018-A0004,SE-C02-018,DS05,santa_elena,CAMPAIGN_02,6.000000000,8.000000000,2.000000000,0.099814230,0.000000000,0.000000000
SE-C02-018-A0005,SE-C02-018,DS05,santa_elena,CAMPAIGN_02,8.000000000,10.000000000,2.000000000,0.107719707,0.000000000,0.000000000
SE-C02-018-A0006,SE-C02-018,DS05,santa_elena,CAMPAIGN_02,10.000000000,12.000000000,2.000000000,0.106638928,0.000000000,0.000000000
SE-C02-018-A0007,SE-C02-018,DS05,santa_elena,CAMPAIGN_02,12.000000000,14.000000000,2.000000000,0.122579268,0.000000000,0.000000000
SE-C02-018-A0008,SE-C02-018,DS05,santa_elena,CAMPAIGN_02,14.000000000,16.000000000,2.000000000,0.138190760,0.000000000,0.000000000
SE-C02-018-A0009,SE-C02-018,DS05,santa_elena,CAMPAIGN_02,16.000000000,18.000000000,2.000000000,0.136192211,0.000000000,0.000000000
SE-C02-018-A0010,SE-C02-018,DS05,santa_elena,CAMPAIGN_02,18.000000000,20.000000000,2.000000000,0.148479392,0.000000000,0.000000000
SE-C02-018-A0011,SE-C02-018,DS05,santa_elena,CAMPAIGN_02,20.000000000,22.000000000,2.000000000,0.148340833,0.000000000,0.000000000
SE-C02-018-A0012,SE-C02-018,DS05,santa_elena,CAMPAIGN_02,22.000000000,24.000000000,2.000000000,0.149249365,0.000000000,0.000000000
SE-C02-018-A0013,SE-C02-018,DS05,santa_elena,CAMPAIGN_02,24.000000000,26.000000000,2.000000000,0.150618294,0.000000000,0.000000000
SE-C02-018-A0014,SE-C02-018,DS05,santa_elena,CAMPAIGN_02,26.000000000,28.000000000,2.000000000,0.155790829,0.000000000,0.000000000
SE-C02-018-A0015,SE-C02-018,DS05,santa_elena,CAMPAIGN_02,28.000000000,30.000000000,2.000000000,0.163016435,0.000000000,0.000000000
SE-C02-018-A0016,SE-C02-018,DS05,santa_elena,CAMPAIGN_02,30.000000000,32.000000000,2.000000000,0.162596793,0.000000000,0.000000000
SE-C02-018-A0017,SE-C02-018,DS05,santa_elena,CAMPAIGN_02,32.000000000,34.000000000,2.000000000,0.172554906,0.000000000,0.000000000
SE-C02-018-A0018,SE-C02-018,DS05,santa_elena,CAMPAIGN_02,34.000000000,36.000000000,2.000000000,0.172017735,0.000000000,0.000000000
SE-C02-018-A0019,SE-C02-018,DS05,santa_elena,CAMPAIGN_02,36.000000000,38.000000000,2.000000000,0.181450789,0.000000000,0.000000000
SE-C02-018-A0020,SE-C02-018,DS05,santa_elena,CAMPAIGN_02,38.000000000,40.000000000,2.000000000,0.174518248,0.000000000,0.000000000
SE-C02-018-A0021,SE-C02-018,DS05,santa_elena,CAMPAIGN_02,40.000000000,42.000000000,2.000000000,0.187904099,0.000000000,0.000000000
SE-C02-018-A0022,SE-C02-018,DS05,santa_elena,CAMPAIGN_02,42.000000000,44.000000000,2.000000000,0.203170577,0.000000000,0.000000000
SE-C02-018-A0023,SE-C02-018,DS05,santa_elena,CAMPAIGN_02,44.000000000,46.000000000,2.000000000,0.203508391,0.000000000,0.000000000
SE-C02-018-A0024,SE-C02-018,DS05,santa_elena,CAMPAIGN_02,46.000000000,48.000000000,2.000000000,0.212690147,0.000000000,0.000000000
SE-C02-018-A0025,SE-C02-018,DS05,santa_elena,CAMPAIGN_02,48.000000000,50.000000000,2.000000000,0.201193971,0.000000000,0.000000000
SE-C02-018-A0026,SE-C02-018,DS05,santa_elena,CAMPAIGN_02,50.000000000,52.000000000,2.000000000,0.217596319,0.000000000,0.000000000
SE-C02-018-A0027,SE-C02-018,DS05,santa_elena,CAMPAIGN_02,52.000000000,54.000000000,2.000000000,0.219355070,0.000000000,0.000000000
SE-C02-018-A0028,SE-C02-018,DS05,santa_elena,CAMPAIGN_02,54.000000000,56.000000000,2.000000000,0.226178383,0.000000000,0.000000000
SE-C02-018-A0029,SE-C02-018,DS05,santa_elena,CAMPAIGN_02,56.000000000,58.000000000,2.000000000,0.250067905,0.000000000,0.000000000
SE-C02-018-A0030,SE-C02-018,DS05,santa_elena,CAMPAIGN_02,58.000000000,60.000000000,2.000000000,0.237182951,0.000000000,0.000000000
SE-C02-018-A0031,SE-C02-018,DS05,santa_elena,CAMPAIGN_02,60.000000000,62.000000000,2.000000000,0.269296947,0.000000000,0.000000000
SE-C02-018-A0032,SE-C02-018,DS05,santa_elena,CAMPAIGN_02,62.000000000,64.000000000,2.000000000,0.250437514,0.000000000,0.000000000
SE-C02-018-A0033,SE-C02-018,DS05,santa_elena,CAMPAIGN_02,64.000000000,66.000000000,2.000000000,0.271280748,0.000000000,0.000000000
SE-C02-018-A0034,SE-C02-018,DS05,santa_elena,CAMPAIGN_02,66.000000000,68.000000000,2.000000000,0.269624487,0.000000000,0.000000000
SE-C02-018-A0035,SE-C02-018,DS05,santa_elena,CAMPAIGN_02,68.000000000,70.000000000,2.000000000,0.260306612,0.000000000,0.000000000
SE-C02-018-A0036,SE-C02-018,DS05,santa_elena,CAMPAIGN_02,70.000000000,72.000000000,2.000000000,0.282713660,0.000000000,0.000000000
SE-C02-018-A0037,SE-C02-018,DS05,santa_elena,CAMPAIGN_02,72.000000000,74.000000000,2.000000000,0.299390780,0.000000000,0.000000000
SE-C02-018-A0038,SE-C02-018,DS05,santa_elena,CAMPAIGN_02,74.000000000,76.000000000,2.000000000,0.281783515,0.000000000,0.000000000
SE-C02-018-A0039,SE-C02-018,DS05,santa_elena,CAMPAIGN_02,76.000000000,78.000000000,2.000000000,0.309249302,0.000000000,0.000000000
SE-C02-018-A0040,SE-C02-018,DS05,santa_elena,CAMPAIGN_02,78.000000000,80.000000000,2.000000000,0.313236300,0.000000000,0.000000000
SE-C02-018-A0041,SE-C02-018,DS05,santa_elena,CAMPAIGN_02,80.000000000,82.000000000,2.000000000,0.301630787,0.000000000,0.000000000
SE-C02-018-A0042,SE-C02-018,DS05,santa_elena,CAMPAIGN_02,82.000000000,84.000000000,2.000000000,0.319226384,0.000000000,0.000000000
SE-C02-018-A0043,SE-C02-018,DS05,santa_elena,CAMPAIGN_02,84.000000000,86.000000000,2.000000000,0.313439419,0.000000000,0.000000000
SE-C02-018-A0044,SE-C02-018,DS05,santa_elena,CAMPAIGN_02,86.000000000,88.000000000,2.000000000,0.344627097,0.000000000,0.000000000
SE-C02-018-A0045,SE-C02-018,DS05,santa_elena,CAMPAIGN_02,88.000000000,90.000000000,2.000000000,0.342895399,0.000000000,0.000000000
SE-C02-018-A0046,SE-C02-018,DS05,santa_elena,CAMPAIGN_02,90.000000000,92.000000000,2.000000000,0.332096127,0.000000000,0.000000000
SE-C02-018-A0047,SE-C02-018,DS05,santa_elena,CAMPAIGN_02,92.000000000,94.000000000,2.000000000,0.362960626,0.000000000,0.000000000
SE-C02-018-A0048,SE-C02-018,DS05,santa_elena,CAMPAIGN_02,94.000000000,96.000000000,2.000000000,0.356220416,0.000000000,0.000000000
SE-C02-018-A0049,SE-C02-018,DS05,santa_elena,CAMPAIGN_02,96.000000000,98.000000000,2.000000000,0.364703029,0.000000000,0.000000000
SE-C02-018-A0050,SE-C02-018,DS05,santa_elena,CAMPAIGN_02,98.000000000,100.000000000,2.000000000,0.374958643,0.000000000,0.000000000
SE-C02-018-A0051,SE-C02-018,DS05,santa_elena,CAMPAIGN_02,100.000000000,102.000000000,2.000000000,0.372503994,0.000000000,0.000000000
SE-C02-018-A0052,SE-C02-018,DS05,santa_elena,CAMPAIGN_02,102.000000000,104.000000000,2.000000000,0.393800386,0.000000000,0.000000000
SE-C02-018-A0053,SE-C02-018,DS05,santa_elena,CAMPAIGN_02,104.000000000,106.000000000,2.000000000,0.376699332,0.000000000,0.000000000
SE-C02-018-A0054,SE-C02-018,DS05,santa_elena,CAMPAIGN_02,106.000000000,108.000000000,2.000000000,0.368618542,0.000000000,0.000000000
SE-C02-018-A0055,SE-C02-018,DS05,santa_elena,CAMPAIGN_02,108.000000000,110.000000000,2.000000000,0.414408072,0.000000000,0.000000000
SE-C02-018-A0056,SE-C02-018,DS05,santa_elena,CAMPAIGN_02,110.000000000,112.000000000,2.000000000,0.429071433,0.000000000,0.000000000
SE-C02-018-A0057,SE-C02-018,DS05,santa_elena,CAMPAIGN_02,112.000000000,114.000000000,2.000000000,0.380184957,0.000000000,0.000000000
SE-C02-018-A0058,SE-C02-018,DS05,santa_elena,CAMPAIGN_02,114.000000000,116.000000000,2.000000000,0.415979685,0.000000000,0.000000000
SE-C02-018-A0059,SE-C02-018,DS05,santa_elena,CAMPAIGN_02,116.000000000,118.000000000,2.000000000,0.402835473,0.000000000,0.000000000
SE-C02-018-A0060,SE-C02-018,DS05,santa_elena,CAMPAIGN_02,118.000000000,120.000000000,2.000000000,0.469438562,0.000000000,0.000000000
SE-C02-018-A0061,SE-C02-018,DS05,santa_elena,CAMPAIGN_02,120.000000000,122.000000000,2.000000000,0.458828272,0.000000000,0.000000000
SE-C02-018-A0062,SE-C02-018,DS05,santa_elena,CAMPAIGN_02,122.000000000,124.000000000,2.000000000,0.453983767,0.000000000,0.000000000
SE-C02-018-A0063,SE-C02-018,DS05,santa_elena,CAMPAIGN_02,124.000000000,126.000000000,2.000000000,0.453552131,0.000000000,0.000000000
SE-C02-018-A0064,SE-C02-018,DS05,santa_elena,CAMPAIGN_02,126.000000000,128.000000000,2.000000000,0.495543649,0.000000000,0.000000000
SE-C02-018-A0065,SE-C02-018,DS05,santa_elena,CAMPAIGN_02,128.000000000,130.000000000,2.000000000,0.490997622,0.000000000,0.000000000
SE-C02-018-A0066,SE-C02-018,DS05,santa_elena,CAMPAIGN_02,130.000000000,132.000000000,2.000000000,0.511132306,0.000000000,0.000000000
SE-C02-018-A0067,SE-C02-018,DS05,santa_elena,CAMPAIGN_02,132.000000000,134.000000000,2.000000000,0.505320973,0.000000000,0.000000000
SE-C02-018-A0068,SE-C02-018,DS05,santa_elena,CAMPAIGN_02,134.000000000,136.000000000,2.000000000,0.488212300,0.000000000,0.000000000
SE-C02-018-A0069,SE-C02-018,DS05,santa_elena,CAMPAIGN_02,136.000000000,138.000000000,2.000000000,0.500013416,0.000000000,0.000000000
SE-C02-018-A0070,SE-C02-018,DS05,santa_elena,CAMPAIGN_02,138.000000000,140.000000000,2.000000000,0.521017219,0.000000000,0.000000000
SE-C02-018-A0071,SE-C02-018,DS05,santa_elena,CAMPAIGN_02,140.000000000,142.000000000,2.000000000,0.505175853,0.000000000,0.000000000
SE-C02-018-A0072,SE-C02-018,DS05,santa_elena,CAMPAIGN_02,142.000000000,144.000000000,2.000000000,0.531434000,0.000000000,0.000000000
SE-C02-018-A0073,SE-C02-018,DS05,santa_elena,CAMPAIGN_02,144.000000000,146.000000000,2.000000000,0.546463228,0.000000000,0.000000000
SE-C02-018-A0074,SE-C02-018,DS05,santa_elena,CAMPAIGN_02,146.000000000,148.000000000,2.000000000,0.528738485,0.000000000,0.000000000
SE-C02-018-A0075,SE-C02-018,DS05,santa_elena,CAMPAIGN_02,148.000000000,150.000000000,2.000000000,0.527120411,0.000000000,0.000000000
SE-C02-018-A0076,SE-C02-018,DS05,santa_elena,CAMPAIGN_02,150.000000000,152.000000000,2.000000000,0.541853577,0.000000000,0.000000000
SE-C02-018-A0077,SE-C02-018,DS05,santa_elena,CAMPAIGN_02,152.000000000,154.000000000,2.000000000,0.577956930,0.000000000,0.000000000
SE-C02-018-A0078,SE-C02-018,DS05,santa_elena,CAMPAIGN_02,154.000000000,156.000000000,2.000000000,0.559524180,0.000000000,0.000000000
SE-C02-018-A0079,SE-C02-018,DS05,santa_elena,CAMPAIGN_02,156.000000000,158.000000000,2.000000000,0.563306995,0.000000000,0.000000000
SE-C02-018-A0080,SE-C02-018,DS05,santa_elena,CAMPAIGN_02,158.000000000,160.000000000,2.000000000,0.581734635,0.000000000,0.000000000
SE-C02-018-A0081,SE-C02-018,DS05,santa_elena,CAMPAIGN_02,160.000000000,162.000000000,2.000000000,0.553658246,0.000000000,0.000000000
SE-C02-018-A0082,SE-C02-018,DS05,santa_elena,CAMPAIGN_02,162.000000000,164.000000000,2.000000000,0.623225121,0.000000000,0.000000000
SE-C02-018-A0083,SE-C02-018,DS05,santa_elena,CAMPAIGN_02,164.000000000,166.000000000,2.000000000,0.564324762,0.000000000,0.000000000
SE-C02-018-A0084,SE-C02-018,DS05,santa_elena,CAMPAIGN_02,166.000000000,168.000000000,2.000000000,0.585327565,0.000000000,0.000000000
SE-C02-018-A0085,SE-C02-018,DS05,santa_elena,CAMPAIGN_02,168.000000000,170.000000000,2.000000000,0.597447505,0.000000000,0.000000000
SE-C02-018-A0086,SE-C02-018,DS05,santa_elena,CAMPAIGN_02,170.000000000,172.000000000,2.000000000,0.658190189,0.000000000,0.000000000
SE-C02-018-A0087,SE-C02-018,DS05,santa_elena,CAMPAIGN_02,172.000000000,174.000000000,2.000000000,0.570189103,0.000000000,0.000000000
SE-C02-018-A0088,SE-C02-018,DS05,santa_elena,CAMPAIGN_02,174.000000000,176.000000000,2.000000000,0.581111809,0.000000000,0.000000000
SE-C02-018-A0089,SE-C02-018,DS05,santa_elena,CAMPAIGN_02,176.000000000,178.000000000,2.000000000,0.625623647,0.000000000,0.000000000
SE-C02-018-A0090,SE-C02-018,DS05,santa_elena,CAMPAIGN_02,178.000000000,180.000000000,2.000000000,0.567123326,0.000000000,0.000000000
SE-C02-018-A0091,SE-C02-018,DS05,santa_elena,CAMPAIGN_02,180.000000000,182.000000000,2.000000000,0.641531416,0.000000000,0.000000000
SE-C02-018-A0092,SE-C02-018,DS05,santa_elena,CAMPAIGN_02,182.000000000,184.000000000,2.000000000,0.632951323,0.000000000,0.000000000
SE-C02-018-A0093,SE-C02-018,DS05,santa_elena,CAMPAIGN_02,184.000000000,186.000000000,2.000000000,0.601214821,0.000000000,0.000000000
SE-C02-018-A0094,SE-C02-018,DS05,santa_elena,CAMPAIGN_02,186.000000000,188.000000000,2.000000000,0.629214393,0.000000000,0.000000000
SE-C02-018-A0095,SE-C02-018,DS05,santa_elena,CAMPAIGN_02,188.000000000,190.000000000,2.000000000,0.592012017,0.000000000,0.000000000
SE-C02-018-A0096,SE-C02-018,DS05,santa_elena,CAMPAIGN_02,190.000000000,192.000000000,2.000000000,0.640871978,0.000000000,0.000000000
SE-C02-018-A0097,SE-C02-018,DS05,santa_elena,CAMPAIGN_02,192.000000000,194.000000000,2.000000000,0.630897774,0.000000000,0.000000000
SE-C02-018-A0098,SE-C02-018,DS05,santa_elena,CAMPAIGN_02,194.000000000,196.000000000,2.000000000,0.651725685,0.000000000,0.000000000
SE-C02-018-A0099,SE-C02-018,DS05,santa_elena,CAMPAIGN_02,196.000000000,198.000000000,2.000000000,0.633467435,0.000000000,0.000000000
SE-C02-018-A0100,SE-C02-018,DS05,santa_elena,CAMPAIGN_02,198.000000000,200.000000000,2.000000000,0.671431218,0.000000000,0.000000000
SE-C02-018-A0101,SE-C02-018,DS05,santa_elena,CAMPAIGN_02,200.000000000,202.000000000,2.000000000,0.634947903,0.000000000,0.000000000
SE-C02-018-A0102,SE-C02-018,DS05,santa_elena,CAMPAIGN_02,202.000000000,204.000000000,2.000000000,0.652407345,0.000000000,0.000000000
SE-C02-018-A0103,SE-C02-018,DS05,santa_elena,CAMPAIGN_02,204.000000000,206.000000000,2.000000000,0.658749051,0.000000000,0.000000000
SE-C02-018-A0104,SE-C02-018,DS05,santa_elena,CAMPAIGN_02,206.000000000,208.000000000,2.000000000,0.618490020,0.000000000,0.000000000
SE-C02-018-A0105,SE-C02-018,DS05,santa_elena,CAMPAIGN_02,208.000000000,210.000000000,2.000000000,0.619880062,0.000000000,0.000000000
SE-C02-018-A0106,SE-C02-018,DS05,santa_elena,CAMPAIGN_02,210.000000000,212.000000000,2.000000000,0.651138959,0.000000000,0.000000000
SE-C02-018-A0107,SE-C02-018,DS05,santa_elena,CAMPAIGN_02,212.000000000,212.409390123,0.409390123,0.657882109,0.000000000,0.000000000
SE-C02-019-A0001,SE-C02-019,DS05,santa_elena,CAMPAIGN_02,0.000000000,2.000000000,2.000000000,0.043014536,0.000000000,0.000000000
SE-C02-019-A0002,SE-C02-019,DS05,santa_elena,CAMPAIGN_02,2.000000000,4.000000000,2.000000000,0.040507226,0.000000000,0.000000000
SE-C02-019-A0003,SE-C02-019,DS05,santa_elena,CAMPAIGN_02,4.000000000,6.000000000,2.000000000,0.048140322,0.000000000,0.000000000
SE-C02-019-A0004,SE-C02-019,DS05,santa_elena,CAMPAIGN_02,6.000000000,8.000000000,2.000000000,0.047419983,0.000000000,0.000000000
SE-C02-019-A0005,SE-C02-019,DS05,santa_elena,CAMPAIGN_02,8.000000000,10.000000000,2.000000000,0.046356450,0.000000000,0.000000000
SE-C02-019-A0006,SE-C02-019,DS05,santa_elena,CAMPAIGN_02,10.000000000,12.000000000,2.000000000,0.050522737,0.000000000,0.000000000
SE-C02-019-A0007,SE-C02-019,DS05,santa_elena,CAMPAIGN_02,12.000000000,14.000000000,2.000000000,0.052074417,0.000000000,0.000000000
SE-C02-019-A0008,SE-C02-019,DS05,santa_elena,CAMPAIGN_02,14.000000000,16.000000000,2.000000000,0.050285378,0.000000000,0.000000000
SE-C02-019-A0009,SE-C02-019,DS05,santa_elena,CAMPAIGN_02,16.000000000,18.000000000,2.000000000,0.054550530,0.000000000,0.000000000
SE-C02-019-A0010,SE-C02-019,DS05,santa_elena,CAMPAIGN_02,18.000000000,20.000000000,2.000000000,0.057476146,0.000000000,0.000000000
SE-C02-019-A0011,SE-C02-019,DS05,santa_elena,CAMPAIGN_02,20.000000000,22.000000000,2.000000000,0.056128518,0.000000000,0.000000000
SE-C02-019-A0012,SE-C02-019,DS05,santa_elena,CAMPAIGN_02,22.000000000,24.000000000,2.000000000,0.059025064,0.000000000,0.000000000
SE-C02-019-A0013,SE-C02-019,DS05,santa_elena,CAMPAIGN_02,24.000000000,26.000000000,2.000000000,0.058767871,0.000000000,0.000000000
SE-C02-019-A0014,SE-C02-019,DS05,santa_elena,CAMPAIGN_02,26.000000000,28.000000000,2.000000000,0.065313720,0.000000000,0.000000000
SE-C02-019-A0015,SE-C02-019,DS05,santa_elena,CAMPAIGN_02,28.000000000,30.000000000,2.000000000,0.062663394,0.000000000,0.000000000
SE-C02-019-A0016,SE-C02-019,DS05,santa_elena,CAMPAIGN_02,30.000000000,32.000000000,2.000000000,0.065409833,0.000000000,0.000000000
SE-C02-019-A0017,SE-C02-019,DS05,santa_elena,CAMPAIGN_02,32.000000000,34.000000000,2.000000000,0.066601605,0.000000000,0.000000000
SE-C02-019-A0018,SE-C02-019,DS05,santa_elena,CAMPAIGN_02,34.000000000,36.000000000,2.000000000,0.068056658,0.000000000,0.000000000
SE-C02-019-A0019,SE-C02-019,DS05,santa_elena,CAMPAIGN_02,36.000000000,38.000000000,2.000000000,0.073381669,0.000000000,0.000000000
SE-C02-019-A0020,SE-C02-019,DS05,santa_elena,CAMPAIGN_02,38.000000000,40.000000000,2.000000000,0.078707884,0.000000000,0.000000000
SE-C02-019-A0021,SE-C02-019,DS05,santa_elena,CAMPAIGN_02,40.000000000,42.000000000,2.000000000,0.081028590,0.000000000,0.000000000
SE-C02-019-A0022,SE-C02-019,DS05,santa_elena,CAMPAIGN_02,42.000000000,44.000000000,2.000000000,0.070755720,0.000000000,0.000000000
SE-C02-019-A0023,SE-C02-019,DS05,santa_elena,CAMPAIGN_02,44.000000000,46.000000000,2.000000000,0.074275186,0.000000000,0.000000000
SE-C02-019-A0024,SE-C02-019,DS05,santa_elena,CAMPAIGN_02,46.000000000,48.000000000,2.000000000,0.086014656,0.000000000,0.000000000
SE-C02-019-A0025,SE-C02-019,DS05,santa_elena,CAMPAIGN_02,48.000000000,50.000000000,2.000000000,0.083441845,0.000000000,0.000000000
SE-C02-019-A0026,SE-C02-019,DS05,santa_elena,CAMPAIGN_02,50.000000000,52.000000000,2.000000000,0.084263730,0.000000000,0.000000000
SE-C02-019-A0027,SE-C02-019,DS05,santa_elena,CAMPAIGN_02,52.000000000,54.000000000,2.000000000,0.085680458,0.000000000,0.000000000
SE-C02-019-A0028,SE-C02-019,DS05,santa_elena,CAMPAIGN_02,54.000000000,56.000000000,2.000000000,0.099775209,0.000000000,0.000000000
SE-C02-019-A0029,SE-C02-019,DS05,santa_elena,CAMPAIGN_02,56.000000000,58.000000000,2.000000000,0.093979109,0.000000000,0.000000000
SE-C02-019-A0030,SE-C02-019,DS05,santa_elena,CAMPAIGN_02,58.000000000,60.000000000,2.000000000,0.090863057,0.000000000,0.000000000
SE-C02-019-A0031,SE-C02-019,DS05,santa_elena,CAMPAIGN_02,60.000000000,62.000000000,2.000000000,0.103149128,0.000000000,0.000000000
SE-C02-019-A0032,SE-C02-019,DS05,santa_elena,CAMPAIGN_02,62.000000000,64.000000000,2.000000000,0.101692185,0.000000000,0.000000000
SE-C02-019-A0033,SE-C02-019,DS05,santa_elena,CAMPAIGN_02,64.000000000,66.000000000,2.000000000,0.110693430,0.000000000,0.000000000
SE-C02-019-A0034,SE-C02-019,DS05,santa_elena,CAMPAIGN_02,66.000000000,68.000000000,2.000000000,0.104803520,0.000000000,0.000000000
SE-C02-019-A0035,SE-C02-019,DS05,santa_elena,CAMPAIGN_02,68.000000000,70.000000000,2.000000000,0.109588668,0.000000000,0.000000000
SE-C02-019-A0036,SE-C02-019,DS05,santa_elena,CAMPAIGN_02,70.000000000,72.000000000,2.000000000,0.114304242,0.000000000,0.000000000
SE-C02-019-A0037,SE-C02-019,DS05,santa_elena,CAMPAIGN_02,72.000000000,74.000000000,2.000000000,0.115776349,0.000000000,0.000000000
SE-C02-019-A0038,SE-C02-019,DS05,santa_elena,CAMPAIGN_02,74.000000000,76.000000000,2.000000000,0.133002943,0.000000000,0.000000000
SE-C02-019-A0039,SE-C02-019,DS05,santa_elena,CAMPAIGN_02,76.000000000,78.000000000,2.000000000,0.145839260,0.000000000,0.000000000
SE-C02-019-A0040,SE-C02-019,DS05,santa_elena,CAMPAIGN_02,78.000000000,80.000000000,2.000000000,0.146018357,0.000000000,0.000000000
SE-C02-019-A0041,SE-C02-019,DS05,santa_elena,CAMPAIGN_02,80.000000000,82.000000000,2.000000000,0.144177407,0.000000000,0.000000000
SE-C02-019-A0042,SE-C02-019,DS05,santa_elena,CAMPAIGN_02,82.000000000,84.000000000,2.000000000,0.155897462,0.000000000,0.000000000
SE-C02-019-A0043,SE-C02-019,DS05,santa_elena,CAMPAIGN_02,84.000000000,86.000000000,2.000000000,0.155199569,0.000000000,0.000000000
SE-C02-019-A0044,SE-C02-019,DS05,santa_elena,CAMPAIGN_02,86.000000000,88.000000000,2.000000000,0.152065333,0.000000000,0.000000000
SE-C02-019-A0045,SE-C02-019,DS05,santa_elena,CAMPAIGN_02,88.000000000,90.000000000,2.000000000,0.162981497,0.000000000,0.000000000
SE-C02-019-A0046,SE-C02-019,DS05,santa_elena,CAMPAIGN_02,90.000000000,92.000000000,2.000000000,0.169936938,0.000000000,0.000000000
SE-C02-019-A0047,SE-C02-019,DS05,santa_elena,CAMPAIGN_02,92.000000000,94.000000000,2.000000000,0.175512635,0.000000000,0.000000000
SE-C02-019-A0048,SE-C02-019,DS05,santa_elena,CAMPAIGN_02,94.000000000,96.000000000,2.000000000,0.176397412,0.000000000,0.000000000
SE-C02-019-A0049,SE-C02-019,DS05,santa_elena,CAMPAIGN_02,96.000000000,98.000000000,2.000000000,0.188516045,0.000000000,0.000000000
SE-C02-019-A0050,SE-C02-019,DS05,santa_elena,CAMPAIGN_02,98.000000000,100.000000000,2.000000000,0.188608754,0.000000000,0.000000000
SE-C02-019-A0051,SE-C02-019,DS05,santa_elena,CAMPAIGN_02,100.000000000,102.000000000,2.000000000,0.179785269,0.000000000,0.000000000
SE-C02-019-A0052,SE-C02-019,DS05,santa_elena,CAMPAIGN_02,102.000000000,104.000000000,2.000000000,0.205432290,0.000000000,0.000000000
SE-C02-019-A0053,SE-C02-019,DS05,santa_elena,CAMPAIGN_02,104.000000000,106.000000000,2.000000000,0.196484914,0.000000000,0.000000000
SE-C02-019-A0054,SE-C02-019,DS05,santa_elena,CAMPAIGN_02,106.000000000,108.000000000,2.000000000,0.202205257,0.000000000,0.000000000
SE-C02-019-A0055,SE-C02-019,DS05,santa_elena,CAMPAIGN_02,108.000000000,110.000000000,2.000000000,0.212872893,0.000000000,0.000000000
SE-C02-019-A0056,SE-C02-019,DS05,santa_elena,CAMPAIGN_02,110.000000000,112.000000000,2.000000000,0.217327050,0.000000000,0.000000000
SE-C02-019-A0057,SE-C02-019,DS05,santa_elena,CAMPAIGN_02,112.000000000,114.000000000,2.000000000,0.220500194,0.000000000,0.000000000
SE-C02-019-A0058,SE-C02-019,DS05,santa_elena,CAMPAIGN_02,114.000000000,116.000000000,2.000000000,0.236956812,0.000000000,0.000000000
SE-C02-019-A0059,SE-C02-019,DS05,santa_elena,CAMPAIGN_02,116.000000000,118.000000000,2.000000000,0.212096477,0.000000000,0.000000000
SE-C02-019-A0060,SE-C02-019,DS05,santa_elena,CAMPAIGN_02,118.000000000,120.000000000,2.000000000,0.242265423,0.000000000,0.000000000
SE-C02-019-A0061,SE-C02-019,DS05,santa_elena,CAMPAIGN_02,120.000000000,122.000000000,2.000000000,0.247533179,0.000000000,0.000000000
SE-C02-019-A0062,SE-C02-019,DS05,santa_elena,CAMPAIGN_02,122.000000000,124.000000000,2.000000000,0.234511643,0.000000000,0.000000000
SE-C02-019-A0063,SE-C02-019,DS05,santa_elena,CAMPAIGN_02,124.000000000,126.000000000,2.000000000,0.235334691,0.000000000,0.000000000
SE-C02-019-A0064,SE-C02-019,DS05,santa_elena,CAMPAIGN_02,126.000000000,128.000000000,2.000000000,0.251867997,0.000000000,0.000000000
SE-C02-019-A0065,SE-C02-019,DS05,santa_elena,CAMPAIGN_02,128.000000000,130.000000000,2.000000000,0.256767594,0.000000000,0.000000000
SE-C02-019-A0066,SE-C02-019,DS05,santa_elena,CAMPAIGN_02,130.000000000,132.000000000,2.000000000,0.267221120,0.000000000,0.000000000
SE-C02-019-A0067,SE-C02-019,DS05,santa_elena,CAMPAIGN_02,132.000000000,134.000000000,2.000000000,0.268805827,0.000000000,0.000000000
SE-C02-019-A0068,SE-C02-019,DS05,santa_elena,CAMPAIGN_02,134.000000000,136.000000000,2.000000000,0.277123769,0.000000000,0.000000000
SE-C02-019-A0069,SE-C02-019,DS05,santa_elena,CAMPAIGN_02,136.000000000,138.000000000,2.000000000,0.285636013,0.000000000,0.000000000
SE-C02-019-A0070,SE-C02-019,DS05,santa_elena,CAMPAIGN_02,138.000000000,140.000000000,2.000000000,0.276332434,0.000000000,0.000000000
SE-C02-019-A0071,SE-C02-019,DS05,santa_elena,CAMPAIGN_02,140.000000000,142.000000000,2.000000000,0.301471046,0.000000000,0.000000000
SE-C02-019-A0072,SE-C02-019,DS05,santa_elena,CAMPAIGN_02,142.000000000,144.000000000,2.000000000,0.291436121,0.000000000,0.000000000
SE-C02-019-A0073,SE-C02-019,DS05,santa_elena,CAMPAIGN_02,144.000000000,146.000000000,2.000000000,0.288708413,0.000000000,0.000000000
SE-C02-019-A0074,SE-C02-019,DS05,santa_elena,CAMPAIGN_02,146.000000000,148.000000000,2.000000000,0.303751437,0.000000000,0.000000000
SE-C02-019-A0075,SE-C02-019,DS05,santa_elena,CAMPAIGN_02,148.000000000,150.000000000,2.000000000,0.329853111,0.000000000,0.000000000
SE-C02-019-A0076,SE-C02-019,DS05,santa_elena,CAMPAIGN_02,150.000000000,152.000000000,2.000000000,0.299080087,0.000000000,0.000000000
SE-C02-019-A0077,SE-C02-019,DS05,santa_elena,CAMPAIGN_02,152.000000000,154.000000000,2.000000000,0.328644603,0.000000000,0.000000000
SE-C02-019-A0078,SE-C02-019,DS05,santa_elena,CAMPAIGN_02,154.000000000,156.000000000,2.000000000,0.339679303,0.000000000,0.000000000
SE-C02-019-A0079,SE-C02-019,DS05,santa_elena,CAMPAIGN_02,156.000000000,158.000000000,2.000000000,0.358216786,0.000000000,0.000000000
SE-C02-019-A0080,SE-C02-019,DS05,santa_elena,CAMPAIGN_02,158.000000000,160.000000000,2.000000000,0.375503497,0.000000000,0.000000000
SE-C02-019-A0081,SE-C02-019,DS05,santa_elena,CAMPAIGN_02,160.000000000,162.000000000,2.000000000,0.343233213,0.000000000,0.000000000
SE-C02-019-A0082,SE-C02-019,DS05,santa_elena,CAMPAIGN_02,162.000000000,164.000000000,2.000000000,0.351862890,0.000000000,0.000000000
SE-C02-019-A0083,SE-C02-019,DS05,santa_elena,CAMPAIGN_02,164.000000000,166.000000000,2.000000000,0.380068530,0.000000000,0.000000000
SE-C02-019-A0084,SE-C02-019,DS05,santa_elena,CAMPAIGN_02,166.000000000,168.000000000,2.000000000,0.359227666,0.000000000,0.000000000
SE-C02-019-A0085,SE-C02-019,DS05,santa_elena,CAMPAIGN_02,168.000000000,170.000000000,2.000000000,0.384679089,0.000000000,0.000000000
SE-C02-019-A0086,SE-C02-019,DS05,santa_elena,CAMPAIGN_02,170.000000000,172.000000000,2.000000000,0.365954861,0.000000000,0.000000000
SE-C02-019-A0087,SE-C02-019,DS05,santa_elena,CAMPAIGN_02,172.000000000,174.000000000,2.000000000,0.391843151,0.000000000,0.000000000
SE-C02-019-A0088,SE-C02-019,DS05,santa_elena,CAMPAIGN_02,174.000000000,176.000000000,2.000000000,0.360481424,0.000000000,0.000000000
SE-C02-019-A0089,SE-C02-019,DS05,santa_elena,CAMPAIGN_02,176.000000000,178.000000000,2.000000000,0.395299357,0.000000000,0.000000000
SE-C02-019-A0090,SE-C02-019,DS05,santa_elena,CAMPAIGN_02,178.000000000,180.000000000,2.000000000,0.382342351,0.000000000,0.000000000
SE-C02-019-A0091,SE-C02-019,DS05,santa_elena,CAMPAIGN_02,180.000000000,182.000000000,2.000000000,0.398771603,0.000000000,0.000000000
SE-C02-019-A0092,SE-C02-019,DS05,santa_elena,CAMPAIGN_02,182.000000000,184.000000000,2.000000000,0.403398846,0.000000000,0.000000000
SE-C02-019-A0093,SE-C02-019,DS05,santa_elena,CAMPAIGN_02,184.000000000,186.000000000,2.000000000,0.425544120,0.000000000,0.000000000
SE-C02-019-A0094,SE-C02-019,DS05,santa_elena,CAMPAIGN_02,186.000000000,188.000000000,2.000000000,0.389193863,0.000000000,0.000000000
SE-C02-019-A0095,SE-C02-019,DS05,santa_elena,CAMPAIGN_02,188.000000000,190.000000000,2.000000000,0.420599306,0.000000000,0.000000000
SE-C02-019-A0096,SE-C02-019,DS05,santa_elena,CAMPAIGN_02,190.000000000,192.000000000,2.000000000,0.452671572,0.000000000,0.000000000
SE-C02-019-A0097,SE-C02-019,DS05,santa_elena,CAMPAIGN_02,192.000000000,194.000000000,2.000000000,0.426138191,0.000000000,0.000000000
SE-C02-019-A0098,SE-C02-019,DS05,santa_elena,CAMPAIGN_02,194.000000000,196.000000000,2.000000000,0.452126795,0.000000000,0.000000000
SE-C02-019-A0099,SE-C02-019,DS05,santa_elena,CAMPAIGN_02,196.000000000,198.000000000,2.000000000,0.435108973,0.000000000,0.000000000
SE-C02-019-A0100,SE-C02-019,DS05,santa_elena,CAMPAIGN_02,198.000000000,200.000000000,2.000000000,0.465598863,0.000000000,0.000000000
SE-C02-019-A0101,SE-C02-019,DS05,santa_elena,CAMPAIGN_02,200.000000000,202.000000000,2.000000000,0.450083035,0.000000000,0.000000000
SE-C02-019-A0102,SE-C02-019,DS05,santa_elena,CAMPAIGN_02,202.000000000,204.000000000,2.000000000,0.453889483,0.000000000,0.000000000
SE-C02-019-A0103,SE-C02-019,DS05,santa_elena,CAMPAIGN_02,204.000000000,206.000000000,2.000000000,0.482684024,0.000000000,0.000000000
SE-C02-019-A0104,SE-C02-019,DS05,santa_elena,CAMPAIGN_02,206.000000000,208.000000000,2.000000000,0.463109566,0.000000000,0.000000000
SE-C02-019-A0105,SE-C02-019,DS05,santa_elena,CAMPAIGN_02,208.000000000,210.000000000,2.000000000,0.457537205,0.000000000,0.000000000
SE-C02-019-A0106,SE-C02-019,DS05,santa_elena,CAMPAIGN_02,210.000000000,212.000000000,2.000000000,0.482960815,0.000000000,0.000000000
SE-C02-019-A0107,SE-C02-019,DS05,santa_elena,CAMPAIGN_02,212.000000000,214.000000000,2.000000000,0.489615812,0.000000000,0.000000000
SE-C02-019-A0108,SE-C02-019,DS05,santa_elena,CAMPAIGN_02,214.000000000,216.000000000,2.000000000,0.464082902,0.000000000,0.000000000
SE-C02-019-A0109,SE-C02-019,DS05,santa_elena,CAMPAIGN_02,216.000000000,218.000000000,2.000000000,0.473433681,0.000000000,0.000000000
SE-C02-019-A0110,SE-C02-019,DS05,santa_elena,CAMPAIGN_02,218.000000000,220.000000000,2.000000000,0.473612392,0.000000000,0.000000000
SE-C02-019-A0111,SE-C02-019,DS05,santa_elena,CAMPAIGN_02,220.000000000,222.000000000,2.000000000,0.521625577,0.000000000,0.000000000
SE-C02-019-A0112,SE-C02-019,DS05,santa_elena,CAMPAIGN_02,222.000000000,224.000000000,2.000000000,0.470741663,0.000000000,0.000000000
SE-C02-019-A0113,SE-C02-019,DS05,santa_elena,CAMPAIGN_02,224.000000000,226.000000000,2.000000000,0.501673259,0.000000000,0.000000000
SE-C02-019-A0114,SE-C02-019,DS05,santa_elena,CAMPAIGN_02,226.000000000,228.000000000,2.000000000,0.531231272,0.000000000,0.000000000
SE-C02-019-A0115,SE-C02-019,DS05,santa_elena,CAMPAIGN_02,228.000000000,230.000000000,2.000000000,0.500071943,0.000000000,0.000000000
SE-C02-019-A0116,SE-C02-019,DS05,santa_elena,CAMPAIGN_02,230.000000000,232.000000000,2.000000000,0.521087246,0.000000000,0.000000000
SE-C02-019-A0117,SE-C02-019,DS05,santa_elena,CAMPAIGN_02,232.000000000,234.000000000,2.000000000,0.526544776,0.000000000,0.000000000
SE-C02-019-A0118,SE-C02-019,DS05,santa_elena,CAMPAIGN_02,234.000000000,236.000000000,2.000000000,0.531603497,0.000000000,0.000000000
SE-C02-019-A0119,SE-C02-019,DS05,santa_elena,CAMPAIGN_02,236.000000000,238.000000000,2.000000000,0.531762888,0.000000000,0.000000000
SE-C02-019-A0120,SE-C02-019,DS05,santa_elena,CAMPAIGN_02,238.000000000,240.000000000,2.000000000,0.502649404,0.000000000,0.000000000
SE-C02-019-A0121,SE-C02-019,DS05,santa_elena,CAMPAIGN_02,240.000000000,242.000000000,2.000000000,0.477108831,0.000000000,0.000000000
SE-C02-019-A0122,SE-C02-019,DS05,santa_elena,CAMPAIGN_02,242.000000000,244.000000000,2.000000000,0.542392883,0.000000000,0.000000000
SE-C02-019-A0123,SE-C02-019,DS05,santa_elena,CAMPAIGN_02,244.000000000,246.000000000,2.000000000,0.532630439,0.000000000,0.000000000
SE-C02-019-A0124,SE-C02-019,DS05,santa_elena,CAMPAIGN_02,246.000000000,248.000000000,2.000000000,0.526748495,0.000000000,0.000000000
SE-C02-019-A0125,SE-C02-019,DS05,santa_elena,CAMPAIGN_02,248.000000000,250.000000000,2.000000000,0.512613454,0.000000000,0.000000000
SE-C02-019-A0126,SE-C02-019,DS05,santa_elena,CAMPAIGN_02,250.000000000,252.000000000,2.000000000,0.543152006,0.000000000,0.000000000
SE-C02-019-A0127,SE-C02-019,DS05,santa_elena,CAMPAIGN_02,252.000000000,254.000000000,2.000000000,0.533430764,0.000000000,0.000000000
SE-C02-019-A0128,SE-C02-019,DS05,santa_elena,CAMPAIGN_02,254.000000000,256.000000000,2.000000000,0.514042702,0.000000000,0.000000000
SE-C02-019-A0129,SE-C02-019,DS05,santa_elena,CAMPAIGN_02,256.000000000,256.957217801,0.957217801,0.562453882,0.000000000,0.000000000
SE-C02-020-A0001,SE-C02-020,DS05,santa_elena,CAMPAIGN_02,0.000000000,2.000000000,2.000000000,0.023944349,0.000000000,0.000000000
SE-C02-020-A0002,SE-C02-020,DS05,santa_elena,CAMPAIGN_02,2.000000000,4.000000000,2.000000000,0.022838670,0.000000000,0.000000000
SE-C02-020-A0003,SE-C02-020,DS05,santa_elena,CAMPAIGN_02,4.000000000,6.000000000,2.000000000,0.024446715,0.000000000,0.000000000
SE-C02-020-A0004,SE-C02-020,DS05,santa_elena,CAMPAIGN_02,6.000000000,8.000000000,2.000000000,0.024544265,0.000000000,0.000000000
SE-C02-020-A0005,SE-C02-020,DS05,santa_elena,CAMPAIGN_02,8.000000000,10.000000000,2.000000000,0.021155122,0.000000000,0.000000000
SE-C02-020-A0006,SE-C02-020,DS05,santa_elena,CAMPAIGN_02,10.000000000,12.000000000,2.000000000,0.024770927,0.000000000,0.000000000
SE-C02-020-A0007,SE-C02-020,DS05,santa_elena,CAMPAIGN_02,12.000000000,14.000000000,2.000000000,0.025649153,0.000000000,0.000000000
SE-C02-020-A0008,SE-C02-020,DS05,santa_elena,CAMPAIGN_02,14.000000000,16.000000000,2.000000000,0.023531877,0.000000000,0.000000000
SE-C02-020-A0009,SE-C02-020,DS05,santa_elena,CAMPAIGN_02,16.000000000,18.000000000,2.000000000,0.024445635,0.000000000,0.000000000
SE-C02-020-A0010,SE-C02-020,DS05,santa_elena,CAMPAIGN_02,18.000000000,20.000000000,2.000000000,0.023974075,0.000000000,0.000000000
SE-C02-020-A0011,SE-C02-020,DS05,santa_elena,CAMPAIGN_02,20.000000000,22.000000000,2.000000000,0.022156232,0.000000000,0.000000000
SE-C02-020-A0012,SE-C02-020,DS05,santa_elena,CAMPAIGN_02,22.000000000,24.000000000,2.000000000,0.024448656,0.000000000,0.000000000
SE-C02-020-A0013,SE-C02-020,DS05,santa_elena,CAMPAIGN_02,24.000000000,26.000000000,2.000000000,0.027415256,0.000000000,0.000000000
SE-C02-020-A0014,SE-C02-020,DS05,santa_elena,CAMPAIGN_02,26.000000000,28.000000000,2.000000000,0.021876323,0.000000000,0.000000000
SE-C02-020-A0015,SE-C02-020,DS05,santa_elena,CAMPAIGN_02,28.000000000,30.000000000,2.000000000,0.024377726,0.000000000,0.000000000
SE-C02-020-A0016,SE-C02-020,DS05,santa_elena,CAMPAIGN_02,30.000000000,32.000000000,2.000000000,0.025244015,0.000000000,0.000000000
SE-C02-020-A0017,SE-C02-020,DS05,santa_elena,CAMPAIGN_02,32.000000000,34.000000000,2.000000000,0.024844310,0.000000000,0.000000000
SE-C02-020-A0018,SE-C02-020,DS05,santa_elena,CAMPAIGN_02,34.000000000,36.000000000,2.000000000,0.025780654,0.000000000,0.000000000
SE-C02-020-A0019,SE-C02-020,DS05,santa_elena,CAMPAIGN_02,36.000000000,38.000000000,2.000000000,0.023688677,0.000000000,0.000000000
SE-C02-020-A0020,SE-C02-020,DS05,santa_elena,CAMPAIGN_02,38.000000000,40.000000000,2.000000000,0.026216541,0.000000000,0.000000000
SE-C02-020-A0021,SE-C02-020,DS05,santa_elena,CAMPAIGN_02,40.000000000,42.000000000,2.000000000,0.027385265,0.000000000,0.000000000
SE-C02-020-A0022,SE-C02-020,DS05,santa_elena,CAMPAIGN_02,42.000000000,44.000000000,2.000000000,0.030874490,0.000000000,0.000000000
SE-C02-020-A0023,SE-C02-020,DS05,santa_elena,CAMPAIGN_02,44.000000000,46.000000000,2.000000000,0.028354273,0.000000000,0.000000000
SE-C02-020-A0024,SE-C02-020,DS05,santa_elena,CAMPAIGN_02,46.000000000,48.000000000,2.000000000,0.025256352,0.000000000,0.000000000
SE-C02-020-A0025,SE-C02-020,DS05,santa_elena,CAMPAIGN_02,48.000000000,50.000000000,2.000000000,0.030272503,0.000000000,0.000000000
SE-C02-020-A0026,SE-C02-020,DS05,santa_elena,CAMPAIGN_02,50.000000000,52.000000000,2.000000000,0.030448545,0.000000000,0.000000000
SE-C02-020-A0027,SE-C02-020,DS05,santa_elena,CAMPAIGN_02,52.000000000,54.000000000,2.000000000,0.032669472,0.000000000,0.000000000
SE-C02-020-A0028,SE-C02-020,DS05,santa_elena,CAMPAIGN_02,54.000000000,56.000000000,2.000000000,0.031777739,0.000000000,0.000000000
SE-C02-020-A0029,SE-C02-020,DS05,santa_elena,CAMPAIGN_02,56.000000000,58.000000000,2.000000000,0.030537902,0.000000000,0.000000000
SE-C02-020-A0030,SE-C02-020,DS05,santa_elena,CAMPAIGN_02,58.000000000,60.000000000,2.000000000,0.030042033,0.000000000,0.000000000
SE-C02-020-A0031,SE-C02-020,DS05,santa_elena,CAMPAIGN_02,60.000000000,62.000000000,2.000000000,0.034027735,0.000000000,0.000000000
SE-C02-020-A0032,SE-C02-020,DS05,santa_elena,CAMPAIGN_02,62.000000000,64.000000000,2.000000000,0.032109543,0.000000000,0.000000000
SE-C02-020-A0033,SE-C02-020,DS05,santa_elena,CAMPAIGN_02,64.000000000,66.000000000,2.000000000,0.031316274,0.000000000,0.000000000
SE-C02-020-A0034,SE-C02-020,DS05,santa_elena,CAMPAIGN_02,66.000000000,68.000000000,2.000000000,0.033256738,0.000000000,0.000000000
SE-C02-020-A0035,SE-C02-020,DS05,santa_elena,CAMPAIGN_02,68.000000000,70.000000000,2.000000000,0.033987886,0.000000000,0.000000000
SE-C02-020-A0036,SE-C02-020,DS05,santa_elena,CAMPAIGN_02,70.000000000,72.000000000,2.000000000,0.034038011,0.000000000,0.000000000
SE-C02-020-A0037,SE-C02-020,DS05,santa_elena,CAMPAIGN_02,72.000000000,74.000000000,2.000000000,0.036854185,0.000000000,0.000000000
SE-C02-020-A0038,SE-C02-020,DS05,santa_elena,CAMPAIGN_02,74.000000000,76.000000000,2.000000000,0.038522250,0.000000000,0.000000000
SE-C02-020-A0039,SE-C02-020,DS05,santa_elena,CAMPAIGN_02,76.000000000,78.000000000,2.000000000,0.038358530,0.000000000,0.000000000
SE-C02-020-A0040,SE-C02-020,DS05,santa_elena,CAMPAIGN_02,78.000000000,80.000000000,2.000000000,0.034620118,0.000000000,0.000000000
SE-C02-020-A0041,SE-C02-020,DS05,santa_elena,CAMPAIGN_02,80.000000000,82.000000000,2.000000000,0.039041629,0.000000000,0.000000000
SE-C02-020-A0042,SE-C02-020,DS05,santa_elena,CAMPAIGN_02,82.000000000,84.000000000,2.000000000,0.036218677,0.000000000,0.000000000
SE-C02-020-A0043,SE-C02-020,DS05,santa_elena,CAMPAIGN_02,84.000000000,86.000000000,2.000000000,0.041433595,0.000000000,0.000000000
SE-C02-020-A0044,SE-C02-020,DS05,santa_elena,CAMPAIGN_02,86.000000000,88.000000000,2.000000000,0.042538552,0.000000000,0.000000000
SE-C02-020-A0045,SE-C02-020,DS05,santa_elena,CAMPAIGN_02,88.000000000,90.000000000,2.000000000,0.045178449,0.000000000,0.000000000
SE-C02-020-A0046,SE-C02-020,DS05,santa_elena,CAMPAIGN_02,90.000000000,92.000000000,2.000000000,0.044633521,0.000000000,0.000000000
SE-C02-020-A0047,SE-C02-020,DS05,santa_elena,CAMPAIGN_02,92.000000000,94.000000000,2.000000000,0.044213024,0.000000000,0.000000000
SE-C02-020-A0048,SE-C02-020,DS05,santa_elena,CAMPAIGN_02,94.000000000,96.000000000,2.000000000,0.043791248,0.000000000,0.000000000
SE-C02-020-A0049,SE-C02-020,DS05,santa_elena,CAMPAIGN_02,96.000000000,98.000000000,2.000000000,0.045493466,0.000000000,0.000000000
SE-C02-020-A0050,SE-C02-020,DS05,santa_elena,CAMPAIGN_02,98.000000000,100.000000000,2.000000000,0.043639005,0.000000000,0.000000000
SE-C02-020-A0051,SE-C02-020,DS05,santa_elena,CAMPAIGN_02,100.000000000,102.000000000,2.000000000,0.046020239,0.000000000,0.000000000
SE-C02-020-A0052,SE-C02-020,DS05,santa_elena,CAMPAIGN_02,102.000000000,104.000000000,2.000000000,0.050667179,0.000000000,0.000000000
SE-C02-020-A0053,SE-C02-020,DS05,santa_elena,CAMPAIGN_02,104.000000000,106.000000000,2.000000000,0.050798402,0.000000000,0.000000000
SE-C02-020-A0054,SE-C02-020,DS05,santa_elena,CAMPAIGN_02,106.000000000,108.000000000,2.000000000,0.049203481,0.000000000,0.000000000
SE-C02-020-A0055,SE-C02-020,DS05,santa_elena,CAMPAIGN_02,108.000000000,110.000000000,2.000000000,0.056144341,0.000000000,0.000000000
SE-C02-020-A0056,SE-C02-020,DS05,santa_elena,CAMPAIGN_02,110.000000000,112.000000000,2.000000000,0.054057123,0.000000000,0.000000000
SE-C02-020-A0057,SE-C02-020,DS05,santa_elena,CAMPAIGN_02,112.000000000,114.000000000,2.000000000,0.052063783,0.000000000,0.000000000
SE-C02-020-A0058,SE-C02-020,DS05,santa_elena,CAMPAIGN_02,114.000000000,116.000000000,2.000000000,0.058531130,0.000000000,0.000000000
SE-C02-020-A0059,SE-C02-020,DS05,santa_elena,CAMPAIGN_02,116.000000000,118.000000000,2.000000000,0.057388657,0.000000000,0.000000000
SE-C02-020-A0060,SE-C02-020,DS05,santa_elena,CAMPAIGN_02,118.000000000,120.000000000,2.000000000,0.058557350,0.000000000,0.000000000
SE-C02-020-A0061,SE-C02-020,DS05,santa_elena,CAMPAIGN_02,120.000000000,122.000000000,2.000000000,0.058364778,0.000000000,0.000000000
SE-C02-020-A0062,SE-C02-020,DS05,santa_elena,CAMPAIGN_02,122.000000000,124.000000000,2.000000000,0.064816513,0.000000000,0.000000000
SE-C02-020-A0063,SE-C02-020,DS05,santa_elena,CAMPAIGN_02,124.000000000,126.000000000,2.000000000,0.064035915,0.000000000,0.000000000
SE-C02-020-A0064,SE-C02-020,DS05,santa_elena,CAMPAIGN_02,126.000000000,128.000000000,2.000000000,0.065442119,0.000000000,0.000000000
SE-C02-020-A0065,SE-C02-020,DS05,santa_elena,CAMPAIGN_02,128.000000000,130.000000000,2.000000000,0.065097624,0.000000000,0.000000000
SE-C02-020-A0066,SE-C02-020,DS05,santa_elena,CAMPAIGN_02,130.000000000,132.000000000,2.000000000,0.067913342,0.000000000,0.000000000
SE-C02-020-A0067,SE-C02-020,DS05,santa_elena,CAMPAIGN_02,132.000000000,134.000000000,2.000000000,0.069423867,0.000000000,0.000000000
SE-C02-020-A0068,SE-C02-020,DS05,santa_elena,CAMPAIGN_02,134.000000000,136.000000000,2.000000000,0.074654443,0.000000000,0.000000000
SE-C02-020-A0069,SE-C02-020,DS05,santa_elena,CAMPAIGN_02,136.000000000,138.000000000,2.000000000,0.077997690,0.000000000,0.000000000
SE-C02-020-A0070,SE-C02-020,DS05,santa_elena,CAMPAIGN_02,138.000000000,140.000000000,2.000000000,0.076895194,0.000000000,0.000000000
SE-C02-020-A0071,SE-C02-020,DS05,santa_elena,CAMPAIGN_02,140.000000000,142.000000000,2.000000000,0.082394504,0.000000000,0.000000000
SE-C02-020-A0072,SE-C02-020,DS05,santa_elena,CAMPAIGN_02,142.000000000,144.000000000,2.000000000,0.084517166,0.000000000,0.000000000
SE-C02-020-A0073,SE-C02-020,DS05,santa_elena,CAMPAIGN_02,144.000000000,146.000000000,2.000000000,0.081488123,0.000000000,0.000000000
SE-C02-020-A0074,SE-C02-020,DS05,santa_elena,CAMPAIGN_02,146.000000000,148.000000000,2.000000000,0.084353695,0.000000000,0.000000000
SE-C02-020-A0075,SE-C02-020,DS05,santa_elena,CAMPAIGN_02,148.000000000,150.000000000,2.000000000,0.087783991,0.000000000,0.000000000
SE-C02-020-A0076,SE-C02-020,DS05,santa_elena,CAMPAIGN_02,150.000000000,152.000000000,2.000000000,0.085156022,0.000000000,0.000000000
SE-C02-020-A0077,SE-C02-020,DS05,santa_elena,CAMPAIGN_02,152.000000000,154.000000000,2.000000000,0.087375190,0.000000000,0.000000000
SE-C02-020-A0078,SE-C02-020,DS05,santa_elena,CAMPAIGN_02,154.000000000,156.000000000,2.000000000,0.095169844,0.000000000,0.000000000
SE-C02-020-A0079,SE-C02-020,DS05,santa_elena,CAMPAIGN_02,156.000000000,158.000000000,2.000000000,0.098437531,0.000000000,0.000000000
SE-C02-020-A0080,SE-C02-020,DS05,santa_elena,CAMPAIGN_02,158.000000000,160.000000000,2.000000000,0.097799232,0.000000000,0.000000000
SE-C02-020-A0081,SE-C02-020,DS05,santa_elena,CAMPAIGN_02,160.000000000,162.000000000,2.000000000,0.111060364,0.000000000,0.000000000
SE-C02-020-A0082,SE-C02-020,DS05,santa_elena,CAMPAIGN_02,162.000000000,164.000000000,2.000000000,0.092801523,0.000000000,0.000000000
SE-C02-020-A0083,SE-C02-020,DS05,santa_elena,CAMPAIGN_02,164.000000000,166.000000000,2.000000000,0.110435628,0.000000000,0.000000000
SE-C02-020-A0084,SE-C02-020,DS05,santa_elena,CAMPAIGN_02,166.000000000,168.000000000,2.000000000,0.110652481,0.000000000,0.000000000
SE-C02-020-A0085,SE-C02-020,DS05,santa_elena,CAMPAIGN_02,168.000000000,170.000000000,2.000000000,0.105878810,0.000000000,0.000000000
SE-C02-020-A0086,SE-C02-020,DS05,santa_elena,CAMPAIGN_02,170.000000000,172.000000000,2.000000000,0.111800441,0.000000000,0.000000000
SE-C02-020-A0087,SE-C02-020,DS05,santa_elena,CAMPAIGN_02,172.000000000,174.000000000,2.000000000,0.113791039,0.000000000,0.000000000
SE-C02-020-A0088,SE-C02-020,DS05,santa_elena,CAMPAIGN_02,174.000000000,176.000000000,2.000000000,0.143324031,0.000000000,0.000000000
SE-C02-020-A0089,SE-C02-020,DS05,santa_elena,CAMPAIGN_02,176.000000000,178.000000000,2.000000000,0.140953061,0.000000000,0.000000000
SE-C02-020-A0090,SE-C02-020,DS05,santa_elena,CAMPAIGN_02,178.000000000,180.000000000,2.000000000,0.151486323,0.000000000,0.000000000
SE-C02-020-A0091,SE-C02-020,DS05,santa_elena,CAMPAIGN_02,180.000000000,182.000000000,2.000000000,0.146202848,0.000000000,0.000000000
SE-C02-020-A0092,SE-C02-020,DS05,santa_elena,CAMPAIGN_02,182.000000000,184.000000000,2.000000000,0.144032977,0.000000000,0.000000000
SE-C02-020-A0093,SE-C02-020,DS05,santa_elena,CAMPAIGN_02,184.000000000,186.000000000,2.000000000,0.161168140,0.000000000,0.000000000
SE-C02-020-A0094,SE-C02-020,DS05,santa_elena,CAMPAIGN_02,186.000000000,188.000000000,2.000000000,0.157178436,0.000000000,0.000000000
SE-C02-020-A0095,SE-C02-020,DS05,santa_elena,CAMPAIGN_02,188.000000000,190.000000000,2.000000000,0.151713478,0.000000000,0.000000000
SE-C02-020-A0096,SE-C02-020,DS05,santa_elena,CAMPAIGN_02,190.000000000,192.000000000,2.000000000,0.168143255,0.000000000,0.000000000
SE-C02-020-A0097,SE-C02-020,DS05,santa_elena,CAMPAIGN_02,192.000000000,194.000000000,2.000000000,0.174380352,0.000000000,0.000000000
SE-C02-020-A0098,SE-C02-020,DS05,santa_elena,CAMPAIGN_02,194.000000000,196.000000000,2.000000000,0.177984193,0.000000000,0.000000000
SE-C02-020-A0099,SE-C02-020,DS05,santa_elena,CAMPAIGN_02,196.000000000,198.000000000,2.000000000,0.172759978,0.000000000,0.000000000
SE-C02-020-A0100,SE-C02-020,DS05,santa_elena,CAMPAIGN_02,198.000000000,200.000000000,2.000000000,0.183472120,0.000000000,0.000000000
SE-C02-020-A0101,SE-C02-020,DS05,santa_elena,CAMPAIGN_02,200.000000000,202.000000000,2.000000000,0.189471298,0.000000000,0.000000000
SE-C02-020-A0102,SE-C02-020,DS05,santa_elena,CAMPAIGN_02,202.000000000,204.000000000,2.000000000,0.179993163,0.000000000,0.000000000
SE-C02-020-A0103,SE-C02-020,DS05,santa_elena,CAMPAIGN_02,204.000000000,206.000000000,2.000000000,0.194113093,0.000000000,0.000000000
SE-C02-020-A0104,SE-C02-020,DS05,santa_elena,CAMPAIGN_02,206.000000000,208.000000000,2.000000000,0.193652808,0.000000000,0.000000000
SE-C02-020-A0105,SE-C02-020,DS05,santa_elena,CAMPAIGN_02,208.000000000,210.000000000,2.000000000,0.189302576,0.000000000,0.000000000
SE-C02-020-A0106,SE-C02-020,DS05,santa_elena,CAMPAIGN_02,210.000000000,212.000000000,2.000000000,0.194360072,0.000000000,0.000000000
SE-C02-020-A0107,SE-C02-020,DS05,santa_elena,CAMPAIGN_02,212.000000000,214.000000000,2.000000000,0.202350359,0.000000000,0.000000000
SE-C02-020-A0108,SE-C02-020,DS05,santa_elena,CAMPAIGN_02,214.000000000,216.000000000,2.000000000,0.197931711,0.000000000,0.000000000
SE-C02-020-A0109,SE-C02-020,DS05,santa_elena,CAMPAIGN_02,216.000000000,218.000000000,2.000000000,0.196492521,0.000000000,0.000000000
SE-C02-020-A0110,SE-C02-020,DS05,santa_elena,CAMPAIGN_02,218.000000000,220.000000000,2.000000000,0.219465796,0.000000000,0.000000000
SE-C02-020-A0111,SE-C02-020,DS05,santa_elena,CAMPAIGN_02,220.000000000,222.000000000,2.000000000,0.230567601,0.000000000,0.000000000
SE-C02-020-A0112,SE-C02-020,DS05,santa_elena,CAMPAIGN_02,222.000000000,224.000000000,2.000000000,0.221320246,0.000000000,0.000000000
SE-C02-020-A0113,SE-C02-020,DS05,santa_elena,CAMPAIGN_02,224.000000000,226.000000000,2.000000000,0.207502068,0.000000000,0.000000000
SE-C02-020-A0114,SE-C02-020,DS05,santa_elena,CAMPAIGN_02,226.000000000,228.000000000,2.000000000,0.219571970,0.000000000,0.000000000
SE-C02-020-A0115,SE-C02-020,DS05,santa_elena,CAMPAIGN_02,228.000000000,230.000000000,2.000000000,0.239149736,0.000000000,0.000000000
SE-C02-020-A0116,SE-C02-020,DS05,santa_elena,CAMPAIGN_02,230.000000000,232.000000000,2.000000000,0.232620900,0.000000000,0.000000000
SE-C02-020-A0117,SE-C02-020,DS05,santa_elena,CAMPAIGN_02,232.000000000,234.000000000,2.000000000,0.237165860,0.000000000,0.000000000
SE-C02-020-A0118,SE-C02-020,DS05,santa_elena,CAMPAIGN_02,234.000000000,236.000000000,2.000000000,0.261894888,0.000000000,0.000000000
SE-C02-020-A0119,SE-C02-020,DS05,santa_elena,CAMPAIGN_02,236.000000000,238.000000000,2.000000000,0.231456705,0.000000000,0.000000000
SE-C02-020-A0120,SE-C02-020,DS05,santa_elena,CAMPAIGN_02,238.000000000,240.000000000,2.000000000,0.254270640,0.000000000,0.000000000
SE-C02-020-A0121,SE-C02-020,DS05,santa_elena,CAMPAIGN_02,240.000000000,242.000000000,2.000000000,0.250244908,0.000000000,0.000000000
SE-C02-020-A0122,SE-C02-020,DS05,santa_elena,CAMPAIGN_02,242.000000000,244.000000000,2.000000000,0.256102605,0.000000000,0.000000000
SE-C02-020-A0123,SE-C02-020,DS05,santa_elena,CAMPAIGN_02,244.000000000,246.000000000,2.000000000,0.275446595,0.000000000,0.000000000
SE-C02-020-A0124,SE-C02-020,DS05,santa_elena,CAMPAIGN_02,246.000000000,248.000000000,2.000000000,0.265723664,0.000000000,0.000000000
SE-C02-020-A0125,SE-C02-020,DS05,santa_elena,CAMPAIGN_02,248.000000000,250.000000000,2.000000000,0.280586331,0.000000000,0.000000000
SE-C02-020-A0126,SE-C02-020,DS05,santa_elena,CAMPAIGN_02,250.000000000,252.000000000,2.000000000,0.267835502,0.000000000,0.000000000
SE-C02-020-A0127,SE-C02-020,DS05,santa_elena,CAMPAIGN_02,252.000000000,254.000000000,2.000000000,0.277184205,0.000000000,0.000000000
SE-C02-020-A0128,SE-C02-020,DS05,santa_elena,CAMPAIGN_02,254.000000000,256.000000000,2.000000000,0.259175265,0.000000000,0.000000000
SE-C02-020-A0129,SE-C02-020,DS05,santa_elena,CAMPAIGN_02,256.000000000,258.000000000,2.000000000,0.302284302,0.000000000,0.000000000
SE-C02-020-A0130,SE-C02-020,DS05,santa_elena,CAMPAIGN_02,258.000000000,260.000000000,2.000000000,0.301490291,0.000000000,0.000000000
SE-C02-020-A0131,SE-C02-020,DS05,santa_elena,CAMPAIGN_02,260.000000000,262.000000000,2.000000000,0.274822912,0.000000000,0.000000000
SE-C02-020-A0132,SE-C02-020,DS05,santa_elena,CAMPAIGN_02,262.000000000,264.000000000,2.000000000,0.290065311,0.000000000,0.000000000
SE-C02-020-A0133,SE-C02-020,DS05,santa_elena,CAMPAIGN_02,264.000000000,266.000000000,2.000000000,0.301046868,0.000000000,0.000000000
SE-C02-020-A0134,SE-C02-020,DS05,santa_elena,CAMPAIGN_02,266.000000000,268.000000000,2.000000000,0.291679576,0.000000000,0.000000000
SE-C02-020-A0135,SE-C02-020,DS05,santa_elena,CAMPAIGN_02,268.000000000,270.000000000,2.000000000,0.309382175,0.000000000,0.000000000
SE-C02-020-A0136,SE-C02-020,DS05,santa_elena,CAMPAIGN_02,270.000000000,272.000000000,2.000000000,0.299808518,0.000000000,0.000000000
SE-C02-020-A0137,SE-C02-020,DS05,santa_elena,CAMPAIGN_02,272.000000000,274.000000000,2.000000000,0.303704675,0.000000000,0.000000000
SE-C02-020-A0138,SE-C02-020,DS05,santa_elena,CAMPAIGN_02,274.000000000,276.000000000,2.000000000,0.316728070,0.000000000,0.000000000
SE-C02-020-A0139,SE-C02-020,DS05,santa_elena,CAMPAIGN_02,276.000000000,278.000000000,2.000000000,0.326791146,0.000000000,0.000000000
SE-C02-020-A0140,SE-C02-020,DS05,santa_elena,CAMPAIGN_02,278.000000000,280.000000000,2.000000000,0.314397050,0.000000000,0.000000000
SE-C02-020-A0141,SE-C02-020,DS05,santa_elena,CAMPAIGN_02,280.000000000,282.000000000,2.000000000,0.312275628,0.000000000,0.000000000
SE-C02-020-A0142,SE-C02-020,DS05,santa_elena,CAMPAIGN_02,282.000000000,284.000000000,2.000000000,0.342989440,0.000000000,0.000000000
SE-C02-020-A0143,SE-C02-020,DS05,santa_elena,CAMPAIGN_02,284.000000000,286.000000000,2.000000000,0.340118020,0.000000000,0.000000000
SE-C02-020-A0144,SE-C02-020,DS05,santa_elena,CAMPAIGN_02,286.000000000,288.000000000,2.000000000,0.311766707,0.000000000,0.000000000
SE-C02-020-A0145,SE-C02-020,DS05,santa_elena,CAMPAIGN_02,288.000000000,290.000000000,2.000000000,0.308769710,0.000000000,0.000000000
SE-C02-020-A0146,SE-C02-020,DS05,santa_elena,CAMPAIGN_02,290.000000000,292.000000000,2.000000000,0.347476294,0.000000000,0.000000000
SE-C02-020-A0147,SE-C02-020,DS05,santa_elena,CAMPAIGN_02,292.000000000,294.000000000,2.000000000,0.355253515,0.000000000,0.000000000
SE-C02-020-A0148,SE-C02-020,DS05,santa_elena,CAMPAIGN_02,294.000000000,296.000000000,2.000000000,0.343096646,0.000000000,0.000000000
SE-C02-020-A0149,SE-C02-020,DS05,santa_elena,CAMPAIGN_02,296.000000000,298.000000000,2.000000000,0.334294152,0.000000000,0.000000000
SE-C02-020-A0150,SE-C02-020,DS05,santa_elena,CAMPAIGN_02,298.000000000,300.000000000,2.000000000,0.351805063,0.000000000,0.000000000
SE-C02-020-A0151,SE-C02-020,DS05,santa_elena,CAMPAIGN_02,300.000000000,302.000000000,2.000000000,0.320430107,0.000000000,0.000000000
SE-C02-020-A0152,SE-C02-020,DS05,santa_elena,CAMPAIGN_02,302.000000000,304.000000000,2.000000000,0.324894577,0.000000000,0.000000000
SE-C02-020-A0153,SE-C02-020,DS05,santa_elena,CAMPAIGN_02,304.000000000,306.000000000,2.000000000,0.338240289,0.000000000,0.000000000
SE-C02-020-A0154,SE-C02-020,DS05,santa_elena,CAMPAIGN_02,306.000000000,308.000000000,2.000000000,0.336737278,0.000000000,0.000000000
SE-C02-020-A0155,SE-C02-020,DS05,santa_elena,CAMPAIGN_02,308.000000000,310.000000000,2.000000000,0.340174564,0.000000000,0.000000000
SE-C02-020-A0156,SE-C02-020,DS05,santa_elena,CAMPAIGN_02,310.000000000,312.000000000,2.000000000,0.357309949,0.000000000,0.000000000
SE-C02-020-A0157,SE-C02-020,DS05,santa_elena,CAMPAIGN_02,312.000000000,314.000000000,2.000000000,0.380444535,0.000000000,0.000000000
SE-C02-020-A0158,SE-C02-020,DS05,santa_elena,CAMPAIGN_02,314.000000000,316.000000000,2.000000000,0.375895108,0.000000000,0.000000000
SE-C02-020-A0159,SE-C02-020,DS05,santa_elena,CAMPAIGN_02,316.000000000,318.000000000,2.000000000,0.353825003,0.000000000,0.000000000
SE-C02-020-A0160,SE-C02-020,DS05,santa_elena,CAMPAIGN_02,318.000000000,320.000000000,2.000000000,0.377891469,0.000000000,0.000000000
SE-C02-020-A0161,SE-C02-020,DS05,santa_elena,CAMPAIGN_02,320.000000000,320.814050596,0.814050596,0.355142425,0.000000000,0.000000000
SE-C03-001-A0001,SE-C03-001,DS05,santa_elena,CAMPAIGN_03,0.000000000,2.000000000,2.000000000,0.119132876,0.000000000,0.000000000
SE-C03-001-A0002,SE-C03-001,DS05,santa_elena,CAMPAIGN_03,2.000000000,4.000000000,2.000000000,0.116230997,0.000000000,0.000000000
SE-C03-001-A0003,SE-C03-001,DS05,santa_elena,CAMPAIGN_03,4.000000000,6.000000000,2.000000000,0.117738712,0.000000000,0.000000000
SE-C03-001-A0004,SE-C03-001,DS05,santa_elena,CAMPAIGN_03,6.000000000,8.000000000,2.000000000,0.125118077,0.000000000,0.000000000
SE-C03-001-A0005,SE-C03-001,DS05,santa_elena,CAMPAIGN_03,8.000000000,10.000000000,2.000000000,0.132104933,0.000000000,0.000000000
SE-C03-001-A0006,SE-C03-001,DS05,santa_elena,CAMPAIGN_03,10.000000000,12.000000000,2.000000000,0.126882397,0.000000000,0.000000000
SE-C03-001-A0007,SE-C03-001,DS05,santa_elena,CAMPAIGN_03,12.000000000,14.000000000,2.000000000,0.135452322,0.000000000,0.000000000
SE-C03-001-A0008,SE-C03-001,DS05,santa_elena,CAMPAIGN_03,14.000000000,16.000000000,2.000000000,0.140837172,0.000000000,0.000000000
SE-C03-001-A0009,SE-C03-001,DS05,santa_elena,CAMPAIGN_03,16.000000000,18.000000000,2.000000000,0.143130674,0.000000000,0.000000000
SE-C03-001-A0010,SE-C03-001,DS05,santa_elena,CAMPAIGN_03,18.000000000,20.000000000,2.000000000,0.147514430,0.000000000,0.000000000
SE-C03-001-A0011,SE-C03-001,DS05,santa_elena,CAMPAIGN_03,20.000000000,22.000000000,2.000000000,0.148588567,0.000000000,0.000000000
SE-C03-001-A0012,SE-C03-001,DS05,santa_elena,CAMPAIGN_03,22.000000000,24.000000000,2.000000000,0.160531216,0.000000000,0.000000000
SE-C03-001-A0013,SE-C03-001,DS05,santa_elena,CAMPAIGN_03,24.000000000,26.000000000,2.000000000,0.154605178,0.000000000,0.000000000
SE-C03-001-A0014,SE-C03-001,DS05,santa_elena,CAMPAIGN_03,26.000000000,28.000000000,2.000000000,0.166153860,0.000000000,0.000000000
SE-C03-001-A0015,SE-C03-001,DS05,santa_elena,CAMPAIGN_03,28.000000000,30.000000000,2.000000000,0.165173346,0.000000000,0.000000000
SE-C03-001-A0016,SE-C03-001,DS05,santa_elena,CAMPAIGN_03,30.000000000,32.000000000,2.000000000,0.169911489,0.000000000,0.000000000
SE-C03-001-A0017,SE-C03-001,DS05,santa_elena,CAMPAIGN_03,32.000000000,34.000000000,2.000000000,0.184755897,0.000000000,0.000000000
SE-C03-001-A0018,SE-C03-001,DS05,santa_elena,CAMPAIGN_03,34.000000000,36.000000000,2.000000000,0.165443380,0.000000000,0.000000000
SE-C03-001-A0019,SE-C03-001,DS05,santa_elena,CAMPAIGN_03,36.000000000,38.000000000,2.000000000,0.187430498,0.000000000,0.000000000
SE-C03-001-A0020,SE-C03-001,DS05,santa_elena,CAMPAIGN_03,38.000000000,40.000000000,2.000000000,0.190885369,0.000000000,0.000000000
SE-C03-001-A0021,SE-C03-001,DS05,santa_elena,CAMPAIGN_03,40.000000000,42.000000000,2.000000000,0.198377252,0.000000000,0.000000000
SE-C03-001-A0022,SE-C03-001,DS05,santa_elena,CAMPAIGN_03,42.000000000,44.000000000,2.000000000,0.190664482,0.000000000,0.000000000
SE-C03-001-A0023,SE-C03-001,DS05,santa_elena,CAMPAIGN_03,44.000000000,46.000000000,2.000000000,0.187922926,0.000000000,0.000000000
SE-C03-001-A0024,SE-C03-001,DS05,santa_elena,CAMPAIGN_03,46.000000000,48.000000000,2.000000000,0.206900153,0.000000000,0.000000000
SE-C03-001-A0025,SE-C03-001,DS05,santa_elena,CAMPAIGN_03,48.000000000,50.000000000,2.000000000,0.210226437,0.000000000,0.000000000
SE-C03-001-A0026,SE-C03-001,DS05,santa_elena,CAMPAIGN_03,50.000000000,52.000000000,2.000000000,0.213653929,0.000000000,0.000000000
SE-C03-001-A0027,SE-C03-001,DS05,santa_elena,CAMPAIGN_03,52.000000000,54.000000000,2.000000000,0.218105243,0.000000000,0.000000000
SE-C03-001-A0028,SE-C03-001,DS05,santa_elena,CAMPAIGN_03,54.000000000,56.000000000,2.000000000,0.239490903,0.000000000,0.000000000
SE-C03-001-A0029,SE-C03-001,DS05,santa_elena,CAMPAIGN_03,56.000000000,58.000000000,2.000000000,0.231048629,0.000000000,0.000000000
SE-C03-001-A0030,SE-C03-001,DS05,santa_elena,CAMPAIGN_03,58.000000000,60.000000000,2.000000000,0.244383377,0.000000000,0.000000000
SE-C03-001-A0031,SE-C03-001,DS05,santa_elena,CAMPAIGN_03,60.000000000,62.000000000,2.000000000,0.243184397,0.000000000,0.000000000
SE-C03-001-A0032,SE-C03-001,DS05,santa_elena,CAMPAIGN_03,62.000000000,64.000000000,2.000000000,0.245633798,0.000000000,0.000000000
SE-C03-001-A0033,SE-C03-001,DS05,santa_elena,CAMPAIGN_03,64.000000000,66.000000000,2.000000000,0.237405319,0.000000000,0.000000000
SE-C03-001-A0034,SE-C03-001,DS05,santa_elena,CAMPAIGN_03,66.000000000,68.000000000,2.000000000,0.267808698,0.000000000,0.000000000
SE-C03-001-A0035,SE-C03-001,DS05,santa_elena,CAMPAIGN_03,68.000000000,70.000000000,2.000000000,0.266964420,0.000000000,0.000000000
SE-C03-001-A0036,SE-C03-001,DS05,santa_elena,CAMPAIGN_03,70.000000000,72.000000000,2.000000000,0.269664312,0.000000000,0.000000000
SE-C03-001-A0037,SE-C03-001,DS05,santa_elena,CAMPAIGN_03,72.000000000,74.000000000,2.000000000,0.277691999,0.000000000,0.000000000
SE-C03-001-A0038,SE-C03-001,DS05,santa_elena,CAMPAIGN_03,74.000000000,76.000000000,2.000000000,0.279749672,0.000000000,0.000000000
SE-C03-001-A0039,SE-C03-001,DS05,santa_elena,CAMPAIGN_03,76.000000000,78.000000000,2.000000000,0.285719526,0.000000000,0.000000000
SE-C03-001-A0040,SE-C03-001,DS05,santa_elena,CAMPAIGN_03,78.000000000,80.000000000,2.000000000,0.292578672,0.000000000,0.000000000
SE-C03-001-A0041,SE-C03-001,DS05,santa_elena,CAMPAIGN_03,80.000000000,82.000000000,2.000000000,0.279688327,0.000000000,0.000000000
SE-C03-001-A0042,SE-C03-001,DS05,santa_elena,CAMPAIGN_03,82.000000000,84.000000000,2.000000000,0.298063661,0.000000000,0.000000000
SE-C03-001-A0043,SE-C03-001,DS05,santa_elena,CAMPAIGN_03,84.000000000,86.000000000,2.000000000,0.307244107,0.000000000,0.000000000
SE-C03-001-A0044,SE-C03-001,DS05,santa_elena,CAMPAIGN_03,86.000000000,88.000000000,2.000000000,0.312383723,0.000000000,0.000000000
SE-C03-001-A0045,SE-C03-001,DS05,santa_elena,CAMPAIGN_03,88.000000000,90.000000000,2.000000000,0.334683776,0.000000000,0.000000000
SE-C03-001-A0046,SE-C03-001,DS05,santa_elena,CAMPAIGN_03,90.000000000,92.000000000,2.000000000,0.296537077,0.000000000,0.000000000
SE-C03-001-A0047,SE-C03-001,DS05,santa_elena,CAMPAIGN_03,92.000000000,94.000000000,2.000000000,0.328459824,0.000000000,0.000000000
SE-C03-001-A0048,SE-C03-001,DS05,santa_elena,CAMPAIGN_03,94.000000000,96.000000000,2.000000000,0.337626951,0.000000000,0.000000000
SE-C03-001-A0049,SE-C03-001,DS05,santa_elena,CAMPAIGN_03,96.000000000,98.000000000,2.000000000,0.321218938,0.000000000,0.000000000
SE-C03-001-A0050,SE-C03-001,DS05,santa_elena,CAMPAIGN_03,98.000000000,100.000000000,2.000000000,0.327310664,0.000000000,0.000000000
SE-C03-001-A0051,SE-C03-001,DS05,santa_elena,CAMPAIGN_03,100.000000000,102.000000000,2.000000000,0.345611830,0.000000000,0.000000000
SE-C03-001-A0052,SE-C03-001,DS05,santa_elena,CAMPAIGN_03,102.000000000,104.000000000,2.000000000,0.352605888,0.000000000,0.000000000
SE-C03-001-A0053,SE-C03-001,DS05,santa_elena,CAMPAIGN_03,104.000000000,106.000000000,2.000000000,0.339203188,0.000000000,0.000000000
SE-C03-001-A0054,SE-C03-001,DS05,santa_elena,CAMPAIGN_03,106.000000000,108.000000000,2.000000000,0.343440880,0.000000000,0.000000000
SE-C03-001-A0055,SE-C03-001,DS05,santa_elena,CAMPAIGN_03,108.000000000,110.000000000,2.000000000,0.344948054,0.000000000,0.000000000
SE-C03-001-A0056,SE-C03-001,DS05,santa_elena,CAMPAIGN_03,110.000000000,112.000000000,2.000000000,0.381664972,0.000000000,0.000000000
SE-C03-001-A0057,SE-C03-001,DS05,santa_elena,CAMPAIGN_03,112.000000000,114.000000000,2.000000000,0.384119919,0.000000000,0.000000000
SE-C03-001-A0058,SE-C03-001,DS05,santa_elena,CAMPAIGN_03,114.000000000,116.000000000,2.000000000,0.368766001,0.000000000,0.000000000
SE-C03-001-A0059,SE-C03-001,DS05,santa_elena,CAMPAIGN_03,116.000000000,118.000000000,2.000000000,0.390214518,0.000000000,0.000000000
SE-C03-001-A0060,SE-C03-001,DS05,santa_elena,CAMPAIGN_03,118.000000000,120.000000000,2.000000000,0.403097085,0.000000000,0.000000000
SE-C03-001-A0061,SE-C03-001,DS05,santa_elena,CAMPAIGN_03,120.000000000,122.000000000,2.000000000,0.392513841,0.000000000,0.000000000
SE-C03-001-A0062,SE-C03-001,DS05,santa_elena,CAMPAIGN_03,122.000000000,124.000000000,2.000000000,0.390236754,0.000000000,0.000000000
SE-C03-001-A0063,SE-C03-001,DS05,santa_elena,CAMPAIGN_03,124.000000000,126.000000000,2.000000000,0.402422578,0.000000000,0.000000000
SE-C03-001-A0064,SE-C03-001,DS05,santa_elena,CAMPAIGN_03,126.000000000,128.000000000,2.000000000,0.390952901,0.000000000,0.000000000
SE-C03-001-A0065,SE-C03-001,DS05,santa_elena,CAMPAIGN_03,128.000000000,130.000000000,2.000000000,0.404851365,0.000000000,0.000000000
SE-C03-001-A0066,SE-C03-001,DS05,santa_elena,CAMPAIGN_03,130.000000000,132.000000000,2.000000000,0.424234631,0.000000000,0.000000000
SE-C03-001-A0067,SE-C03-001,DS05,santa_elena,CAMPAIGN_03,132.000000000,134.000000000,2.000000000,0.456992412,0.000000000,0.000000000
SE-C03-001-A0068,SE-C03-001,DS05,santa_elena,CAMPAIGN_03,134.000000000,136.000000000,2.000000000,0.418635226,0.000000000,0.000000000
SE-C03-001-A0069,SE-C03-001,DS05,santa_elena,CAMPAIGN_03,136.000000000,138.000000000,2.000000000,0.422131948,0.000000000,0.000000000
SE-C03-001-A0070,SE-C03-001,DS05,santa_elena,CAMPAIGN_03,138.000000000,140.000000000,2.000000000,0.447745553,0.000000000,0.000000000
SE-C03-001-A0071,SE-C03-001,DS05,santa_elena,CAMPAIGN_03,140.000000000,142.000000000,2.000000000,0.426575442,0.000000000,0.000000000
SE-C03-001-A0072,SE-C03-001,DS05,santa_elena,CAMPAIGN_03,142.000000000,144.000000000,2.000000000,0.445743581,0.000000000,0.000000000
SE-C03-001-A0073,SE-C03-001,DS05,santa_elena,CAMPAIGN_03,144.000000000,146.000000000,2.000000000,0.435033278,0.000000000,0.000000000
SE-C03-001-A0074,SE-C03-001,DS05,santa_elena,CAMPAIGN_03,146.000000000,148.000000000,2.000000000,0.458555710,0.000000000,0.000000000
SE-C03-001-A0075,SE-C03-001,DS05,santa_elena,CAMPAIGN_03,148.000000000,150.000000000,2.000000000,0.432848862,0.000000000,0.000000000
SE-C03-001-A0076,SE-C03-001,DS05,santa_elena,CAMPAIGN_03,150.000000000,152.000000000,2.000000000,0.436031558,0.000000000,0.000000000
SE-C03-001-A0077,SE-C03-001,DS05,santa_elena,CAMPAIGN_03,152.000000000,154.000000000,2.000000000,0.495857436,0.000000000,0.000000000
SE-C03-001-A0078,SE-C03-001,DS05,santa_elena,CAMPAIGN_03,154.000000000,156.000000000,2.000000000,0.469185531,0.000000000,0.000000000
SE-C03-001-A0079,SE-C03-001,DS05,santa_elena,CAMPAIGN_03,156.000000000,158.000000000,2.000000000,0.486787873,0.000000000,0.000000000
SE-C03-001-A0080,SE-C03-001,DS05,santa_elena,CAMPAIGN_03,158.000000000,160.000000000,2.000000000,0.480878137,0.000000000,0.000000000
SE-C03-001-A0081,SE-C03-001,DS05,santa_elena,CAMPAIGN_03,160.000000000,162.000000000,2.000000000,0.430396381,0.000000000,0.000000000
SE-C03-001-A0082,SE-C03-001,DS05,santa_elena,CAMPAIGN_03,162.000000000,164.000000000,2.000000000,0.464033175,0.000000000,0.000000000
SE-C03-001-A0083,SE-C03-001,DS05,santa_elena,CAMPAIGN_03,164.000000000,166.000000000,2.000000000,0.475604844,0.000000000,0.000000000
SE-C03-001-A0084,SE-C03-001,DS05,santa_elena,CAMPAIGN_03,166.000000000,168.000000000,2.000000000,0.470804483,0.000000000,0.000000000
SE-C03-001-A0085,SE-C03-001,DS05,santa_elena,CAMPAIGN_03,168.000000000,170.000000000,2.000000000,0.502472118,0.000000000,0.000000000
SE-C03-001-A0086,SE-C03-001,DS05,santa_elena,CAMPAIGN_03,170.000000000,172.000000000,2.000000000,0.467444686,0.000000000,0.000000000
SE-C03-001-A0087,SE-C03-001,DS05,santa_elena,CAMPAIGN_03,172.000000000,174.000000000,2.000000000,0.488816643,0.000000000,0.000000000
SE-C03-001-A0088,SE-C03-001,DS05,santa_elena,CAMPAIGN_03,174.000000000,176.000000000,2.000000000,0.457325151,0.000000000,0.000000000
SE-C03-001-A0089,SE-C03-001,DS05,santa_elena,CAMPAIGN_03,176.000000000,178.000000000,2.000000000,0.479395449,0.000000000,0.000000000
SE-C03-001-A0090,SE-C03-001,DS05,santa_elena,CAMPAIGN_03,178.000000000,180.000000000,2.000000000,0.502427691,0.000000000,0.000000000
SE-C03-001-A0091,SE-C03-001,DS05,santa_elena,CAMPAIGN_03,180.000000000,182.000000000,2.000000000,0.478157092,0.000000000,0.000000000
SE-C03-001-A0092,SE-C03-001,DS05,santa_elena,CAMPAIGN_03,182.000000000,184.000000000,2.000000000,0.513335212,0.000000000,0.000000000
SE-C03-001-A0093,SE-C03-001,DS05,santa_elena,CAMPAIGN_03,184.000000000,186.000000000,2.000000000,0.480986245,0.000000000,0.000000000
SE-C03-001-A0094,SE-C03-001,DS05,santa_elena,CAMPAIGN_03,186.000000000,188.000000000,2.000000000,0.506731204,0.000000000,0.000000000
SE-C03-001-A0095,SE-C03-001,DS05,santa_elena,CAMPAIGN_03,188.000000000,190.000000000,2.000000000,0.493209113,0.000000000,0.000000000
SE-C03-001-A0096,SE-C03-001,DS05,santa_elena,CAMPAIGN_03,190.000000000,192.000000000,2.000000000,0.485595053,0.000000000,0.000000000
SE-C03-001-A0097,SE-C03-001,DS05,santa_elena,CAMPAIGN_03,192.000000000,194.000000000,2.000000000,0.483211494,0.000000000,0.000000000
SE-C03-001-A0098,SE-C03-001,DS05,santa_elena,CAMPAIGN_03,194.000000000,196.000000000,2.000000000,0.517806075,0.000000000,0.000000000
SE-C03-001-A0099,SE-C03-001,DS05,santa_elena,CAMPAIGN_03,196.000000000,198.000000000,2.000000000,0.503207866,0.000000000,0.000000000
SE-C03-001-A0100,SE-C03-001,DS05,santa_elena,CAMPAIGN_03,198.000000000,200.000000000,2.000000000,0.497422332,0.000000000,0.000000000
SE-C03-001-A0101,SE-C03-001,DS05,santa_elena,CAMPAIGN_03,200.000000000,202.000000000,2.000000000,0.511898958,0.000000000,0.000000000
SE-C03-001-A0102,SE-C03-001,DS05,santa_elena,CAMPAIGN_03,202.000000000,204.000000000,2.000000000,0.499382594,0.000000000,0.000000000
SE-C03-001-A0103,SE-C03-001,DS05,santa_elena,CAMPAIGN_03,204.000000000,206.000000000,2.000000000,0.494804358,0.000000000,0.000000000
SE-C03-001-A0104,SE-C03-001,DS05,santa_elena,CAMPAIGN_03,206.000000000,208.000000000,2.000000000,0.563337216,0.000000000,0.000000000
SE-C03-001-A0105,SE-C03-001,DS05,santa_elena,CAMPAIGN_03,208.000000000,210.000000000,2.000000000,0.517860215,0.000000000,0.000000000
SE-C03-002-A0001,SE-C03-002,DS05,santa_elena,CAMPAIGN_03,0.000000000,2.000000000,2.000000000,0.160373295,0.000000000,0.000000000
SE-C03-002-A0002,SE-C03-002,DS05,santa_elena,CAMPAIGN_03,2.000000000,4.000000000,2.000000000,0.169359705,0.000000000,0.000000000
SE-C03-002-A0003,SE-C03-002,DS05,santa_elena,CAMPAIGN_03,4.000000000,6.000000000,2.000000000,0.159008765,0.000000000,0.000000000
SE-C03-002-A0004,SE-C03-002,DS05,santa_elena,CAMPAIGN_03,6.000000000,8.000000000,2.000000000,0.181389494,0.000000000,0.000000000
SE-C03-002-A0005,SE-C03-002,DS05,santa_elena,CAMPAIGN_03,8.000000000,10.000000000,2.000000000,0.167776336,0.000000000,0.000000000
SE-C03-002-A0006,SE-C03-002,DS05,santa_elena,CAMPAIGN_03,10.000000000,12.000000000,2.000000000,0.184136260,0.000000000,0.000000000
SE-C03-002-A0007,SE-C03-002,DS05,santa_elena,CAMPAIGN_03,12.000000000,14.000000000,2.000000000,0.196262588,0.000000000,0.000000000
SE-C03-002-A0008,SE-C03-002,DS05,santa_elena,CAMPAIGN_03,14.000000000,16.000000000,2.000000000,0.189502978,0.000000000,0.000000000
SE-C03-002-A0009,SE-C03-002,DS05,santa_elena,CAMPAIGN_03,16.000000000,18.000000000,2.000000000,0.213457034,0.000000000,0.000000000
SE-C03-002-A0010,SE-C03-002,DS05,santa_elena,CAMPAIGN_03,18.000000000,20.000000000,2.000000000,0.200274003,0.000000000,0.000000000
SE-C03-002-A0011,SE-C03-002,DS05,santa_elena,CAMPAIGN_03,20.000000000,22.000000000,2.000000000,0.210653880,0.000000000,0.000000000
SE-C03-002-A0012,SE-C03-002,DS05,santa_elena,CAMPAIGN_03,22.000000000,24.000000000,2.000000000,0.204111072,0.000000000,0.000000000
SE-C03-002-A0013,SE-C03-002,DS05,santa_elena,CAMPAIGN_03,24.000000000,26.000000000,2.000000000,0.223578427,0.000000000,0.000000000
SE-C03-002-A0014,SE-C03-002,DS05,santa_elena,CAMPAIGN_03,26.000000000,28.000000000,2.000000000,0.215082982,0.000000000,0.000000000
SE-C03-002-A0015,SE-C03-002,DS05,santa_elena,CAMPAIGN_03,28.000000000,30.000000000,2.000000000,0.218098590,0.000000000,0.000000000
SE-C03-002-A0016,SE-C03-002,DS05,santa_elena,CAMPAIGN_03,30.000000000,32.000000000,2.000000000,0.235856333,0.000000000,0.000000000
SE-C03-002-A0017,SE-C03-002,DS05,santa_elena,CAMPAIGN_03,32.000000000,34.000000000,2.000000000,0.225555361,0.000000000,0.000000000
SE-C03-002-A0018,SE-C03-002,DS05,santa_elena,CAMPAIGN_03,34.000000000,36.000000000,2.000000000,0.244110107,0.000000000,0.000000000
SE-C03-002-A0019,SE-C03-002,DS05,santa_elena,CAMPAIGN_03,36.000000000,38.000000000,2.000000000,0.236953969,0.000000000,0.000000000
SE-C03-002-A0020,SE-C03-002,DS05,santa_elena,CAMPAIGN_03,38.000000000,40.000000000,2.000000000,0.246874861,0.000000000,0.000000000
SE-C03-002-A0021,SE-C03-002,DS05,santa_elena,CAMPAIGN_03,40.000000000,42.000000000,2.000000000,0.254795168,0.000000000,0.000000000
SE-C03-002-A0022,SE-C03-002,DS05,santa_elena,CAMPAIGN_03,42.000000000,44.000000000,2.000000000,0.254769756,0.000000000,0.000000000
SE-C03-002-A0023,SE-C03-002,DS05,santa_elena,CAMPAIGN_03,44.000000000,46.000000000,2.000000000,0.269122250,0.000000000,0.000000000
SE-C03-002-A0024,SE-C03-002,DS05,santa_elena,CAMPAIGN_03,46.000000000,48.000000000,2.000000000,0.253856713,0.000000000,0.000000000
SE-C03-002-A0025,SE-C03-002,DS05,santa_elena,CAMPAIGN_03,48.000000000,50.000000000,2.000000000,0.262984722,0.000000000,0.000000000
SE-C03-002-A0026,SE-C03-002,DS05,santa_elena,CAMPAIGN_03,50.000000000,52.000000000,2.000000000,0.265305615,0.000000000,0.000000000
SE-C03-002-A0027,SE-C03-002,DS05,santa_elena,CAMPAIGN_03,52.000000000,54.000000000,2.000000000,0.282084300,0.000000000,0.000000000
SE-C03-002-A0028,SE-C03-002,DS05,santa_elena,CAMPAIGN_03,54.000000000,56.000000000,2.000000000,0.265400353,0.000000000,0.000000000
SE-C03-002-A0029,SE-C03-002,DS05,santa_elena,CAMPAIGN_03,56.000000000,58.000000000,2.000000000,0.282905375,0.000000000,0.000000000
SE-C03-002-A0030,SE-C03-002,DS05,santa_elena,CAMPAIGN_03,58.000000000,60.000000000,2.000000000,0.300705432,0.000000000,0.000000000
SE-C03-002-A0031,SE-C03-002,DS05,santa_elena,CAMPAIGN_03,60.000000000,62.000000000,2.000000000,0.280590104,0.000000000,0.000000000
SE-C03-002-A0032,SE-C03-002,DS05,santa_elena,CAMPAIGN_03,62.000000000,64.000000000,2.000000000,0.316042681,0.000000000,0.000000000
SE-C03-002-A0033,SE-C03-002,DS05,santa_elena,CAMPAIGN_03,64.000000000,66.000000000,2.000000000,0.317774279,0.000000000,0.000000000
SE-C03-002-A0034,SE-C03-002,DS05,santa_elena,CAMPAIGN_03,66.000000000,68.000000000,2.000000000,0.326425272,0.000000000,0.000000000
SE-C03-002-A0035,SE-C03-002,DS05,santa_elena,CAMPAIGN_03,68.000000000,70.000000000,2.000000000,0.296841532,0.000000000,0.000000000
SE-C03-002-A0036,SE-C03-002,DS05,santa_elena,CAMPAIGN_03,70.000000000,72.000000000,2.000000000,0.323852532,0.000000000,0.000000000
SE-C03-002-A0037,SE-C03-002,DS05,santa_elena,CAMPAIGN_03,72.000000000,74.000000000,2.000000000,0.335409911,0.000000000,0.000000000
SE-C03-002-A0038,SE-C03-002,DS05,santa_elena,CAMPAIGN_03,74.000000000,76.000000000,2.000000000,0.318193565,0.000000000,0.000000000
SE-C03-002-A0039,SE-C03-002,DS05,santa_elena,CAMPAIGN_03,76.000000000,78.000000000,2.000000000,0.342655099,0.000000000,0.000000000
SE-C03-002-A0040,SE-C03-002,DS05,santa_elena,CAMPAIGN_03,78.000000000,80.000000000,2.000000000,0.344067700,0.000000000,0.000000000
SE-C03-002-A0041,SE-C03-002,DS05,santa_elena,CAMPAIGN_03,80.000000000,82.000000000,2.000000000,0.350091326,0.000000000,0.000000000
SE-C03-002-A0042,SE-C03-002,DS05,santa_elena,CAMPAIGN_03,82.000000000,84.000000000,2.000000000,0.389323301,0.000000000,0.000000000
SE-C03-002-A0043,SE-C03-002,DS05,santa_elena,CAMPAIGN_03,84.000000000,86.000000000,2.000000000,0.353466960,0.000000000,0.000000000
SE-C03-002-A0044,SE-C03-002,DS05,santa_elena,CAMPAIGN_03,86.000000000,88.000000000,2.000000000,0.394600467,0.000000000,0.000000000
SE-C03-002-A0045,SE-C03-002,DS05,santa_elena,CAMPAIGN_03,88.000000000,90.000000000,2.000000000,0.363405788,0.000000000,0.000000000
SE-C03-002-A0046,SE-C03-002,DS05,santa_elena,CAMPAIGN_03,90.000000000,92.000000000,2.000000000,0.370208357,0.000000000,0.000000000
SE-C03-002-A0047,SE-C03-002,DS05,santa_elena,CAMPAIGN_03,92.000000000,94.000000000,2.000000000,0.398552045,0.000000000,0.000000000
SE-C03-002-A0048,SE-C03-002,DS05,santa_elena,CAMPAIGN_03,94.000000000,96.000000000,2.000000000,0.418248308,0.000000000,0.000000000
SE-C03-002-A0049,SE-C03-002,DS05,santa_elena,CAMPAIGN_03,96.000000000,98.000000000,2.000000000,0.381953197,0.000000000,0.000000000
SE-C03-002-A0050,SE-C03-002,DS05,santa_elena,CAMPAIGN_03,98.000000000,100.000000000,2.000000000,0.395032223,0.000000000,0.000000000
SE-C03-002-A0051,SE-C03-002,DS05,santa_elena,CAMPAIGN_03,100.000000000,102.000000000,2.000000000,0.402058586,0.000000000,0.000000000
SE-C03-002-A0052,SE-C03-002,DS05,santa_elena,CAMPAIGN_03,102.000000000,104.000000000,2.000000000,0.402618106,0.000000000,0.000000000
SE-C03-002-A0053,SE-C03-002,DS05,santa_elena,CAMPAIGN_03,104.000000000,106.000000000,2.000000000,0.406707277,0.000000000,0.000000000
SE-C03-002-A0054,SE-C03-002,DS05,santa_elena,CAMPAIGN_03,106.000000000,108.000000000,2.000000000,0.413149746,0.000000000,0.000000000
SE-C03-002-A0055,SE-C03-002,DS05,santa_elena,CAMPAIGN_03,108.000000000,110.000000000,2.000000000,0.425959420,0.000000000,0.000000000
SE-C03-002-A0056,SE-C03-002,DS05,santa_elena,CAMPAIGN_03,110.000000000,112.000000000,2.000000000,0.462510846,0.000000000,0.000000000
SE-C03-002-A0057,SE-C03-002,DS05,santa_elena,CAMPAIGN_03,112.000000000,114.000000000,2.000000000,0.446732523,0.000000000,0.000000000
SE-C03-002-A0058,SE-C03-002,DS05,santa_elena,CAMPAIGN_03,114.000000000,116.000000000,2.000000000,0.452816334,0.000000000,0.000000000
SE-C03-002-A0059,SE-C03-002,DS05,santa_elena,CAMPAIGN_03,116.000000000,118.000000000,2.000000000,0.454911978,0.000000000,0.000000000
SE-C03-002-A0060,SE-C03-002,DS05,santa_elena,CAMPAIGN_03,118.000000000,120.000000000,2.000000000,0.474525686,0.000000000,0.000000000
SE-C03-002-A0061,SE-C03-002,DS05,santa_elena,CAMPAIGN_03,120.000000000,122.000000000,2.000000000,0.469475282,0.000000000,0.000000000
SE-C03-002-A0062,SE-C03-002,DS05,santa_elena,CAMPAIGN_03,122.000000000,124.000000000,2.000000000,0.456038154,0.000000000,0.000000000
SE-C03-002-A0063,SE-C03-002,DS05,santa_elena,CAMPAIGN_03,124.000000000,126.000000000,2.000000000,0.478366290,0.000000000,0.000000000
SE-C03-002-A0064,SE-C03-002,DS05,santa_elena,CAMPAIGN_03,126.000000000,128.000000000,2.000000000,0.475134639,0.000000000,0.000000000
SE-C03-002-A0065,SE-C03-002,DS05,santa_elena,CAMPAIGN_03,128.000000000,130.000000000,2.000000000,0.466546135,0.000000000,0.000000000
SE-C03-002-A0066,SE-C03-002,DS05,santa_elena,CAMPAIGN_03,130.000000000,132.000000000,2.000000000,0.469348808,0.000000000,0.000000000
SE-C03-002-A0067,SE-C03-002,DS05,santa_elena,CAMPAIGN_03,132.000000000,134.000000000,2.000000000,0.486343443,0.000000000,0.000000000
SE-C03-002-A0068,SE-C03-002,DS05,santa_elena,CAMPAIGN_03,134.000000000,136.000000000,2.000000000,0.463781856,0.000000000,0.000000000
SE-C03-002-A0069,SE-C03-002,DS05,santa_elena,CAMPAIGN_03,136.000000000,138.000000000,2.000000000,0.493969152,0.000000000,0.000000000
SE-C03-002-A0070,SE-C03-002,DS05,santa_elena,CAMPAIGN_03,138.000000000,140.000000000,2.000000000,0.468958810,0.000000000,0.000000000
SE-C03-002-A0071,SE-C03-002,DS05,santa_elena,CAMPAIGN_03,140.000000000,142.000000000,2.000000000,0.462250131,0.000000000,0.000000000
SE-C03-002-A0072,SE-C03-002,DS05,santa_elena,CAMPAIGN_03,142.000000000,144.000000000,2.000000000,0.486259446,0.000000000,0.000000000
SE-C03-002-A0073,SE-C03-002,DS05,santa_elena,CAMPAIGN_03,144.000000000,146.000000000,2.000000000,0.504723365,0.000000000,0.000000000
SE-C03-002-A0074,SE-C03-002,DS05,santa_elena,CAMPAIGN_03,146.000000000,148.000000000,2.000000000,0.492574356,0.000000000,0.000000000
SE-C03-002-A0075,SE-C03-002,DS05,santa_elena,CAMPAIGN_03,148.000000000,150.000000000,2.000000000,0.496369057,0.000000000,0.000000000
SE-C03-002-A0076,SE-C03-002,DS05,santa_elena,CAMPAIGN_03,150.000000000,152.000000000,2.000000000,0.521046028,0.000000000,0.000000000
SE-C03-002-A0077,SE-C03-002,DS05,santa_elena,CAMPAIGN_03,152.000000000,154.000000000,2.000000000,0.531269094,0.000000000,0.000000000
SE-C03-002-A0078,SE-C03-002,DS05,santa_elena,CAMPAIGN_03,154.000000000,156.000000000,2.000000000,0.498359950,0.000000000,0.000000000
SE-C03-002-A0079,SE-C03-002,DS05,santa_elena,CAMPAIGN_03,156.000000000,158.000000000,2.000000000,0.524273256,0.000000000,0.000000000
SE-C03-002-A0080,SE-C03-002,DS05,santa_elena,CAMPAIGN_03,158.000000000,160.000000000,2.000000000,0.521103571,0.000000000,0.000000000
SE-C03-002-A0081,SE-C03-002,DS05,santa_elena,CAMPAIGN_03,160.000000000,162.000000000,2.000000000,0.479178551,0.000000000,0.000000000
SE-C03-002-A0082,SE-C03-002,DS05,santa_elena,CAMPAIGN_03,162.000000000,164.000000000,2.000000000,0.486220984,0.000000000,0.000000000
SE-C03-002-A0083,SE-C03-002,DS05,santa_elena,CAMPAIGN_03,164.000000000,166.000000000,2.000000000,0.511605573,0.000000000,0.000000000
SE-C03-002-A0084,SE-C03-002,DS05,santa_elena,CAMPAIGN_03,166.000000000,168.000000000,2.000000000,0.504657591,0.000000000,0.000000000
SE-C03-002-A0085,SE-C03-002,DS05,santa_elena,CAMPAIGN_03,168.000000000,170.000000000,2.000000000,0.507079298,0.000000000,0.000000000
SE-C03-002-A0086,SE-C03-002,DS05,santa_elena,CAMPAIGN_03,170.000000000,172.000000000,2.000000000,0.531075064,0.000000000,0.000000000
SE-C03-002-A0087,SE-C03-002,DS05,santa_elena,CAMPAIGN_03,172.000000000,174.000000000,2.000000000,0.503680646,0.000000000,0.000000000
SE-C03-002-A0088,SE-C03-002,DS05,santa_elena,CAMPAIGN_03,174.000000000,176.000000000,2.000000000,0.562748456,0.000000000,0.000000000
SE-C03-002-A0089,SE-C03-002,DS05,santa_elena,CAMPAIGN_03,176.000000000,178.000000000,2.000000000,0.533709779,0.000000000,0.000000000
SE-C03-002-A0090,SE-C03-002,DS05,santa_elena,CAMPAIGN_03,178.000000000,180.000000000,2.000000000,0.530130515,0.000000000,0.000000000
SE-C03-002-A0091,SE-C03-002,DS05,santa_elena,CAMPAIGN_03,180.000000000,182.000000000,2.000000000,0.566163305,0.000000000,0.000000000
SE-C03-002-A0092,SE-C03-002,DS05,santa_elena,CAMPAIGN_03,182.000000000,184.000000000,2.000000000,0.528002239,0.000000000,0.000000000
SE-C03-002-A0093,SE-C03-002,DS05,santa_elena,CAMPAIGN_03,184.000000000,186.000000000,2.000000000,0.504779862,0.000000000,0.000000000
SE-C03-002-A0094,SE-C03-002,DS05,santa_elena,CAMPAIGN_03,186.000000000,188.000000000,2.000000000,0.524790182,0.000000000,0.000000000
SE-C03-002-A0095,SE-C03-002,DS05,santa_elena,CAMPAIGN_03,188.000000000,190.000000000,2.000000000,0.555884804,0.000000000,0.000000000
SE-C03-002-A0096,SE-C03-002,DS05,santa_elena,CAMPAIGN_03,190.000000000,192.000000000,2.000000000,0.504500882,0.000000000,0.000000000
SE-C03-002-A0097,SE-C03-002,DS05,santa_elena,CAMPAIGN_03,192.000000000,194.000000000,2.000000000,0.544973603,0.000000000,0.000000000
SE-C03-002-A0098,SE-C03-002,DS05,santa_elena,CAMPAIGN_03,194.000000000,196.000000000,2.000000000,0.510006589,0.000000000,0.000000000
SE-C03-002-A0099,SE-C03-002,DS05,santa_elena,CAMPAIGN_03,196.000000000,198.000000000,2.000000000,0.519828771,0.000000000,0.000000000
SE-C03-002-A0100,SE-C03-002,DS05,santa_elena,CAMPAIGN_03,198.000000000,200.000000000,2.000000000,0.544359890,0.000000000,0.000000000
SE-C03-002-A0101,SE-C03-002,DS05,santa_elena,CAMPAIGN_03,200.000000000,202.000000000,2.000000000,0.542759670,0.000000000,0.000000000
SE-C03-002-A0102,SE-C03-002,DS05,santa_elena,CAMPAIGN_03,202.000000000,204.000000000,2.000000000,0.521330572,0.000000000,0.000000000
SE-C03-002-A0103,SE-C03-002,DS05,santa_elena,CAMPAIGN_03,204.000000000,206.000000000,2.000000000,0.496690537,0.000000000,0.000000000
SE-C03-002-A0104,SE-C03-002,DS05,santa_elena,CAMPAIGN_03,206.000000000,208.000000000,2.000000000,0.508654786,0.000000000,0.000000000
SE-C03-002-A0105,SE-C03-002,DS05,santa_elena,CAMPAIGN_03,208.000000000,210.000000000,2.000000000,0.527524680,0.000000000,0.000000000
SE-C03-003-A0001,SE-C03-003,DS05,santa_elena,CAMPAIGN_03,0.000000000,2.000000000,2.000000000,0.114758797,0.000000000,0.000000000
SE-C03-003-A0002,SE-C03-003,DS05,santa_elena,CAMPAIGN_03,2.000000000,4.000000000,2.000000000,0.121780808,0.000000000,0.000000000
SE-C03-003-A0003,SE-C03-003,DS05,santa_elena,CAMPAIGN_03,4.000000000,6.000000000,2.000000000,0.134749025,0.000000000,0.000000000
SE-C03-003-A0004,SE-C03-003,DS05,santa_elena,CAMPAIGN_03,6.000000000,8.000000000,2.000000000,0.138237324,0.000000000,0.000000000
SE-C03-003-A0005,SE-C03-003,DS05,santa_elena,CAMPAIGN_03,8.000000000,10.000000000,2.000000000,0.138470143,0.000000000,0.000000000
SE-C03-003-A0006,SE-C03-003,DS05,santa_elena,CAMPAIGN_03,10.000000000,12.000000000,2.000000000,0.145684139,0.000000000,0.000000000
SE-C03-003-A0007,SE-C03-003,DS05,santa_elena,CAMPAIGN_03,12.000000000,14.000000000,2.000000000,0.148976133,0.000000000,0.000000000
SE-C03-003-A0008,SE-C03-003,DS05,santa_elena,CAMPAIGN_03,14.000000000,16.000000000,2.000000000,0.138701819,0.000000000,0.000000000
SE-C03-003-A0009,SE-C03-003,DS05,santa_elena,CAMPAIGN_03,16.000000000,18.000000000,2.000000000,0.147293951,0.000000000,0.000000000
SE-C03-003-A0010,SE-C03-003,DS05,santa_elena,CAMPAIGN_03,18.000000000,20.000000000,2.000000000,0.162404691,0.000000000,0.000000000
SE-C03-003-A0011,SE-C03-003,DS05,santa_elena,CAMPAIGN_03,20.000000000,22.000000000,2.000000000,0.154745976,0.000000000,0.000000000
SE-C03-003-A0012,SE-C03-003,DS05,santa_elena,CAMPAIGN_03,22.000000000,24.000000000,2.000000000,0.167150962,0.000000000,0.000000000
SE-C03-003-A0013,SE-C03-003,DS05,santa_elena,CAMPAIGN_03,24.000000000,26.000000000,2.000000000,0.157270336,0.000000000,0.000000000
SE-C03-003-A0014,SE-C03-003,DS05,santa_elena,CAMPAIGN_03,26.000000000,28.000000000,2.000000000,0.170974696,0.000000000,0.000000000
SE-C03-003-A0015,SE-C03-003,DS05,santa_elena,CAMPAIGN_03,28.000000000,30.000000000,2.000000000,0.180965326,0.000000000,0.000000000
SE-C03-003-A0016,SE-C03-003,DS05,santa_elena,CAMPAIGN_03,30.000000000,32.000000000,2.000000000,0.186966487,0.000000000,0.000000000
SE-C03-003-A0017,SE-C03-003,DS05,santa_elena,CAMPAIGN_03,32.000000000,34.000000000,2.000000000,0.194110713,0.000000000,0.000000000
SE-C03-003-A0018,SE-C03-003,DS05,santa_elena,CAMPAIGN_03,34.000000000,36.000000000,2.000000000,0.201744616,0.000000000,0.000000000
SE-C03-003-A0019,SE-C03-003,DS05,santa_elena,CAMPAIGN_03,36.000000000,38.000000000,2.000000000,0.202753352,0.000000000,0.000000000
SE-C03-003-A0020,SE-C03-003,DS05,santa_elena,CAMPAIGN_03,38.000000000,40.000000000,2.000000000,0.198466554,0.000000000,0.000000000
SE-C03-003-A0021,SE-C03-003,DS05,santa_elena,CAMPAIGN_03,40.000000000,42.000000000,2.000000000,0.210989399,0.000000000,0.000000000
SE-C03-003-A0022,SE-C03-003,DS05,santa_elena,CAMPAIGN_03,42.000000000,44.000000000,2.000000000,0.226978124,0.000000000,0.000000000
SE-C03-003-A0023,SE-C03-003,DS05,santa_elena,CAMPAIGN_03,44.000000000,46.000000000,2.000000000,0.226470935,0.000000000,0.000000000
SE-C03-003-A0024,SE-C03-003,DS05,santa_elena,CAMPAIGN_03,46.000000000,48.000000000,2.000000000,0.231007574,0.000000000,0.000000000
SE-C03-003-A0025,SE-C03-003,DS05,santa_elena,CAMPAIGN_03,48.000000000,50.000000000,2.000000000,0.230545598,0.000000000,0.000000000
SE-C03-003-A0026,SE-C03-003,DS05,santa_elena,CAMPAIGN_03,50.000000000,52.000000000,2.000000000,0.232722898,0.000000000,0.000000000
SE-C03-003-A0027,SE-C03-003,DS05,santa_elena,CAMPAIGN_03,52.000000000,54.000000000,2.000000000,0.249472929,0.000000000,0.000000000
SE-C03-003-A0028,SE-C03-003,DS05,santa_elena,CAMPAIGN_03,54.000000000,56.000000000,2.000000000,0.254844869,0.000000000,0.000000000
SE-C03-003-A0029,SE-C03-003,DS05,santa_elena,CAMPAIGN_03,56.000000000,58.000000000,2.000000000,0.245992793,0.000000000,0.000000000
SE-C03-003-A0030,SE-C03-003,DS05,santa_elena,CAMPAIGN_03,58.000000000,60.000000000,2.000000000,0.246829877,0.000000000,0.000000000
SE-C03-003-A0031,SE-C03-003,DS05,santa_elena,CAMPAIGN_03,60.000000000,62.000000000,2.000000000,0.249692314,0.000000000,0.000000000
SE-C03-003-A0032,SE-C03-003,DS05,santa_elena,CAMPAIGN_03,62.000000000,64.000000000,2.000000000,0.280894977,0.000000000,0.000000000
SE-C03-003-A0033,SE-C03-003,DS05,santa_elena,CAMPAIGN_03,64.000000000,66.000000000,2.000000000,0.300271256,0.000000000,0.000000000
SE-C03-003-A0034,SE-C03-003,DS05,santa_elena,CAMPAIGN_03,66.000000000,68.000000000,2.000000000,0.297380051,0.000000000,0.000000000
SE-C03-003-A0035,SE-C03-003,DS05,santa_elena,CAMPAIGN_03,68.000000000,70.000000000,2.000000000,0.304800910,0.000000000,0.000000000
SE-C03-003-A0036,SE-C03-003,DS05,santa_elena,CAMPAIGN_03,70.000000000,72.000000000,2.000000000,0.287910185,0.000000000,0.000000000
SE-C03-003-A0037,SE-C03-003,DS05,santa_elena,CAMPAIGN_03,72.000000000,74.000000000,2.000000000,0.311122880,0.000000000,0.000000000
SE-C03-003-A0038,SE-C03-003,DS05,santa_elena,CAMPAIGN_03,74.000000000,76.000000000,2.000000000,0.313398906,0.000000000,0.000000000
SE-C03-003-A0039,SE-C03-003,DS05,santa_elena,CAMPAIGN_03,76.000000000,78.000000000,2.000000000,0.327918461,0.000000000,0.000000000
SE-C03-003-A0040,SE-C03-003,DS05,santa_elena,CAMPAIGN_03,78.000000000,80.000000000,2.000000000,0.336585386,0.000000000,0.000000000
SE-C03-003-A0041,SE-C03-003,DS05,santa_elena,CAMPAIGN_03,80.000000000,82.000000000,2.000000000,0.353631393,0.000000000,0.000000000
SE-C03-003-A0042,SE-C03-003,DS05,santa_elena,CAMPAIGN_03,82.000000000,84.000000000,2.000000000,0.343958498,0.000000000,0.000000000
SE-C03-003-A0043,SE-C03-003,DS05,santa_elena,CAMPAIGN_03,84.000000000,86.000000000,2.000000000,0.365394597,0.000000000,0.000000000
SE-C03-003-A0044,SE-C03-003,DS05,santa_elena,CAMPAIGN_03,86.000000000,88.000000000,2.000000000,0.368007235,0.000000000,0.000000000
SE-C03-003-A0045,SE-C03-003,DS05,santa_elena,CAMPAIGN_03,88.000000000,90.000000000,2.000000000,0.373200614,0.000000000,0.000000000
SE-C03-003-A0046,SE-C03-003,DS05,santa_elena,CAMPAIGN_03,90.000000000,92.000000000,2.000000000,0.390239354,0.000000000,0.000000000
SE-C03-003-A0047,SE-C03-003,DS05,santa_elena,CAMPAIGN_03,92.000000000,94.000000000,2.000000000,0.379266833,0.000000000,0.000000000
SE-C03-003-A0048,SE-C03-003,DS05,santa_elena,CAMPAIGN_03,94.000000000,96.000000000,2.000000000,0.382981716,0.000000000,0.000000000
SE-C03-003-A0049,SE-C03-003,DS05,santa_elena,CAMPAIGN_03,96.000000000,98.000000000,2.000000000,0.390069021,0.000000000,0.000000000
SE-C03-003-A0050,SE-C03-003,DS05,santa_elena,CAMPAIGN_03,98.000000000,100.000000000,2.000000000,0.420017778,0.000000000,0.000000000
SE-C03-003-A0051,SE-C03-003,DS05,santa_elena,CAMPAIGN_03,100.000000000,102.000000000,2.000000000,0.414309406,0.000000000,0.000000000
SE-C03-003-A0052,SE-C03-003,DS05,santa_elena,CAMPAIGN_03,102.000000000,104.000000000,2.000000000,0.425010015,0.000000000,0.000000000
SE-C03-003-A0053,SE-C03-003,DS05,santa_elena,CAMPAIGN_03,104.000000000,106.000000000,2.000000000,0.380171928,0.000000000,0.000000000
SE-C03-003-A0054,SE-C03-003,DS05,santa_elena,CAMPAIGN_03,106.000000000,108.000000000,2.000000000,0.423657136,0.000000000,0.000000000
SE-C03-003-A0055,SE-C03-003,DS05,santa_elena,CAMPAIGN_03,108.000000000,110.000000000,2.000000000,0.444255954,0.000000000,0.000000000
SE-C03-003-A0056,SE-C03-003,DS05,santa_elena,CAMPAIGN_03,110.000000000,112.000000000,2.000000000,0.474113003,0.000000000,0.000000000
SE-C03-003-A0057,SE-C03-003,DS05,santa_elena,CAMPAIGN_03,112.000000000,114.000000000,2.000000000,0.438732825,0.000000000,0.000000000
SE-C03-003-A0058,SE-C03-003,DS05,santa_elena,CAMPAIGN_03,114.000000000,116.000000000,2.000000000,0.478233219,0.000000000,0.000000000
SE-C03-003-A0059,SE-C03-003,DS05,santa_elena,CAMPAIGN_03,116.000000000,118.000000000,2.000000000,0.467313767,0.000000000,0.000000000
SE-C03-003-A0060,SE-C03-003,DS05,santa_elena,CAMPAIGN_03,118.000000000,120.000000000,2.000000000,0.494241063,0.000000000,0.000000000
SE-C03-003-A0061,SE-C03-003,DS05,santa_elena,CAMPAIGN_03,120.000000000,122.000000000,2.000000000,0.502165339,0.000000000,0.000000000
SE-C03-003-A0062,SE-C03-003,DS05,santa_elena,CAMPAIGN_03,122.000000000,124.000000000,2.000000000,0.445223160,0.000000000,0.000000000
SE-C03-003-A0063,SE-C03-003,DS05,santa_elena,CAMPAIGN_03,124.000000000,126.000000000,2.000000000,0.492610799,0.000000000,0.000000000
SE-C03-003-A0064,SE-C03-003,DS05,santa_elena,CAMPAIGN_03,126.000000000,128.000000000,2.000000000,0.518382148,0.000000000,0.000000000
SE-C03-003-A0065,SE-C03-003,DS05,santa_elena,CAMPAIGN_03,128.000000000,130.000000000,2.000000000,0.497858779,0.000000000,0.000000000
SE-C03-003-A0066,SE-C03-003,DS05,santa_elena,CAMPAIGN_03,130.000000000,132.000000000,2.000000000,0.498383075,0.000000000,0.000000000
SE-C03-003-A0067,SE-C03-003,DS05,santa_elena,CAMPAIGN_03,132.000000000,134.000000000,2.000000000,0.531341851,0.000000000,0.000000000
SE-C03-003-A0068,SE-C03-003,DS05,santa_elena,CAMPAIGN_03,134.000000000,136.000000000,2.000000000,0.531427855,0.000000000,0.000000000
SE-C03-003-A0069,SE-C03-003,DS05,santa_elena,CAMPAIGN_03,136.000000000,138.000000000,2.000000000,0.516183384,0.000000000,0.000000000
SE-C03-003-A0070,SE-C03-003,DS05,santa_elena,CAMPAIGN_03,138.000000000,140.000000000,2.000000000,0.521884623,0.000000000,0.000000000
SE-C03-003-A0071,SE-C03-003,DS05,santa_elena,CAMPAIGN_03,140.000000000,142.000000000,2.000000000,0.557415486,0.000000000,0.000000000
SE-C03-003-A0072,SE-C03-003,DS05,santa_elena,CAMPAIGN_03,142.000000000,144.000000000,2.000000000,0.539458243,0.000000000,0.000000000
SE-C03-003-A0073,SE-C03-003,DS05,santa_elena,CAMPAIGN_03,144.000000000,146.000000000,2.000000000,0.595546505,0.000000000,0.000000000
SE-C03-003-A0074,SE-C03-003,DS05,santa_elena,CAMPAIGN_03,146.000000000,148.000000000,2.000000000,0.536555018,0.000000000,0.000000000
SE-C03-003-A0075,SE-C03-003,DS05,santa_elena,CAMPAIGN_03,148.000000000,150.000000000,2.000000000,0.580291117,0.000000000,0.000000000
SE-C03-003-A0076,SE-C03-003,DS05,santa_elena,CAMPAIGN_03,150.000000000,152.000000000,2.000000000,0.570511258,0.000000000,0.000000000
SE-C03-003-A0077,SE-C03-003,DS05,santa_elena,CAMPAIGN_03,152.000000000,154.000000000,2.000000000,0.558236315,0.000000000,0.000000000
SE-C03-003-A0078,SE-C03-003,DS05,santa_elena,CAMPAIGN_03,154.000000000,156.000000000,2.000000000,0.590805577,0.000000000,0.000000000
SE-C03-003-A0079,SE-C03-003,DS05,santa_elena,CAMPAIGN_03,156.000000000,158.000000000,2.000000000,0.581097438,0.000000000,0.000000000
SE-C03-003-A0080,SE-C03-003,DS05,santa_elena,CAMPAIGN_03,158.000000000,160.000000000,2.000000000,0.587574792,0.000000000,0.000000000
SE-C03-003-A0081,SE-C03-003,DS05,santa_elena,CAMPAIGN_03,160.000000000,162.000000000,2.000000000,0.622837655,0.000000000,0.000000000
SE-C03-003-A0082,SE-C03-003,DS05,santa_elena,CAMPAIGN_03,162.000000000,164.000000000,2.000000000,0.613630012,0.000000000,0.000000000
SE-C03-003-A0083,SE-C03-003,DS05,santa_elena,CAMPAIGN_03,164.000000000,166.000000000,2.000000000,0.652155095,0.000000000,0.000000000
SE-C03-003-A0084,SE-C03-003,DS05,santa_elena,CAMPAIGN_03,166.000000000,168.000000000,2.000000000,0.570008809,0.000000000,0.000000000
SE-C03-003-A0085,SE-C03-003,DS05,santa_elena,CAMPAIGN_03,168.000000000,170.000000000,2.000000000,0.643759710,0.000000000,0.000000000
SE-C03-003-A0086,SE-C03-003,DS05,santa_elena,CAMPAIGN_03,170.000000000,172.000000000,2.000000000,0.623595590,0.000000000,0.000000000
SE-C03-003-A0087,SE-C03-003,DS05,santa_elena,CAMPAIGN_03,172.000000000,174.000000000,2.000000000,0.600603337,0.000000000,0.000000000
SE-C03-003-A0088,SE-C03-003,DS05,santa_elena,CAMPAIGN_03,174.000000000,176.000000000,2.000000000,0.641070425,0.000000000,0.000000000
SE-C03-003-A0089,SE-C03-003,DS05,santa_elena,CAMPAIGN_03,176.000000000,178.000000000,2.000000000,0.603523875,0.000000000,0.000000000
SE-C03-003-A0090,SE-C03-003,DS05,santa_elena,CAMPAIGN_03,178.000000000,180.000000000,2.000000000,0.600249139,0.000000000,0.000000000
SE-C03-003-A0091,SE-C03-003,DS05,santa_elena,CAMPAIGN_03,180.000000000,182.000000000,2.000000000,0.635760525,0.000000000,0.000000000
SE-C03-003-A0092,SE-C03-003,DS05,santa_elena,CAMPAIGN_03,182.000000000,184.000000000,2.000000000,0.671255106,0.000000000,0.000000000
SE-C03-003-A0093,SE-C03-003,DS05,santa_elena,CAMPAIGN_03,184.000000000,186.000000000,2.000000000,0.662312510,0.000000000,0.000000000
SE-C03-003-A0094,SE-C03-003,DS05,santa_elena,CAMPAIGN_03,186.000000000,188.000000000,2.000000000,0.630350044,0.000000000,0.000000000
SE-C03-003-A0095,SE-C03-003,DS05,santa_elena,CAMPAIGN_03,188.000000000,190.000000000,2.000000000,0.648636282,0.000000000,0.000000000
SE-C03-003-A0096,SE-C03-003,DS05,santa_elena,CAMPAIGN_03,190.000000000,192.000000000,2.000000000,0.662216016,0.000000000,0.000000000
SE-C03-003-A0097,SE-C03-003,DS05,santa_elena,CAMPAIGN_03,192.000000000,194.000000000,2.000000000,0.692378286,0.000000000,0.000000000
SE-C03-003-A0098,SE-C03-003,DS05,santa_elena,CAMPAIGN_03,194.000000000,196.000000000,2.000000000,0.643088038,0.000000000,0.000000000
SE-C03-003-A0099,SE-C03-003,DS05,santa_elena,CAMPAIGN_03,196.000000000,198.000000000,2.000000000,0.651944580,0.000000000,0.000000000
SE-C03-003-A0100,SE-C03-003,DS05,santa_elena,CAMPAIGN_03,198.000000000,200.000000000,2.000000000,0.679051907,0.000000000,0.000000000
SE-C03-003-A0101,SE-C03-003,DS05,santa_elena,CAMPAIGN_03,200.000000000,202.000000000,2.000000000,0.679506003,0.000000000,0.000000000
SE-C03-003-A0102,SE-C03-003,DS05,santa_elena,CAMPAIGN_03,202.000000000,204.000000000,2.000000000,0.660387981,0.000000000,0.000000000
SE-C03-003-A0103,SE-C03-003,DS05,santa_elena,CAMPAIGN_03,204.000000000,206.000000000,2.000000000,0.673315457,0.000000000,0.000000000
SE-C03-003-A0104,SE-C03-003,DS05,santa_elena,CAMPAIGN_03,206.000000000,208.000000000,2.000000000,0.695591261,0.000000000,0.000000000
SE-C03-003-A0105,SE-C03-003,DS05,santa_elena,CAMPAIGN_03,208.000000000,210.000000000,2.000000000,0.634340160,0.000000000,0.000000000
SE-C03-003-A0106,SE-C03-003,DS05,santa_elena,CAMPAIGN_03,210.000000000,212.000000000,2.000000000,0.621737543,0.000000000,0.000000000
SE-C03-003-A0107,SE-C03-003,DS05,santa_elena,CAMPAIGN_03,212.000000000,214.000000000,2.000000000,0.650128149,0.000000000,0.000000000
SE-C03-003-A0108,SE-C03-003,DS05,santa_elena,CAMPAIGN_03,214.000000000,216.000000000,2.000000000,0.666061242,0.000000000,0.000000000
SE-C03-003-A0109,SE-C03-003,DS05,santa_elena,CAMPAIGN_03,216.000000000,218.000000000,2.000000000,0.683629233,0.000000000,0.000000000
SE-C03-003-A0110,SE-C03-003,DS05,santa_elena,CAMPAIGN_03,218.000000000,220.000000000,2.000000000,0.728207088,0.000000000,0.000000000
SE-C03-003-A0111,SE-C03-003,DS05,santa_elena,CAMPAIGN_03,220.000000000,222.000000000,2.000000000,0.708858929,0.000000000,0.000000000
SE-C03-003-A0112,SE-C03-003,DS05,santa_elena,CAMPAIGN_03,222.000000000,224.000000000,2.000000000,0.633334190,0.000000000,0.000000000
SE-C03-003-A0113,SE-C03-003,DS05,santa_elena,CAMPAIGN_03,224.000000000,226.000000000,2.000000000,0.680889898,0.000000000,0.000000000
SE-C03-003-A0114,SE-C03-003,DS05,santa_elena,CAMPAIGN_03,226.000000000,228.000000000,2.000000000,0.682295034,0.000000000,0.000000000
SE-C03-003-A0115,SE-C03-003,DS05,santa_elena,CAMPAIGN_03,228.000000000,230.000000000,2.000000000,0.680859451,0.000000000,0.000000000
SE-C03-003-A0116,SE-C03-003,DS05,santa_elena,CAMPAIGN_03,230.000000000,232.000000000,2.000000000,0.698736861,0.000000000,0.000000000
SE-C03-003-A0117,SE-C03-003,DS05,santa_elena,CAMPAIGN_03,232.000000000,234.000000000,2.000000000,0.637864470,0.000000000,0.000000000
SE-C03-003-A0118,SE-C03-003,DS05,santa_elena,CAMPAIGN_03,234.000000000,236.000000000,2.000000000,0.664103738,0.000000000,0.000000000
SE-C03-003-A0119,SE-C03-003,DS05,santa_elena,CAMPAIGN_03,236.000000000,238.000000000,2.000000000,0.645644559,0.000000000,0.000000000
SE-C03-003-A0120,SE-C03-003,DS05,santa_elena,CAMPAIGN_03,238.000000000,240.000000000,2.000000000,0.693669080,0.000000000,0.000000000
SE-C03-003-A0121,SE-C03-003,DS05,santa_elena,CAMPAIGN_03,240.000000000,242.000000000,2.000000000,0.669259496,0.000000000,0.000000000
SE-C03-003-A0122,SE-C03-003,DS05,santa_elena,CAMPAIGN_03,242.000000000,244.000000000,2.000000000,0.661577388,0.000000000,0.000000000
SE-C03-003-A0123,SE-C03-003,DS05,santa_elena,CAMPAIGN_03,244.000000000,244.939990997,0.939990997,0.667128484,0.000000000,0.000000000
SE-C03-004-A0001,SE-C03-004,DS05,santa_elena,CAMPAIGN_03,0.000000000,2.000000000,2.000000000,0.166849948,0.000000000,0.000000000
SE-C03-004-A0002,SE-C03-004,DS05,santa_elena,CAMPAIGN_03,2.000000000,4.000000000,2.000000000,0.185359090,0.000000000,0.000000000
SE-C03-004-A0003,SE-C03-004,DS05,santa_elena,CAMPAIGN_03,4.000000000,6.000000000,2.000000000,0.202852513,0.000000000,0.000000000
SE-C03-004-A0004,SE-C03-004,DS05,santa_elena,CAMPAIGN_03,6.000000000,8.000000000,2.000000000,0.208311150,0.000000000,0.000000000
SE-C03-004-A0005,SE-C03-004,DS05,santa_elena,CAMPAIGN_03,8.000000000,10.000000000,2.000000000,0.189645479,0.000000000,0.000000000
SE-C03-004-A0006,SE-C03-004,DS05,santa_elena,CAMPAIGN_03,10.000000000,12.000000000,2.000000000,0.211307367,0.000000000,0.000000000
SE-C03-004-A0007,SE-C03-004,DS05,santa_elena,CAMPAIGN_03,12.000000000,14.000000000,2.000000000,0.242631920,0.000000000,0.000000000
SE-C03-004-A0008,SE-C03-004,DS05,santa_elena,CAMPAIGN_03,14.000000000,16.000000000,2.000000000,0.223360975,0.000000000,0.000000000
SE-C03-004-A0009,SE-C03-004,DS05,santa_elena,CAMPAIGN_03,16.000000000,18.000000000,2.000000000,0.233472680,0.000000000,0.000000000
SE-C03-004-A0010,SE-C03-004,DS05,santa_elena,CAMPAIGN_03,18.000000000,20.000000000,2.000000000,0.249918227,0.000000000,0.000000000
SE-C03-004-A0011,SE-C03-004,DS05,santa_elena,CAMPAIGN_03,20.000000000,22.000000000,2.000000000,0.237115078,0.000000000,0.000000000
SE-C03-004-A0012,SE-C03-004,DS05,santa_elena,CAMPAIGN_03,22.000000000,24.000000000,2.000000000,0.259136278,0.000000000,0.000000000
SE-C03-004-A0013,SE-C03-004,DS05,santa_elena,CAMPAIGN_03,24.000000000,26.000000000,2.000000000,0.256895084,0.000000000,0.000000000
SE-C03-004-A0014,SE-C03-004,DS05,santa_elena,CAMPAIGN_03,26.000000000,28.000000000,2.000000000,0.242786783,0.000000000,0.000000000
SE-C03-004-A0015,SE-C03-004,DS05,santa_elena,CAMPAIGN_03,28.000000000,30.000000000,2.000000000,0.268397148,0.000000000,0.000000000
SE-C03-004-A0016,SE-C03-004,DS05,santa_elena,CAMPAIGN_03,30.000000000,32.000000000,2.000000000,0.280471131,0.000000000,0.000000000
SE-C03-004-A0017,SE-C03-004,DS05,santa_elena,CAMPAIGN_03,32.000000000,34.000000000,2.000000000,0.270429055,0.000000000,0.000000000
SE-C03-004-A0018,SE-C03-004,DS05,santa_elena,CAMPAIGN_03,34.000000000,36.000000000,2.000000000,0.281338911,0.000000000,0.000000000
SE-C03-004-A0019,SE-C03-004,DS05,santa_elena,CAMPAIGN_03,36.000000000,38.000000000,2.000000000,0.304129040,0.000000000,0.000000000
SE-C03-004-A0020,SE-C03-004,DS05,santa_elena,CAMPAIGN_03,38.000000000,40.000000000,2.000000000,0.275663576,0.000000000,0.000000000
SE-C03-004-A0021,SE-C03-004,DS05,santa_elena,CAMPAIGN_03,40.000000000,42.000000000,2.000000000,0.311108799,0.000000000,0.000000000
SE-C03-004-A0022,SE-C03-004,DS05,santa_elena,CAMPAIGN_03,42.000000000,44.000000000,2.000000000,0.299478663,0.000000000,0.000000000
SE-C03-004-A0023,SE-C03-004,DS05,santa_elena,CAMPAIGN_03,44.000000000,46.000000000,2.000000000,0.313491897,0.000000000,0.000000000
SE-C03-004-A0024,SE-C03-004,DS05,santa_elena,CAMPAIGN_03,46.000000000,48.000000000,2.000000000,0.332551771,0.000000000,0.000000000
SE-C03-004-A0025,SE-C03-004,DS05,santa_elena,CAMPAIGN_03,48.000000000,50.000000000,2.000000000,0.321905388,0.000000000,0.000000000
SE-C03-004-A0026,SE-C03-004,DS05,santa_elena,CAMPAIGN_03,50.000000000,52.000000000,2.000000000,0.330511668,0.000000000,0.000000000
SE-C03-004-A0027,SE-C03-004,DS05,santa_elena,CAMPAIGN_03,52.000000000,54.000000000,2.000000000,0.356185035,0.000000000,0.000000000
SE-C03-004-A0028,SE-C03-004,DS05,santa_elena,CAMPAIGN_03,54.000000000,56.000000000,2.000000000,0.379330746,0.000000000,0.000000000
SE-C03-004-A0029,SE-C03-004,DS05,santa_elena,CAMPAIGN_03,56.000000000,58.000000000,2.000000000,0.375041606,0.000000000,0.000000000
SE-C03-004-A0030,SE-C03-004,DS05,santa_elena,CAMPAIGN_03,58.000000000,60.000000000,2.000000000,0.378775215,0.000000000,0.000000000
SE-C03-004-A0031,SE-C03-004,DS05,santa_elena,CAMPAIGN_03,60.000000000,62.000000000,2.000000000,0.384095085,0.000000000,0.000000000
SE-C03-004-A0032,SE-C03-004,DS05,santa_elena,CAMPAIGN_03,62.000000000,64.000000000,2.000000000,0.414691438,0.000000000,0.000000000
SE-C03-004-A0033,SE-C03-004,DS05,santa_elena,CAMPAIGN_03,64.000000000,66.000000000,2.000000000,0.382862318,0.000000000,0.000000000
SE-C03-004-A0034,SE-C03-004,DS05,santa_elena,CAMPAIGN_03,66.000000000,68.000000000,2.000000000,0.404085239,0.000000000,0.000000000
SE-C03-004-A0035,SE-C03-004,DS05,santa_elena,CAMPAIGN_03,68.000000000,70.000000000,2.000000000,0.402815496,0.000000000,0.000000000
SE-C03-004-A0036,SE-C03-004,DS05,santa_elena,CAMPAIGN_03,70.000000000,72.000000000,2.000000000,0.419587620,0.000000000,0.000000000
SE-C03-004-A0037,SE-C03-004,DS05,santa_elena,CAMPAIGN_03,72.000000000,74.000000000,2.000000000,0.429976770,0.000000000,0.000000000
SE-C03-004-A0038,SE-C03-004,DS05,santa_elena,CAMPAIGN_03,74.000000000,76.000000000,2.000000000,0.416285629,0.000000000,0.000000000
SE-C03-004-A0039,SE-C03-004,DS05,santa_elena,CAMPAIGN_03,76.000000000,78.000000000,2.000000000,0.439989349,0.000000000,0.000000000
SE-C03-004-A0040,SE-C03-004,DS05,santa_elena,CAMPAIGN_03,78.000000000,80.000000000,2.000000000,0.436327198,0.000000000,0.000000000
SE-C03-004-A0041,SE-C03-004,DS05,santa_elena,CAMPAIGN_03,80.000000000,82.000000000,2.000000000,0.454994085,0.000000000,0.000000000
SE-C03-004-A0042,SE-C03-004,DS05,santa_elena,CAMPAIGN_03,82.000000000,84.000000000,2.000000000,0.458839699,0.000000000,0.000000000
SE-C03-004-A0043,SE-C03-004,DS05,santa_elena,CAMPAIGN_03,84.000000000,86.000000000,2.000000000,0.466760208,0.000000000,0.000000000
SE-C03-004-A0044,SE-C03-004,DS05,santa_elena,CAMPAIGN_03,86.000000000,88.000000000,2.000000000,0.487674495,0.000000000,0.000000000
SE-C03-004-A0045,SE-C03-004,DS05,santa_elena,CAMPAIGN_03,88.000000000,90.000000000,2.000000000,0.514061540,0.000000000,0.000000000
SE-C03-004-A0046,SE-C03-004,DS05,santa_elena,CAMPAIGN_03,90.000000000,92.000000000,2.000000000,0.478629125,0.000000000,0.000000000
SE-C03-004-A0047,SE-C03-004,DS05,santa_elena,CAMPAIGN_03,92.000000000,94.000000000,2.000000000,0.485723391,0.000000000,0.000000000
SE-C03-004-A0048,SE-C03-004,DS05,santa_elena,CAMPAIGN_03,94.000000000,96.000000000,2.000000000,0.521668362,0.000000000,0.000000000
SE-C03-004-A0049,SE-C03-004,DS05,santa_elena,CAMPAIGN_03,96.000000000,98.000000000,2.000000000,0.489267943,0.000000000,0.000000000
SE-C03-004-A0050,SE-C03-004,DS05,santa_elena,CAMPAIGN_03,98.000000000,100.000000000,2.000000000,0.496894894,0.000000000,0.000000000
SE-C03-004-A0051,SE-C03-004,DS05,santa_elena,CAMPAIGN_03,100.000000000,102.000000000,2.000000000,0.547834419,0.000000000,0.000000000
SE-C03-004-A0052,SE-C03-004,DS05,santa_elena,CAMPAIGN_03,102.000000000,104.000000000,2.000000000,0.526399388,0.000000000,0.000000000
SE-C03-004-A0053,SE-C03-004,DS05,santa_elena,CAMPAIGN_03,104.000000000,106.000000000,2.000000000,0.505074976,0.000000000,0.000000000
SE-C03-004-A0054,SE-C03-004,DS05,santa_elena,CAMPAIGN_03,106.000000000,108.000000000,2.000000000,0.558456297,0.000000000,0.000000000
SE-C03-004-A0055,SE-C03-004,DS05,santa_elena,CAMPAIGN_03,108.000000000,110.000000000,2.000000000,0.516066526,0.000000000,0.000000000
SE-C03-004-A0056,SE-C03-004,DS05,santa_elena,CAMPAIGN_03,110.000000000,112.000000000,2.000000000,0.547089802,0.000000000,0.000000000
SE-C03-004-A0057,SE-C03-004,DS05,santa_elena,CAMPAIGN_03,112.000000000,114.000000000,2.000000000,0.603780149,0.000000000,0.000000000
SE-C03-004-A0058,SE-C03-004,DS05,santa_elena,CAMPAIGN_03,114.000000000,116.000000000,2.000000000,0.612430756,0.000000000,0.000000000
SE-C03-004-A0059,SE-C03-004,DS05,santa_elena,CAMPAIGN_03,116.000000000,118.000000000,2.000000000,0.574690414,0.000000000,0.000000000
SE-C03-004-A0060,SE-C03-004,DS05,santa_elena,CAMPAIGN_03,118.000000000,120.000000000,2.000000000,0.604095565,0.000000000,0.000000000
SE-C03-004-A0061,SE-C03-004,DS05,santa_elena,CAMPAIGN_03,120.000000000,122.000000000,2.000000000,0.587600866,0.000000000,0.000000000
SE-C03-004-A0062,SE-C03-004,DS05,santa_elena,CAMPAIGN_03,122.000000000,124.000000000,2.000000000,0.614282585,0.000000000,0.000000000
SE-C03-004-A0063,SE-C03-004,DS05,santa_elena,CAMPAIGN_03,124.000000000,126.000000000,2.000000000,0.580296310,0.000000000,0.000000000
SE-C03-004-A0064,SE-C03-004,DS05,santa_elena,CAMPAIGN_03,126.000000000,128.000000000,2.000000000,0.592109644,0.000000000,0.000000000
SE-C03-004-A0065,SE-C03-004,DS05,santa_elena,CAMPAIGN_03,128.000000000,130.000000000,2.000000000,0.667149074,0.000000000,0.000000000
SE-C03-004-A0066,SE-C03-004,DS05,santa_elena,CAMPAIGN_03,130.000000000,132.000000000,2.000000000,0.638002017,0.000000000,0.000000000
SE-C03-004-A0067,SE-C03-004,DS05,santa_elena,CAMPAIGN_03,132.000000000,134.000000000,2.000000000,0.599498840,0.000000000,0.000000000
SE-C03-004-A0068,SE-C03-004,DS05,santa_elena,CAMPAIGN_03,134.000000000,136.000000000,2.000000000,0.636281433,0.000000000,0.000000000
SE-C03-004-A0069,SE-C03-004,DS05,santa_elena,CAMPAIGN_03,136.000000000,138.000000000,2.000000000,0.629998335,0.000000000,0.000000000
SE-C03-004-A0070,SE-C03-004,DS05,santa_elena,CAMPAIGN_03,138.000000000,140.000000000,2.000000000,0.655824819,0.000000000,0.000000000
SE-C03-004-A0071,SE-C03-004,DS05,santa_elena,CAMPAIGN_03,140.000000000,142.000000000,2.000000000,0.581502459,0.000000000,0.000000000
SE-C03-004-A0072,SE-C03-004,DS05,santa_elena,CAMPAIGN_03,142.000000000,144.000000000,2.000000000,0.633382209,0.000000000,0.000000000
SE-C03-004-A0073,SE-C03-004,DS05,santa_elena,CAMPAIGN_03,144.000000000,146.000000000,2.000000000,0.679991815,0.000000000,0.000000000
SE-C03-004-A0074,SE-C03-004,DS05,santa_elena,CAMPAIGN_03,146.000000000,148.000000000,2.000000000,0.623002951,0.000000000,0.000000000
SE-C03-004-A0075,SE-C03-004,DS05,santa_elena,CAMPAIGN_03,148.000000000,150.000000000,2.000000000,0.687652066,0.000000000,0.000000000
SE-C03-004-A0076,SE-C03-004,DS05,santa_elena,CAMPAIGN_03,150.000000000,152.000000000,2.000000000,0.662852270,0.000000000,0.000000000
SE-C03-004-A0077,SE-C03-004,DS05,santa_elena,CAMPAIGN_03,152.000000000,154.000000000,2.000000000,0.686538026,0.000000000,0.000000000
SE-C03-004-A0078,SE-C03-004,DS05,santa_elena,CAMPAIGN_03,154.000000000,156.000000000,2.000000000,0.735842587,0.000000000,0.000000000
SE-C03-004-A0079,SE-C03-004,DS05,santa_elena,CAMPAIGN_03,156.000000000,158.000000000,2.000000000,0.656556329,0.000000000,0.000000000
SE-C03-004-A0080,SE-C03-004,DS05,santa_elena,CAMPAIGN_03,158.000000000,160.000000000,2.000000000,0.629949069,0.000000000,0.000000000
SE-C03-004-A0081,SE-C03-004,DS05,santa_elena,CAMPAIGN_03,160.000000000,162.000000000,2.000000000,0.676940347,0.000000000,0.000000000
SE-C03-004-A0082,SE-C03-004,DS05,santa_elena,CAMPAIGN_03,162.000000000,164.000000000,2.000000000,0.629197217,0.000000000,0.000000000
SE-C03-004-A0083,SE-C03-004,DS05,santa_elena,CAMPAIGN_03,164.000000000,166.000000000,2.000000000,0.667932818,0.000000000,0.000000000
SE-C03-004-A0084,SE-C03-004,DS05,santa_elena,CAMPAIGN_03,166.000000000,168.000000000,2.000000000,0.665574242,0.000000000,0.000000000
SE-C03-004-A0085,SE-C03-004,DS05,santa_elena,CAMPAIGN_03,168.000000000,170.000000000,2.000000000,0.694087936,0.000000000,0.000000000
SE-C03-004-A0086,SE-C03-004,DS05,santa_elena,CAMPAIGN_03,170.000000000,172.000000000,2.000000000,0.709566589,0.000000000,0.000000000
SE-C03-004-A0087,SE-C03-004,DS05,santa_elena,CAMPAIGN_03,172.000000000,174.000000000,2.000000000,0.730539505,0.000000000,0.000000000
SE-C03-004-A0088,SE-C03-004,DS05,santa_elena,CAMPAIGN_03,174.000000000,176.000000000,2.000000000,0.682258009,0.000000000,0.000000000
SE-C03-004-A0089,SE-C03-004,DS05,santa_elena,CAMPAIGN_03,176.000000000,178.000000000,2.000000000,0.682535670,0.000000000,0.000000000
SE-C03-004-A0090,SE-C03-004,DS05,santa_elena,CAMPAIGN_03,178.000000000,180.000000000,2.000000000,0.716467479,0.000000000,0.000000000
SE-C03-004-A0091,SE-C03-004,DS05,santa_elena,CAMPAIGN_03,180.000000000,182.000000000,2.000000000,0.704946546,0.000000000,0.000000000
SE-C03-004-A0092,SE-C03-004,DS05,santa_elena,CAMPAIGN_03,182.000000000,184.000000000,2.000000000,0.722048143,0.000000000,0.000000000
SE-C03-004-A0093,SE-C03-004,DS05,santa_elena,CAMPAIGN_03,184.000000000,186.000000000,2.000000000,0.629178942,0.000000000,0.000000000
SE-C03-004-A0094,SE-C03-004,DS05,santa_elena,CAMPAIGN_03,186.000000000,188.000000000,2.000000000,0.667382065,0.000000000,0.000000000
SE-C03-004-A0095,SE-C03-004,DS05,santa_elena,CAMPAIGN_03,188.000000000,190.000000000,2.000000000,0.682242513,0.000000000,0.000000000
SE-C03-004-A0096,SE-C03-004,DS05,santa_elena,CAMPAIGN_03,190.000000000,192.000000000,2.000000000,0.697981039,0.000000000,0.000000000
SE-C03-004-A0097,SE-C03-004,DS05,santa_elena,CAMPAIGN_03,192.000000000,194.000000000,2.000000000,0.683407537,0.000000000,0.000000000
SE-C03-004-A0098,SE-C03-004,DS05,santa_elena,CAMPAIGN_03,194.000000000,196.000000000,2.000000000,0.707315149,0.000000000,0.000000000
SE-C03-004-A0099,SE-C03-004,DS05,santa_elena,CAMPAIGN_03,196.000000000,198.000000000,2.000000000,0.668161059,0.000000000,0.000000000
SE-C03-004-A0100,SE-C03-004,DS05,santa_elena,CAMPAIGN_03,198.000000000,200.000000000,2.000000000,0.654835799,0.000000000,0.000000000
SE-C03-004-A0101,SE-C03-004,DS05,santa_elena,CAMPAIGN_03,200.000000000,202.000000000,2.000000000,0.713002916,0.000000000,0.000000000
SE-C03-004-A0102,SE-C03-004,DS05,santa_elena,CAMPAIGN_03,202.000000000,204.000000000,2.000000000,0.670219038,0.000000000,0.000000000
SE-C03-004-A0103,SE-C03-004,DS05,santa_elena,CAMPAIGN_03,204.000000000,206.000000000,2.000000000,0.679005982,0.000000000,0.000000000
SE-C03-004-A0104,SE-C03-004,DS05,santa_elena,CAMPAIGN_03,206.000000000,208.000000000,2.000000000,0.678450107,0.000000000,0.000000000
SE-C03-004-A0105,SE-C03-004,DS05,santa_elena,CAMPAIGN_03,208.000000000,210.000000000,2.000000000,0.709795761,0.000000000,0.000000000
SE-C03-004-A0106,SE-C03-004,DS05,santa_elena,CAMPAIGN_03,210.000000000,212.000000000,2.000000000,0.697558708,0.000000000,0.000000000
SE-C03-004-A0107,SE-C03-004,DS05,santa_elena,CAMPAIGN_03,212.000000000,214.000000000,2.000000000,0.706120915,0.000000000,0.000000000
SE-C03-004-A0108,SE-C03-004,DS05,santa_elena,CAMPAIGN_03,214.000000000,216.000000000,2.000000000,0.677349162,0.000000000,0.000000000
SE-C03-004-A0109,SE-C03-004,DS05,santa_elena,CAMPAIGN_03,216.000000000,218.000000000,2.000000000,0.668617746,0.000000000,0.000000000
SE-C03-004-A0110,SE-C03-004,DS05,santa_elena,CAMPAIGN_03,218.000000000,220.000000000,2.000000000,0.650589849,0.000000000,0.000000000
SE-C03-004-A0111,SE-C03-004,DS05,santa_elena,CAMPAIGN_03,220.000000000,222.000000000,2.000000000,0.665858736,0.000000000,0.000000000
SE-C03-004-A0112,SE-C03-004,DS05,santa_elena,CAMPAIGN_03,222.000000000,222.482393493,0.482393493,0.622178938,0.000000000,0.000000000
SE-C03-005-A0001,SE-C03-005,DS05,santa_elena,CAMPAIGN_03,0.000000000,2.000000000,2.000000000,0.084381765,0.000000000,0.000000000
SE-C03-005-A0002,SE-C03-005,DS05,santa_elena,CAMPAIGN_03,2.000000000,4.000000000,2.000000000,0.084248425,0.000000000,0.000000000
SE-C03-005-A0003,SE-C03-005,DS05,santa_elena,CAMPAIGN_03,4.000000000,6.000000000,2.000000000,0.085831553,0.000000000,0.000000000
SE-C03-005-A0004,SE-C03-005,DS05,santa_elena,CAMPAIGN_03,6.000000000,8.000000000,2.000000000,0.088418827,0.000000000,0.000000000
SE-C03-005-A0005,SE-C03-005,DS05,santa_elena,CAMPAIGN_03,8.000000000,10.000000000,2.000000000,0.097094040,0.000000000,0.000000000
SE-C03-005-A0006,SE-C03-005,DS05,santa_elena,CAMPAIGN_03,10.000000000,12.000000000,2.000000000,0.095214968,0.000000000,0.000000000
SE-C03-005-A0007,SE-C03-005,DS05,santa_elena,CAMPAIGN_03,12.000000000,14.000000000,2.000000000,0.115066430,0.000000000,0.000000000
SE-C03-005-A0008,SE-C03-005,DS05,santa_elena,CAMPAIGN_03,14.000000000,16.000000000,2.000000000,0.101684418,0.000000000,0.000000000
SE-C03-005-A0009,SE-C03-005,DS05,santa_elena,CAMPAIGN_03,16.000000000,18.000000000,2.000000000,0.103306783,0.000000000,0.000000000
SE-C03-005-A0010,SE-C03-005,DS05,santa_elena,CAMPAIGN_03,18.000000000,20.000000000,2.000000000,0.102759629,0.000000000,0.000000000
SE-C03-005-A0011,SE-C03-005,DS05,santa_elena,CAMPAIGN_03,20.000000000,22.000000000,2.000000000,0.121573055,0.000000000,0.000000000
SE-C03-005-A0012,SE-C03-005,DS05,santa_elena,CAMPAIGN_03,22.000000000,24.000000000,2.000000000,0.128669795,0.000000000,0.000000000
SE-C03-005-A0013,SE-C03-005,DS05,santa_elena,CAMPAIGN_03,24.000000000,26.000000000,2.000000000,0.131600422,0.000000000,0.000000000
SE-C03-005-A0014,SE-C03-005,DS05,santa_elena,CAMPAIGN_03,26.000000000,28.000000000,2.000000000,0.138930366,0.000000000,0.000000000
SE-C03-005-A0015,SE-C03-005,DS05,santa_elena,CAMPAIGN_03,28.000000000,30.000000000,2.000000000,0.145638609,0.000000000,0.000000000
SE-C03-005-A0016,SE-C03-005,DS05,santa_elena,CAMPAIGN_03,30.000000000,32.000000000,2.000000000,0.147887571,0.000000000,0.000000000
SE-C03-005-A0017,SE-C03-005,DS05,santa_elena,CAMPAIGN_03,32.000000000,34.000000000,2.000000000,0.154610958,0.000000000,0.000000000
SE-C03-005-A0018,SE-C03-005,DS05,santa_elena,CAMPAIGN_03,34.000000000,36.000000000,2.000000000,0.148842403,0.000000000,0.000000000
SE-C03-005-A0019,SE-C03-005,DS05,santa_elena,CAMPAIGN_03,36.000000000,38.000000000,2.000000000,0.161855854,0.000000000,0.000000000
SE-C03-005-A0020,SE-C03-005,DS05,santa_elena,CAMPAIGN_03,38.000000000,40.000000000,2.000000000,0.173128640,0.000000000,0.000000000
SE-C03-005-A0021,SE-C03-005,DS05,santa_elena,CAMPAIGN_03,40.000000000,42.000000000,2.000000000,0.181266866,0.000000000,0.000000000
SE-C03-005-A0022,SE-C03-005,DS05,santa_elena,CAMPAIGN_03,42.000000000,44.000000000,2.000000000,0.183200391,0.000000000,0.000000000
SE-C03-005-A0023,SE-C03-005,DS05,santa_elena,CAMPAIGN_03,44.000000000,46.000000000,2.000000000,0.189554389,0.000000000,0.000000000
SE-C03-005-A0024,SE-C03-005,DS05,santa_elena,CAMPAIGN_03,46.000000000,48.000000000,2.000000000,0.195774729,0.000000000,0.000000000
SE-C03-005-A0025,SE-C03-005,DS05,santa_elena,CAMPAIGN_03,48.000000000,50.000000000,2.000000000,0.202071142,0.000000000,0.000000000
SE-C03-005-A0026,SE-C03-005,DS05,santa_elena,CAMPAIGN_03,50.000000000,52.000000000,2.000000000,0.203897743,0.000000000,0.000000000
SE-C03-005-A0027,SE-C03-005,DS05,santa_elena,CAMPAIGN_03,52.000000000,54.000000000,2.000000000,0.198941789,0.000000000,0.000000000
SE-C03-005-A0028,SE-C03-005,DS05,santa_elena,CAMPAIGN_03,54.000000000,56.000000000,2.000000000,0.221851720,0.000000000,0.000000000
SE-C03-005-A0029,SE-C03-005,DS05,santa_elena,CAMPAIGN_03,56.000000000,58.000000000,2.000000000,0.224796019,0.000000000,0.000000000
SE-C03-005-A0030,SE-C03-005,DS05,santa_elena,CAMPAIGN_03,58.000000000,60.000000000,2.000000000,0.236656512,0.000000000,0.000000000
SE-C03-005-A0031,SE-C03-005,DS05,santa_elena,CAMPAIGN_03,60.000000000,62.000000000,2.000000000,0.244097946,0.000000000,0.000000000
SE-C03-005-A0032,SE-C03-005,DS05,santa_elena,CAMPAIGN_03,62.000000000,64.000000000,2.000000000,0.253255015,0.000000000,0.000000000
SE-C03-005-A0033,SE-C03-005,DS05,santa_elena,CAMPAIGN_03,64.000000000,66.000000000,2.000000000,0.258845659,0.000000000,0.000000000
SE-C03-005-A0034,SE-C03-005,DS05,santa_elena,CAMPAIGN_03,66.000000000,68.000000000,2.000000000,0.257768742,0.000000000,0.000000000
SE-C03-005-A0035,SE-C03-005,DS05,santa_elena,CAMPAIGN_03,68.000000000,70.000000000,2.000000000,0.271387001,0.000000000,0.000000000
SE-C03-005-A0036,SE-C03-005,DS05,santa_elena,CAMPAIGN_03,70.000000000,72.000000000,2.000000000,0.278079235,0.000000000,0.000000000
SE-C03-005-A0037,SE-C03-005,DS05,santa_elena,CAMPAIGN_03,72.000000000,74.000000000,2.000000000,0.277564662,0.000000000,0.000000000
SE-C03-005-A0038,SE-C03-005,DS05,santa_elena,CAMPAIGN_03,74.000000000,76.000000000,2.000000000,0.314315496,0.000000000,0.000000000
SE-C03-005-A0039,SE-C03-005,DS05,santa_elena,CAMPAIGN_03,76.000000000,78.000000000,2.000000000,0.290185246,0.000000000,0.000000000
SE-C03-005-A0040,SE-C03-005,DS05,santa_elena,CAMPAIGN_03,78.000000000,80.000000000,2.000000000,0.288839646,0.000000000,0.000000000
SE-C03-005-A0041,SE-C03-005,DS05,santa_elena,CAMPAIGN_03,80.000000000,82.000000000,2.000000000,0.335939514,0.000000000,0.000000000
SE-C03-005-A0042,SE-C03-005,DS05,santa_elena,CAMPAIGN_03,82.000000000,84.000000000,2.000000000,0.334521310,0.000000000,0.000000000
SE-C03-005-A0043,SE-C03-005,DS05,santa_elena,CAMPAIGN_03,84.000000000,86.000000000,2.000000000,0.358399510,0.000000000,0.000000000
SE-C03-005-A0044,SE-C03-005,DS05,santa_elena,CAMPAIGN_03,86.000000000,88.000000000,2.000000000,0.347337548,0.000000000,0.000000000
SE-C03-005-A0045,SE-C03-005,DS05,santa_elena,CAMPAIGN_03,88.000000000,90.000000000,2.000000000,0.335438273,0.000000000,0.000000000
SE-C03-005-A0046,SE-C03-005,DS05,santa_elena,CAMPAIGN_03,90.000000000,92.000000000,2.000000000,0.376050396,0.000000000,0.000000000
SE-C03-005-A0047,SE-C03-005,DS05,santa_elena,CAMPAIGN_03,92.000000000,94.000000000,2.000000000,0.361668098,0.000000000,0.000000000
SE-C03-005-A0048,SE-C03-005,DS05,santa_elena,CAMPAIGN_03,94.000000000,96.000000000,2.000000000,0.371349460,0.000000000,0.000000000
SE-C03-005-A0049,SE-C03-005,DS05,santa_elena,CAMPAIGN_03,96.000000000,98.000000000,2.000000000,0.385083707,0.000000000,0.000000000
SE-C03-005-A0050,SE-C03-005,DS05,santa_elena,CAMPAIGN_03,98.000000000,100.000000000,2.000000000,0.393902085,0.000000000,0.000000000
SE-C03-005-A0051,SE-C03-005,DS05,santa_elena,CAMPAIGN_03,100.000000000,102.000000000,2.000000000,0.403532655,0.000000000,0.000000000
SE-C03-005-A0052,SE-C03-005,DS05,santa_elena,CAMPAIGN_03,102.000000000,104.000000000,2.000000000,0.406280364,0.000000000,0.000000000
SE-C03-005-A0053,SE-C03-005,DS05,santa_elena,CAMPAIGN_03,104.000000000,106.000000000,2.000000000,0.418429000,0.000000000,0.000000000
SE-C03-005-A0054,SE-C03-005,DS05,santa_elena,CAMPAIGN_03,106.000000000,108.000000000,2.000000000,0.407022548,0.000000000,0.000000000
SE-C03-005-A0055,SE-C03-005,DS05,santa_elena,CAMPAIGN_03,108.000000000,110.000000000,2.000000000,0.444749306,0.000000000,0.000000000
SE-C03-005-A0056,SE-C03-005,DS05,santa_elena,CAMPAIGN_03,110.000000000,112.000000000,2.000000000,0.448642744,0.000000000,0.000000000
SE-C03-005-A0057,SE-C03-005,DS05,santa_elena,CAMPAIGN_03,112.000000000,114.000000000,2.000000000,0.483816579,0.000000000,0.000000000
SE-C03-005-A0058,SE-C03-005,DS05,santa_elena,CAMPAIGN_03,114.000000000,116.000000000,2.000000000,0.469685031,0.000000000,0.000000000
SE-C03-005-A0059,SE-C03-005,DS05,santa_elena,CAMPAIGN_03,116.000000000,118.000000000,2.000000000,0.493063948,0.000000000,0.000000000
SE-C03-005-A0060,SE-C03-005,DS05,santa_elena,CAMPAIGN_03,118.000000000,120.000000000,2.000000000,0.502181188,0.000000000,0.000000000
SE-C03-005-A0061,SE-C03-005,DS05,santa_elena,CAMPAIGN_03,120.000000000,122.000000000,2.000000000,0.528704828,0.000000000,0.000000000
SE-C03-005-A0062,SE-C03-005,DS05,santa_elena,CAMPAIGN_03,122.000000000,124.000000000,2.000000000,0.474725388,0.000000000,0.000000000
SE-C03-005-A0063,SE-C03-005,DS05,santa_elena,CAMPAIGN_03,124.000000000,126.000000000,2.000000000,0.538216086,0.000000000,0.000000000
SE-C03-005-A0064,SE-C03-005,DS05,santa_elena,CAMPAIGN_03,126.000000000,128.000000000,2.000000000,0.504567834,0.000000000,0.000000000
SE-C03-005-A0065,SE-C03-005,DS05,santa_elena,CAMPAIGN_03,128.000000000,130.000000000,2.000000000,0.546308818,0.000000000,0.000000000
SE-C03-005-A0066,SE-C03-005,DS05,santa_elena,CAMPAIGN_03,130.000000000,132.000000000,2.000000000,0.552246133,0.000000000,0.000000000
SE-C03-005-A0067,SE-C03-005,DS05,santa_elena,CAMPAIGN_03,132.000000000,134.000000000,2.000000000,0.590069940,0.000000000,0.000000000
SE-C03-005-A0068,SE-C03-005,DS05,santa_elena,CAMPAIGN_03,134.000000000,136.000000000,2.000000000,0.579635093,0.000000000,0.000000000
SE-C03-005-A0069,SE-C03-005,DS05,santa_elena,CAMPAIGN_03,136.000000000,138.000000000,2.000000000,0.614764632,0.000000000,0.000000000
SE-C03-005-A0070,SE-C03-005,DS05,santa_elena,CAMPAIGN_03,138.000000000,140.000000000,2.000000000,0.614352901,0.000000000,0.000000000
SE-C03-005-A0071,SE-C03-005,DS05,santa_elena,CAMPAIGN_03,140.000000000,142.000000000,2.000000000,0.604802822,0.000000000,0.000000000
SE-C03-005-A0072,SE-C03-005,DS05,santa_elena,CAMPAIGN_03,142.000000000,144.000000000,2.000000000,0.618485486,0.000000000,0.000000000
SE-C03-005-A0073,SE-C03-005,DS05,santa_elena,CAMPAIGN_03,144.000000000,146.000000000,2.000000000,0.626598039,0.000000000,0.000000000
SE-C03-005-A0074,SE-C03-005,DS05,santa_elena,CAMPAIGN_03,146.000000000,148.000000000,2.000000000,0.684964451,0.000000000,0.000000000
SE-C03-005-A0075,SE-C03-005,DS05,santa_elena,CAMPAIGN_03,148.000000000,150.000000000,2.000000000,0.704059575,0.000000000,0.000000000
SE-C03-005-A0076,SE-C03-005,DS05,santa_elena,CAMPAIGN_03,150.000000000,152.000000000,2.000000000,0.684222232,0.000000000,0.000000000
SE-C03-005-A0077,SE-C03-005,DS05,santa_elena,CAMPAIGN_03,152.000000000,154.000000000,2.000000000,0.672844619,0.000000000,0.000000000
SE-C03-005-A0078,SE-C03-005,DS05,santa_elena,CAMPAIGN_03,154.000000000,156.000000000,2.000000000,0.683991893,0.000000000,0.000000000
SE-C03-005-A0079,SE-C03-005,DS05,santa_elena,CAMPAIGN_03,156.000000000,158.000000000,2.000000000,0.722303656,0.000000000,0.000000000
SE-C03-005-A0080,SE-C03-005,DS05,santa_elena,CAMPAIGN_03,158.000000000,160.000000000,2.000000000,0.699596215,0.000000000,0.000000000
SE-C03-005-A0081,SE-C03-005,DS05,santa_elena,CAMPAIGN_03,160.000000000,162.000000000,2.000000000,0.726301423,0.000000000,0.000000000
SE-C03-005-A0082,SE-C03-005,DS05,santa_elena,CAMPAIGN_03,162.000000000,164.000000000,2.000000000,0.731975217,0.000000000,0.000000000
SE-C03-005-A0083,SE-C03-005,DS05,santa_elena,CAMPAIGN_03,164.000000000,166.000000000,2.000000000,0.767342536,0.000000000,0.000000000
SE-C03-005-A0084,SE-C03-005,DS05,santa_elena,CAMPAIGN_03,166.000000000,168.000000000,2.000000000,0.751497162,0.000000000,0.000000000
SE-C03-005-A0085,SE-C03-005,DS05,santa_elena,CAMPAIGN_03,168.000000000,170.000000000,2.000000000,0.795620755,0.000000000,0.000000000
SE-C03-005-A0086,SE-C03-005,DS05,santa_elena,CAMPAIGN_03,170.000000000,172.000000000,2.000000000,0.793866917,0.000000000,0.000000000
SE-C03-005-A0087,SE-C03-005,DS05,santa_elena,CAMPAIGN_03,172.000000000,174.000000000,2.000000000,0.778656606,0.000000000,0.000000000
SE-C03-005-A0088,SE-C03-005,DS05,santa_elena,CAMPAIGN_03,174.000000000,176.000000000,2.000000000,0.806172050,0.000000000,0.000000000
SE-C03-005-A0089,SE-C03-005,DS05,santa_elena,CAMPAIGN_03,176.000000000,178.000000000,2.000000000,0.760037641,0.000000000,0.000000000
SE-C03-005-A0090,SE-C03-005,DS05,santa_elena,CAMPAIGN_03,178.000000000,180.000000000,2.000000000,0.784995716,0.000000000,0.000000000
SE-C03-005-A0091,SE-C03-005,DS05,santa_elena,CAMPAIGN_03,180.000000000,182.000000000,2.000000000,0.769050201,0.000000000,0.000000000
SE-C03-005-A0092,SE-C03-005,DS05,santa_elena,CAMPAIGN_03,182.000000000,184.000000000,2.000000000,0.820981393,0.000000000,0.000000000
SE-C03-005-A0093,SE-C03-005,DS05,santa_elena,CAMPAIGN_03,184.000000000,186.000000000,2.000000000,0.829617075,0.000000000,0.000000000
SE-C03-005-A0094,SE-C03-005,DS05,santa_elena,CAMPAIGN_03,186.000000000,188.000000000,2.000000000,0.850812722,0.000000000,0.000000000
SE-C03-005-A0095,SE-C03-005,DS05,santa_elena,CAMPAIGN_03,188.000000000,190.000000000,2.000000000,0.790198930,0.000000000,0.000000000
SE-C03-005-A0096,SE-C03-005,DS05,santa_elena,CAMPAIGN_03,190.000000000,192.000000000,2.000000000,0.859146421,0.000000000,0.000000000
SE-C03-005-A0097,SE-C03-005,DS05,santa_elena,CAMPAIGN_03,192.000000000,194.000000000,2.000000000,0.870427034,0.000000000,0.000000000
SE-C03-005-A0098,SE-C03-005,DS05,santa_elena,CAMPAIGN_03,194.000000000,196.000000000,2.000000000,0.897339315,0.000000000,0.000000000
SE-C03-005-A0099,SE-C03-005,DS05,santa_elena,CAMPAIGN_03,196.000000000,198.000000000,2.000000000,0.902731586,0.000000000,0.000000000
SE-C03-005-A0100,SE-C03-005,DS05,santa_elena,CAMPAIGN_03,198.000000000,200.000000000,2.000000000,0.823381857,0.000000000,0.000000000
SE-C03-005-A0101,SE-C03-005,DS05,santa_elena,CAMPAIGN_03,200.000000000,202.000000000,2.000000000,0.875089922,0.000000000,0.000000000
SE-C03-005-A0102,SE-C03-005,DS05,santa_elena,CAMPAIGN_03,202.000000000,204.000000000,2.000000000,0.925775284,0.000000000,0.000000000
SE-C03-005-A0103,SE-C03-005,DS05,santa_elena,CAMPAIGN_03,204.000000000,206.000000000,2.000000000,0.857801202,0.000000000,0.000000000
SE-C03-005-A0104,SE-C03-005,DS05,santa_elena,CAMPAIGN_03,206.000000000,208.000000000,2.000000000,0.881412709,0.000000000,0.000000000
SE-C03-005-A0105,SE-C03-005,DS05,santa_elena,CAMPAIGN_03,208.000000000,210.000000000,2.000000000,0.925525592,0.000000000,0.000000000
SE-C03-005-A0106,SE-C03-005,DS05,santa_elena,CAMPAIGN_03,210.000000000,212.000000000,2.000000000,0.880929704,0.000000000,0.000000000
SE-C03-005-A0107,SE-C03-005,DS05,santa_elena,CAMPAIGN_03,212.000000000,214.000000000,2.000000000,0.937008137,0.000000000,0.000000000
SE-C03-005-A0108,SE-C03-005,DS05,santa_elena,CAMPAIGN_03,214.000000000,216.000000000,2.000000000,0.986105175,0.000000000,0.000000000
SE-C03-005-A0109,SE-C03-005,DS05,santa_elena,CAMPAIGN_03,216.000000000,218.000000000,2.000000000,0.971169511,0.000000000,0.000000000
SE-C03-005-A0110,SE-C03-005,DS05,santa_elena,CAMPAIGN_03,218.000000000,220.000000000,2.000000000,0.932325205,0.000000000,0.000000000
SE-C03-005-A0111,SE-C03-005,DS05,santa_elena,CAMPAIGN_03,220.000000000,222.000000000,2.000000000,0.892299759,0.000000000,0.000000000
SE-C03-005-A0112,SE-C03-005,DS05,santa_elena,CAMPAIGN_03,222.000000000,224.000000000,2.000000000,0.981444543,0.000000000,0.000000000
SE-C03-005-A0113,SE-C03-005,DS05,santa_elena,CAMPAIGN_03,224.000000000,226.000000000,2.000000000,0.962979772,0.000000000,0.000000000
SE-C03-005-A0114,SE-C03-005,DS05,santa_elena,CAMPAIGN_03,226.000000000,228.000000000,2.000000000,1.000391833,0.000000000,0.000000000
SE-C03-005-A0115,SE-C03-005,DS05,santa_elena,CAMPAIGN_03,228.000000000,230.000000000,2.000000000,0.948831882,0.000000000,0.000000000
SE-C03-005-A0116,SE-C03-005,DS05,santa_elena,CAMPAIGN_03,230.000000000,232.000000000,2.000000000,0.963113879,0.000000000,0.000000000
SE-C03-005-A0117,SE-C03-005,DS05,santa_elena,CAMPAIGN_03,232.000000000,234.000000000,2.000000000,0.953495617,0.000000000,0.000000000
SE-C03-005-A0118,SE-C03-005,DS05,santa_elena,CAMPAIGN_03,234.000000000,236.000000000,2.000000000,1.000930397,0.000000000,0.000000000
SE-C03-005-A0119,SE-C03-005,DS05,santa_elena,CAMPAIGN_03,236.000000000,238.000000000,2.000000000,0.988329870,0.000000000,0.000000000
SE-C03-005-A0120,SE-C03-005,DS05,santa_elena,CAMPAIGN_03,238.000000000,240.000000000,2.000000000,1.006362979,0.000000000,0.000000000
SE-C03-005-A0121,SE-C03-005,DS05,santa_elena,CAMPAIGN_03,240.000000000,242.000000000,2.000000000,0.972390349,0.000000000,0.000000000
SE-C03-005-A0122,SE-C03-005,DS05,santa_elena,CAMPAIGN_03,242.000000000,244.000000000,2.000000000,0.958979096,0.000000000,0.000000000
SE-C03-005-A0123,SE-C03-005,DS05,santa_elena,CAMPAIGN_03,244.000000000,246.000000000,2.000000000,1.032228246,0.000000000,0.000000000
SE-C03-005-A0124,SE-C03-005,DS05,santa_elena,CAMPAIGN_03,246.000000000,248.000000000,2.000000000,0.966325054,0.000000000,0.000000000
SE-C03-005-A0125,SE-C03-005,DS05,santa_elena,CAMPAIGN_03,248.000000000,250.000000000,2.000000000,0.946138581,0.000000000,0.000000000
SE-C03-005-A0126,SE-C03-005,DS05,santa_elena,CAMPAIGN_03,250.000000000,252.000000000,2.000000000,1.014259166,0.000000000,0.000000000
SE-C03-005-A0127,SE-C03-005,DS05,santa_elena,CAMPAIGN_03,252.000000000,254.000000000,2.000000000,0.959377570,0.000000000,0.000000000
SE-C03-005-A0128,SE-C03-005,DS05,santa_elena,CAMPAIGN_03,254.000000000,256.000000000,2.000000000,1.019991173,0.000000000,0.000000000
SE-C03-005-A0129,SE-C03-005,DS05,santa_elena,CAMPAIGN_03,256.000000000,258.000000000,2.000000000,0.957999361,0.000000000,0.000000000
SE-C03-005-A0130,SE-C03-005,DS05,santa_elena,CAMPAIGN_03,258.000000000,260.000000000,2.000000000,0.954095399,0.000000000,0.000000000
SE-C03-005-A0131,SE-C03-005,DS05,santa_elena,CAMPAIGN_03,260.000000000,262.000000000,2.000000000,0.988331567,0.000000000,0.000000000
SE-C03-005-A0132,SE-C03-005,DS05,santa_elena,CAMPAIGN_03,262.000000000,264.000000000,2.000000000,1.000931872,0.000000000,0.000000000
SE-C03-005-A0133,SE-C03-005,DS05,santa_elena,CAMPAIGN_03,264.000000000,266.000000000,2.000000000,0.959227122,0.000000000,0.000000000
SE-C03-005-A0134,SE-C03-005,DS05,santa_elena,CAMPAIGN_03,266.000000000,268.000000000,2.000000000,1.047453662,0.000000000,0.000000000
SE-C03-005-A0135,SE-C03-005,DS05,santa_elena,CAMPAIGN_03,268.000000000,270.000000000,2.000000000,1.027624267,0.000000000,0.000000000
SE-C03-005-A0136,SE-C03-005,DS05,santa_elena,CAMPAIGN_03,270.000000000,272.000000000,2.000000000,0.939522699,0.000000000,0.000000000
SE-C03-005-A0137,SE-C03-005,DS05,santa_elena,CAMPAIGN_03,272.000000000,274.000000000,2.000000000,0.981380036,0.000000000,0.000000000
SE-C03-005-A0138,SE-C03-005,DS05,santa_elena,CAMPAIGN_03,274.000000000,276.000000000,2.000000000,0.958320218,0.000000000,0.000000000
SE-C03-005-A0139,SE-C03-005,DS05,santa_elena,CAMPAIGN_03,276.000000000,278.000000000,2.000000000,0.947519413,0.000000000,0.000000000
SE-C03-005-A0140,SE-C03-005,DS05,santa_elena,CAMPAIGN_03,278.000000000,280.000000000,2.000000000,0.894861453,0.000000000,0.000000000
SE-C03-005-A0141,SE-C03-005,DS05,santa_elena,CAMPAIGN_03,280.000000000,282.000000000,2.000000000,0.876108936,0.000000000,0.000000000
SE-C03-005-A0142,SE-C03-005,DS05,santa_elena,CAMPAIGN_03,282.000000000,284.000000000,2.000000000,0.999542689,0.000000000,0.000000000
SE-C03-005-A0143,SE-C03-005,DS05,santa_elena,CAMPAIGN_03,284.000000000,286.000000000,2.000000000,0.937143247,0.000000000,0.000000000
SE-C03-005-A0144,SE-C03-005,DS05,santa_elena,CAMPAIGN_03,286.000000000,286.420794465,0.420794465,0.917367783,0.000000000,0.000000000
SE-C03-006-A0001,SE-C03-006,DS05,santa_elena,CAMPAIGN_03,0.000000000,2.000000000,2.000000000,0.187994176,0.000000000,0.000000000
SE-C03-006-A0002,SE-C03-006,DS05,santa_elena,CAMPAIGN_03,2.000000000,4.000000000,2.000000000,0.191675038,0.000000000,0.000000000
SE-C03-006-A0003,SE-C03-006,DS05,santa_elena,CAMPAIGN_03,4.000000000,6.000000000,2.000000000,0.197813226,0.000000000,0.000000000
SE-C03-006-A0004,SE-C03-006,DS05,santa_elena,CAMPAIGN_03,6.000000000,8.000000000,2.000000000,0.217268281,0.000000000,0.000000000
SE-C03-006-A0005,SE-C03-006,DS05,santa_elena,CAMPAIGN_03,8.000000000,10.000000000,2.000000000,0.187311748,0.000000000,0.000000000
SE-C03-006-A0006,SE-C03-006,DS05,santa_elena,CAMPAIGN_03,10.000000000,12.000000000,2.000000000,0.217589390,0.000000000,0.000000000
SE-C03-006-A0007,SE-C03-006,DS05,santa_elena,CAMPAIGN_03,12.000000000,14.000000000,2.000000000,0.221548849,0.000000000,0.000000000
SE-C03-006-A0008,SE-C03-006,DS05,santa_elena,CAMPAIGN_03,14.000000000,16.000000000,2.000000000,0.245104772,0.000000000,0.000000000
SE-C03-006-A0009,SE-C03-006,DS05,santa_elena,CAMPAIGN_03,16.000000000,18.000000000,2.000000000,0.230731699,0.000000000,0.000000000
SE-C03-006-A0010,SE-C03-006,DS05,santa_elena,CAMPAIGN_03,18.000000000,20.000000000,2.000000000,0.252271893,0.000000000,0.000000000
SE-C03-006-A0011,SE-C03-006,DS05,santa_elena,CAMPAIGN_03,20.000000000,22.000000000,2.000000000,0.246059933,0.000000000,0.000000000
SE-C03-006-A0012,SE-C03-006,DS05,santa_elena,CAMPAIGN_03,22.000000000,24.000000000,2.000000000,0.260632234,0.000000000,0.000000000
SE-C03-006-A0013,SE-C03-006,DS05,santa_elena,CAMPAIGN_03,24.000000000,26.000000000,2.000000000,0.263454955,0.000000000,0.000000000
SE-C03-006-A0014,SE-C03-006,DS05,santa_elena,CAMPAIGN_03,26.000000000,28.000000000,2.000000000,0.267390041,0.000000000,0.000000000
SE-C03-006-A0015,SE-C03-006,DS05,santa_elena,CAMPAIGN_03,28.000000000,30.000000000,2.000000000,0.279533237,0.000000000,0.000000000
SE-C03-006-A0016,SE-C03-006,DS05,santa_elena,CAMPAIGN_03,30.000000000,32.000000000,2.000000000,0.275645881,0.000000000,0.000000000
SE-C03-006-A0017,SE-C03-006,DS05,santa_elena,CAMPAIGN_03,32.000000000,34.000000000,2.000000000,0.292100917,0.000000000,0.000000000
SE-C03-006-A0018,SE-C03-006,DS05,santa_elena,CAMPAIGN_03,34.000000000,36.000000000,2.000000000,0.312008939,0.000000000,0.000000000
SE-C03-006-A0019,SE-C03-006,DS05,santa_elena,CAMPAIGN_03,36.000000000,38.000000000,2.000000000,0.294958671,0.000000000,0.000000000
SE-C03-006-A0020,SE-C03-006,DS05,santa_elena,CAMPAIGN_03,38.000000000,40.000000000,2.000000000,0.313099387,0.000000000,0.000000000
SE-C03-006-A0021,SE-C03-006,DS05,santa_elena,CAMPAIGN_03,40.000000000,42.000000000,2.000000000,0.346536052,0.000000000,0.000000000
SE-C03-006-A0022,SE-C03-006,DS05,santa_elena,CAMPAIGN_03,42.000000000,44.000000000,2.000000000,0.334730598,0.000000000,0.000000000
SE-C03-006-A0023,SE-C03-006,DS05,santa_elena,CAMPAIGN_03,44.000000000,46.000000000,2.000000000,0.358430682,0.000000000,0.000000000
SE-C03-006-A0024,SE-C03-006,DS05,santa_elena,CAMPAIGN_03,46.000000000,48.000000000,2.000000000,0.364673206,0.000000000,0.000000000
SE-C03-006-A0025,SE-C03-006,DS05,santa_elena,CAMPAIGN_03,48.000000000,50.000000000,2.000000000,0.368127947,0.000000000,0.000000000
SE-C03-006-A0026,SE-C03-006,DS05,santa_elena,CAMPAIGN_03,50.000000000,52.000000000,2.000000000,0.381530594,0.000000000,0.000000000
SE-C03-006-A0027,SE-C03-006,DS05,santa_elena,CAMPAIGN_03,52.000000000,54.000000000,2.000000000,0.394550856,0.000000000,0.000000000
SE-C03-006-A0028,SE-C03-006,DS05,santa_elena,CAMPAIGN_03,54.000000000,56.000000000,2.000000000,0.374189740,0.000000000,0.000000000
SE-C03-006-A0029,SE-C03-006,DS05,santa_elena,CAMPAIGN_03,56.000000000,58.000000000,2.000000000,0.399816000,0.000000000,0.000000000
SE-C03-006-A0030,SE-C03-006,DS05,santa_elena,CAMPAIGN_03,58.000000000,60.000000000,2.000000000,0.392674891,0.000000000,0.000000000
SE-C03-006-A0031,SE-C03-006,DS05,santa_elena,CAMPAIGN_03,60.000000000,62.000000000,2.000000000,0.424557929,0.000000000,0.000000000
SE-C03-006-A0032,SE-C03-006,DS05,santa_elena,CAMPAIGN_03,62.000000000,64.000000000,2.000000000,0.402905278,0.000000000,0.000000000
SE-C03-006-A0033,SE-C03-006,DS05,santa_elena,CAMPAIGN_03,64.000000000,66.000000000,2.000000000,0.448266891,0.000000000,0.000000000
SE-C03-006-A0034,SE-C03-006,DS05,santa_elena,CAMPAIGN_03,66.000000000,68.000000000,2.000000000,0.453376543,0.000000000,0.000000000
SE-C03-006-A0035,SE-C03-006,DS05,santa_elena,CAMPAIGN_03,68.000000000,70.000000000,2.000000000,0.473687159,0.000000000,0.000000000
SE-C03-006-A0036,SE-C03-006,DS05,santa_elena,CAMPAIGN_03,70.000000000,72.000000000,2.000000000,0.494284644,0.000000000,0.000000000
SE-C03-006-A0037,SE-C03-006,DS05,santa_elena,CAMPAIGN_03,72.000000000,74.000000000,2.000000000,0.489778922,0.000000000,0.000000000
SE-C03-006-A0038,SE-C03-006,DS05,santa_elena,CAMPAIGN_03,74.000000000,76.000000000,2.000000000,0.505064158,0.000000000,0.000000000
SE-C03-006-A0039,SE-C03-006,DS05,santa_elena,CAMPAIGN_03,76.000000000,78.000000000,2.000000000,0.539607658,0.000000000,0.000000000
SE-C03-006-A0040,SE-C03-006,DS05,santa_elena,CAMPAIGN_03,78.000000000,80.000000000,2.000000000,0.519247248,0.000000000,0.000000000
SE-C03-006-A0041,SE-C03-006,DS05,santa_elena,CAMPAIGN_03,80.000000000,82.000000000,2.000000000,0.511589178,0.000000000,0.000000000
SE-C03-006-A0042,SE-C03-006,DS05,santa_elena,CAMPAIGN_03,82.000000000,84.000000000,2.000000000,0.562595753,0.000000000,0.000000000
SE-C03-006-A0043,SE-C03-006,DS05,santa_elena,CAMPAIGN_03,84.000000000,86.000000000,2.000000000,0.543460452,0.000000000,0.000000000
SE-C03-006-A0044,SE-C03-006,DS05,santa_elena,CAMPAIGN_03,86.000000000,88.000000000,2.000000000,0.540343528,0.000000000,0.000000000
SE-C03-006-A0045,SE-C03-006,DS05,santa_elena,CAMPAIGN_03,88.000000000,90.000000000,2.000000000,0.595598458,0.000000000,0.000000000
SE-C03-006-A0046,SE-C03-006,DS05,santa_elena,CAMPAIGN_03,90.000000000,92.000000000,2.000000000,0.556078658,0.000000000,0.000000000
SE-C03-006-A0047,SE-C03-006,DS05,santa_elena,CAMPAIGN_03,92.000000000,94.000000000,2.000000000,0.558855970,0.000000000,0.000000000
SE-C03-006-A0048,SE-C03-006,DS05,santa_elena,CAMPAIGN_03,94.000000000,96.000000000,2.000000000,0.642355790,0.000000000,0.000000000
SE-C03-006-A0049,SE-C03-006,DS05,santa_elena,CAMPAIGN_03,96.000000000,98.000000000,2.000000000,0.602994254,0.000000000,0.000000000
SE-C03-006-A0050,SE-C03-006,DS05,santa_elena,CAMPAIGN_03,98.000000000,100.000000000,2.000000000,0.654100484,0.000000000,0.000000000
SE-C03-006-A0051,SE-C03-006,DS05,santa_elena,CAMPAIGN_03,100.000000000,102.000000000,2.000000000,0.656915646,0.000000000,0.000000000
SE-C03-006-A0052,SE-C03-006,DS05,santa_elena,CAMPAIGN_03,102.000000000,104.000000000,2.000000000,0.608460299,0.000000000,0.000000000
SE-C03-006-A0053,SE-C03-006,DS05,santa_elena,CAMPAIGN_03,104.000000000,106.000000000,2.000000000,0.678202023,0.000000000,0.000000000
SE-C03-006-A0054,SE-C03-006,DS05,santa_elena,CAMPAIGN_03,106.000000000,108.000000000,2.000000000,0.645624346,0.000000000,0.000000000
SE-C03-006-A0055,SE-C03-006,DS05,santa_elena,CAMPAIGN_03,108.000000000,110.000000000,2.000000000,0.631037123,0.000000000,0.000000000
SE-C03-006-A0056,SE-C03-006,DS05,santa_elena,CAMPAIGN_03,110.000000000,112.000000000,2.000000000,0.671140782,0.000000000,0.000000000
SE-C03-006-A0057,SE-C03-006,DS05,santa_elena,CAMPAIGN_03,112.000000000,114.000000000,2.000000000,0.701539784,0.000000000,0.000000000
SE-C03-006-A0058,SE-C03-006,DS05,santa_elena,CAMPAIGN_03,114.000000000,116.000000000,2.000000000,0.722636395,0.000000000,0.000000000
SE-C03-006-A0059,SE-C03-006,DS05,santa_elena,CAMPAIGN_03,116.000000000,118.000000000,2.000000000,0.759735926,0.000000000,0.000000000
SE-C03-006-A0060,SE-C03-006,DS05,santa_elena,CAMPAIGN_03,118.000000000,120.000000000,2.000000000,0.729404687,0.000000000,0.000000000
SE-C03-006-A0061,SE-C03-006,DS05,santa_elena,CAMPAIGN_03,120.000000000,122.000000000,2.000000000,0.783440049,0.000000000,0.000000000
SE-C03-006-A0062,SE-C03-006,DS05,santa_elena,CAMPAIGN_03,122.000000000,124.000000000,2.000000000,0.763030199,0.000000000,0.000000000
SE-C03-006-A0063,SE-C03-006,DS05,santa_elena,CAMPAIGN_03,124.000000000,126.000000000,2.000000000,0.752394612,0.000000000,0.000000000
SE-C03-006-A0064,SE-C03-006,DS05,santa_elena,CAMPAIGN_03,126.000000000,128.000000000,2.000000000,0.781121636,0.000000000,0.000000000
SE-C03-006-A0065,SE-C03-006,DS05,santa_elena,CAMPAIGN_03,128.000000000,130.000000000,2.000000000,0.782504169,0.000000000,0.000000000
SE-C03-006-A0066,SE-C03-006,DS05,santa_elena,CAMPAIGN_03,130.000000000,132.000000000,2.000000000,0.795160166,0.000000000,0.000000000
SE-C03-006-A0067,SE-C03-006,DS05,santa_elena,CAMPAIGN_03,132.000000000,134.000000000,2.000000000,0.817955099,0.000000000,0.000000000
SE-C03-006-A0068,SE-C03-006,DS05,santa_elena,CAMPAIGN_03,134.000000000,136.000000000,2.000000000,0.828741205,0.000000000,0.000000000
SE-C03-006-A0069,SE-C03-006,DS05,santa_elena,CAMPAIGN_03,136.000000000,138.000000000,2.000000000,0.774653701,0.000000000,0.000000000
SE-C03-006-A0070,SE-C03-006,DS05,santa_elena,CAMPAIGN_03,138.000000000,140.000000000,2.000000000,0.854214299,0.000000000,0.000000000
SE-C03-006-A0071,SE-C03-006,DS05,santa_elena,CAMPAIGN_03,140.000000000,142.000000000,2.000000000,0.773533529,0.000000000,0.000000000
SE-C03-006-A0072,SE-C03-006,DS05,santa_elena,CAMPAIGN_03,142.000000000,144.000000000,2.000000000,0.847676391,0.000000000,0.000000000
SE-C03-006-A0073,SE-C03-006,DS05,santa_elena,CAMPAIGN_03,144.000000000,146.000000000,2.000000000,0.876845096,0.000000000,0.000000000
SE-C03-006-A0074,SE-C03-006,DS05,santa_elena,CAMPAIGN_03,146.000000000,148.000000000,2.000000000,0.889599026,0.000000000,0.000000000
SE-C03-006-A0075,SE-C03-006,DS05,santa_elena,CAMPAIGN_03,148.000000000,150.000000000,2.000000000,0.841363578,0.000000000,0.000000000
SE-C03-006-A0076,SE-C03-006,DS05,santa_elena,CAMPAIGN_03,150.000000000,152.000000000,2.000000000,0.842548731,0.000000000,0.000000000
SE-C03-006-A0077,SE-C03-006,DS05,santa_elena,CAMPAIGN_03,152.000000000,154.000000000,2.000000000,0.884956405,0.000000000,0.000000000
SE-C03-006-A0078,SE-C03-006,DS05,santa_elena,CAMPAIGN_03,154.000000000,156.000000000,2.000000000,0.874445478,0.000000000,0.000000000
SE-C03-006-A0079,SE-C03-006,DS05,santa_elena,CAMPAIGN_03,156.000000000,158.000000000,2.000000000,0.915523456,0.000000000,0.000000000
SE-C03-006-A0080,SE-C03-006,DS05,santa_elena,CAMPAIGN_03,158.000000000,160.000000000,2.000000000,0.905248817,0.000000000,0.000000000
SE-C03-006-A0081,SE-C03-006,DS05,santa_elena,CAMPAIGN_03,160.000000000,162.000000000,2.000000000,0.882851609,0.000000000,0.000000000
SE-C03-006-A0082,SE-C03-006,DS05,santa_elena,CAMPAIGN_03,162.000000000,164.000000000,2.000000000,0.961587194,0.000000000,0.000000000
SE-C03-006-A0083,SE-C03-006,DS05,santa_elena,CAMPAIGN_03,164.000000000,166.000000000,2.000000000,0.986569282,0.000000000,0.000000000
SE-C03-006-A0084,SE-C03-006,DS05,santa_elena,CAMPAIGN_03,166.000000000,168.000000000,2.000000000,1.008576291,0.000000000,0.000000000
SE-C03-006-A0085,SE-C03-006,DS05,santa_elena,CAMPAIGN_03,168.000000000,170.000000000,2.000000000,1.024889068,0.000000000,0.000000000
SE-C03-006-A0086,SE-C03-006,DS05,santa_elena,CAMPAIGN_03,170.000000000,172.000000000,2.000000000,0.974763389,0.000000000,0.000000000
SE-C03-006-A0087,SE-C03-006,DS05,santa_elena,CAMPAIGN_03,172.000000000,174.000000000,2.000000000,0.932355972,0.000000000,0.000000000
SE-C03-006-A0088,SE-C03-006,DS05,santa_elena,CAMPAIGN_03,174.000000000,176.000000000,2.000000000,0.962707010,0.000000000,0.000000000
SE-C03-006-A0089,SE-C03-006,DS05,santa_elena,CAMPAIGN_03,176.000000000,178.000000000,2.000000000,0.930891759,0.000000000,0.000000000
SE-C03-006-A0090,SE-C03-006,DS05,santa_elena,CAMPAIGN_03,178.000000000,180.000000000,2.000000000,0.936300254,0.000000000,0.000000000
SE-C03-006-A0091,SE-C03-006,DS05,santa_elena,CAMPAIGN_03,180.000000000,182.000000000,2.000000000,0.978771321,0.000000000,0.000000000
SE-C03-006-A0092,SE-C03-006,DS05,santa_elena,CAMPAIGN_03,182.000000000,184.000000000,2.000000000,0.968291465,0.000000000,0.000000000
SE-C03-006-A0093,SE-C03-006,DS05,santa_elena,CAMPAIGN_03,184.000000000,186.000000000,2.000000000,1.020593298,0.000000000,0.000000000
SE-C03-006-A0094,SE-C03-006,DS05,santa_elena,CAMPAIGN_03,186.000000000,188.000000000,2.000000000,1.004708249,0.000000000,0.000000000
SE-C03-006-A0095,SE-C03-006,DS05,santa_elena,CAMPAIGN_03,188.000000000,190.000000000,2.000000000,0.981641224,0.000000000,0.000000000
SE-C03-006-A0096,SE-C03-006,DS05,santa_elena,CAMPAIGN_03,190.000000000,192.000000000,2.000000000,0.994176338,0.000000000,0.000000000
SE-C03-006-A0097,SE-C03-006,DS05,santa_elena,CAMPAIGN_03,192.000000000,194.000000000,2.000000000,0.947382353,0.000000000,0.000000000
SE-C03-006-A0098,SE-C03-006,DS05,santa_elena,CAMPAIGN_03,194.000000000,196.000000000,2.000000000,0.977120659,0.000000000,0.000000000
SE-C03-006-A0099,SE-C03-006,DS05,santa_elena,CAMPAIGN_03,196.000000000,198.000000000,2.000000000,1.050639747,0.000000000,0.000000000
SE-C03-006-A0100,SE-C03-006,DS05,santa_elena,CAMPAIGN_03,198.000000000,200.000000000,2.000000000,1.023476488,0.000000000,0.000000000
SE-C03-006-A0101,SE-C03-006,DS05,santa_elena,CAMPAIGN_03,200.000000000,202.000000000,2.000000000,1.023614511,0.000000000,0.000000000
SE-C03-006-A0102,SE-C03-006,DS05,santa_elena,CAMPAIGN_03,202.000000000,204.000000000,2.000000000,0.968314492,0.000000000,0.000000000
SE-C03-006-A0103,SE-C03-006,DS05,santa_elena,CAMPAIGN_03,204.000000000,206.000000000,2.000000000,0.994053552,0.000000000,0.000000000
SE-C03-006-A0104,SE-C03-006,DS05,santa_elena,CAMPAIGN_03,206.000000000,208.000000000,2.000000000,0.986880108,0.000000000,0.000000000
SE-C03-006-A0105,SE-C03-006,DS05,santa_elena,CAMPAIGN_03,208.000000000,210.000000000,2.000000000,0.928034106,0.000000000,0.000000000
SE-C03-006-A0106,SE-C03-006,DS05,santa_elena,CAMPAIGN_03,210.000000000,212.000000000,2.000000000,0.996828766,0.000000000,0.000000000
SE-C03-006-A0107,SE-C03-006,DS05,santa_elena,CAMPAIGN_03,212.000000000,214.000000000,2.000000000,1.040133684,0.000000000,0.000000000
SE-C03-006-A0108,SE-C03-006,DS05,santa_elena,CAMPAIGN_03,214.000000000,216.000000000,2.000000000,1.053716914,0.000000000,0.000000000
SE-C03-006-A0109,SE-C03-006,DS05,santa_elena,CAMPAIGN_03,216.000000000,218.000000000,2.000000000,1.001007308,0.000000000,0.000000000
SE-C03-006-A0110,SE-C03-006,DS05,santa_elena,CAMPAIGN_03,218.000000000,220.000000000,2.000000000,1.010448441,0.000000000,0.000000000
SE-C03-006-A0111,SE-C03-006,DS05,santa_elena,CAMPAIGN_03,220.000000000,222.000000000,2.000000000,0.962542652,0.000000000,0.000000000
SE-C03-006-A0112,SE-C03-006,DS05,santa_elena,CAMPAIGN_03,222.000000000,224.000000000,2.000000000,0.996007490,0.000000000,0.000000000
SE-C03-006-A0113,SE-C03-006,DS05,santa_elena,CAMPAIGN_03,224.000000000,226.000000000,2.000000000,1.059308232,0.000000000,0.000000000
SE-C03-006-A0114,SE-C03-006,DS05,santa_elena,CAMPAIGN_03,226.000000000,228.000000000,2.000000000,0.940949436,0.000000000,0.000000000
SE-C03-006-A0115,SE-C03-006,DS05,santa_elena,CAMPAIGN_03,228.000000000,230.000000000,2.000000000,0.954681365,0.000000000,0.000000000
SE-C03-006-A0116,SE-C03-006,DS05,santa_elena,CAMPAIGN_03,230.000000000,232.000000000,2.000000000,0.982296029,0.000000000,0.000000000
SE-C03-006-A0117,SE-C03-006,DS05,santa_elena,CAMPAIGN_03,232.000000000,234.000000000,2.000000000,0.977585911,0.000000000,0.000000000
SE-C03-006-A0118,SE-C03-006,DS05,santa_elena,CAMPAIGN_03,234.000000000,236.000000000,2.000000000,0.923897996,0.000000000,0.000000000
SE-C03-006-A0119,SE-C03-006,DS05,santa_elena,CAMPAIGN_03,236.000000000,238.000000000,2.000000000,0.970278789,0.000000000,0.000000000
SE-C03-006-A0120,SE-C03-006,DS05,santa_elena,CAMPAIGN_03,238.000000000,239.679223339,1.679223339,0.963852888,0.000000000,0.000000000
SE-C03-007-A0001,SE-C03-007,DS05,santa_elena,CAMPAIGN_03,0.000000000,2.000000000,2.000000000,0.040156492,0.000000000,0.000000000
SE-C03-007-A0002,SE-C03-007,DS05,santa_elena,CAMPAIGN_03,2.000000000,4.000000000,2.000000000,0.037640664,0.000000000,0.000000000
SE-C03-007-A0003,SE-C03-007,DS05,santa_elena,CAMPAIGN_03,4.000000000,6.000000000,2.000000000,0.036192293,0.000000000,0.000000000
SE-C03-007-A0004,SE-C03-007,DS05,santa_elena,CAMPAIGN_03,6.000000000,8.000000000,2.000000000,0.038932836,0.000000000,0.000000000
SE-C03-007-A0005,SE-C03-007,DS05,santa_elena,CAMPAIGN_03,8.000000000,10.000000000,2.000000000,0.042361038,0.000000000,0.000000000
SE-C03-007-A0006,SE-C03-007,DS05,santa_elena,CAMPAIGN_03,10.000000000,12.000000000,2.000000000,0.040086496,0.000000000,0.000000000
SE-C03-007-A0007,SE-C03-007,DS05,santa_elena,CAMPAIGN_03,12.000000000,14.000000000,2.000000000,0.043513763,0.000000000,0.000000000
SE-C03-007-A0008,SE-C03-007,DS05,santa_elena,CAMPAIGN_03,14.000000000,16.000000000,2.000000000,0.042553250,0.000000000,0.000000000
SE-C03-007-A0009,SE-C03-007,DS05,santa_elena,CAMPAIGN_03,16.000000000,18.000000000,2.000000000,0.040497574,0.000000000,0.000000000
SE-C03-007-A0010,SE-C03-007,DS05,santa_elena,CAMPAIGN_03,18.000000000,20.000000000,2.000000000,0.044233460,0.000000000,0.000000000
SE-C03-007-A0011,SE-C03-007,DS05,santa_elena,CAMPAIGN_03,20.000000000,22.000000000,2.000000000,0.045746070,0.000000000,0.000000000
SE-C03-007-A0012,SE-C03-007,DS05,santa_elena,CAMPAIGN_03,22.000000000,24.000000000,2.000000000,0.055665749,0.000000000,0.000000000
SE-C03-007-A0013,SE-C03-007,DS05,santa_elena,CAMPAIGN_03,24.000000000,26.000000000,2.000000000,0.046827689,0.000000000,0.000000000
SE-C03-007-A0014,SE-C03-007,DS05,santa_elena,CAMPAIGN_03,26.000000000,28.000000000,2.000000000,0.055779168,0.000000000,0.000000000
SE-C03-007-A0015,SE-C03-007,DS05,santa_elena,CAMPAIGN_03,28.000000000,30.000000000,2.000000000,0.052778672,0.000000000,0.000000000
SE-C03-007-A0016,SE-C03-007,DS05,santa_elena,CAMPAIGN_03,30.000000000,32.000000000,2.000000000,0.051792648,0.000000000,0.000000000
SE-C03-007-A0017,SE-C03-007,DS05,santa_elena,CAMPAIGN_03,32.000000000,34.000000000,2.000000000,0.059689009,0.000000000,0.000000000
SE-C03-007-A0018,SE-C03-007,DS05,santa_elena,CAMPAIGN_03,34.000000000,36.000000000,2.000000000,0.059634319,0.000000000,0.000000000
SE-C03-007-A0019,SE-C03-007,DS05,santa_elena,CAMPAIGN_03,36.000000000,38.000000000,2.000000000,0.059913579,0.000000000,0.000000000
SE-C03-007-A0020,SE-C03-007,DS05,santa_elena,CAMPAIGN_03,38.000000000,40.000000000,2.000000000,0.055480333,0.000000000,0.000000000
SE-C03-007-A0021,SE-C03-007,DS05,santa_elena,CAMPAIGN_03,40.000000000,42.000000000,2.000000000,0.059337990,0.000000000,0.000000000
SE-C03-007-A0022,SE-C03-007,DS05,santa_elena,CAMPAIGN_03,42.000000000,44.000000000,2.000000000,0.066003976,0.000000000,0.000000000
SE-C03-007-A0023,SE-C03-007,DS05,santa_elena,CAMPAIGN_03,44.000000000,46.000000000,2.000000000,0.063417777,0.000000000,0.000000000
SE-C03-007-A0024,SE-C03-007,DS05,santa_elena,CAMPAIGN_03,46.000000000,48.000000000,2.000000000,0.059028354,0.000000000,0.000000000
SE-C03-007-A0025,SE-C03-007,DS05,santa_elena,CAMPAIGN_03,48.000000000,50.000000000,2.000000000,0.064868544,0.000000000,0.000000000
SE-C03-007-A0026,SE-C03-007,DS05,santa_elena,CAMPAIGN_03,50.000000000,52.000000000,2.000000000,0.072585367,0.000000000,0.000000000
SE-C03-007-A0027,SE-C03-007,DS05,santa_elena,CAMPAIGN_03,52.000000000,54.000000000,2.000000000,0.076427665,0.000000000,0.000000000
SE-C03-007-A0028,SE-C03-007,DS05,santa_elena,CAMPAIGN_03,54.000000000,56.000000000,2.000000000,0.075217040,0.000000000,0.000000000
SE-C03-007-A0029,SE-C03-007,DS05,santa_elena,CAMPAIGN_03,56.000000000,58.000000000,2.000000000,0.081562658,0.000000000,0.000000000
SE-C03-007-A0030,SE-C03-007,DS05,santa_elena,CAMPAIGN_03,58.000000000,60.000000000,2.000000000,0.079439903,0.000000000,0.000000000
SE-C03-007-A0031,SE-C03-007,DS05,santa_elena,CAMPAIGN_03,60.000000000,62.000000000,2.000000000,0.070675469,0.000000000,0.000000000
SE-C03-007-A0032,SE-C03-007,DS05,santa_elena,CAMPAIGN_03,62.000000000,64.000000000,2.000000000,0.086915316,0.000000000,0.000000000
SE-C03-007-A0033,SE-C03-007,DS05,santa_elena,CAMPAIGN_03,64.000000000,66.000000000,2.000000000,0.085769421,0.000000000,0.000000000
SE-C03-007-A0034,SE-C03-007,DS05,santa_elena,CAMPAIGN_03,66.000000000,68.000000000,2.000000000,0.083526866,0.000000000,0.000000000
SE-C03-007-A0035,SE-C03-007,DS05,santa_elena,CAMPAIGN_03,68.000000000,70.000000000,2.000000000,0.093480468,0.000000000,0.000000000
SE-C03-007-A0036,SE-C03-007,DS05,santa_elena,CAMPAIGN_03,70.000000000,72.000000000,2.000000000,0.092024709,0.000000000,0.000000000
SE-C03-007-A0037,SE-C03-007,DS05,santa_elena,CAMPAIGN_03,72.000000000,74.000000000,2.000000000,0.099923248,0.000000000,0.000000000
SE-C03-007-A0038,SE-C03-007,DS05,santa_elena,CAMPAIGN_03,74.000000000,76.000000000,2.000000000,0.108190241,0.000000000,0.000000000
SE-C03-007-A0039,SE-C03-007,DS05,santa_elena,CAMPAIGN_03,76.000000000,78.000000000,2.000000000,0.109016195,0.000000000,0.000000000
SE-C03-007-A0040,SE-C03-007,DS05,santa_elena,CAMPAIGN_03,78.000000000,80.000000000,2.000000000,0.101345037,0.000000000,0.000000000
SE-C03-007-A0041,SE-C03-007,DS05,santa_elena,CAMPAIGN_03,80.000000000,82.000000000,2.000000000,0.111393165,0.000000000,0.000000000
SE-C03-007-A0042,SE-C03-007,DS05,santa_elena,CAMPAIGN_03,82.000000000,84.000000000,2.000000000,0.133757665,0.000000000,0.000000000
SE-C03-007-A0043,SE-C03-007,DS05,santa_elena,CAMPAIGN_03,84.000000000,86.000000000,2.000000000,0.137728505,0.000000000,0.000000000
SE-C03-007-A0044,SE-C03-007,DS05,santa_elena,CAMPAIGN_03,86.000000000,88.000000000,2.000000000,0.130014441,0.000000000,0.000000000
SE-C03-007-A0045,SE-C03-007,DS05,santa_elena,CAMPAIGN_03,88.000000000,90.000000000,2.000000000,0.152258008,0.000000000,0.000000000
SE-C03-007-A0046,SE-C03-007,DS05,santa_elena,CAMPAIGN_03,90.000000000,92.000000000,2.000000000,0.156389916,0.000000000,0.000000000
SE-C03-007-A0047,SE-C03-007,DS05,santa_elena,CAMPAIGN_03,92.000000000,94.000000000,2.000000000,0.154058949,0.000000000,0.000000000
SE-C03-007-A0048,SE-C03-007,DS05,santa_elena,CAMPAIGN_03,94.000000000,96.000000000,2.000000000,0.144555828,0.000000000,0.000000000
SE-C03-007-A0049,SE-C03-007,DS05,santa_elena,CAMPAIGN_03,96.000000000,98.000000000,2.000000000,0.164641249,0.000000000,0.000000000
SE-C03-007-A0050,SE-C03-007,DS05,santa_elena,CAMPAIGN_03,98.000000000,100.000000000,2.000000000,0.169486811,0.000000000,0.000000000
SE-C03-007-A0051,SE-C03-007,DS05,santa_elena,CAMPAIGN_03,100.000000000,102.000000000,2.000000000,0.177183670,0.000000000,0.000000000
SE-C03-007-A0052,SE-C03-007,DS05,santa_elena,CAMPAIGN_03,102.000000000,104.000000000,2.000000000,0.181509604,0.000000000,0.000000000
SE-C03-007-A0053,SE-C03-007,DS05,santa_elena,CAMPAIGN_03,104.000000000,106.000000000,2.000000000,0.194283557,0.000000000,0.000000000
SE-C03-007-A0054,SE-C03-007,DS05,santa_elena,CAMPAIGN_03,106.000000000,108.000000000,2.000000000,0.189032004,0.000000000,0.000000000
SE-C03-007-A0055,SE-C03-007,DS05,santa_elena,CAMPAIGN_03,108.000000000,110.000000000,2.000000000,0.195868198,0.000000000,0.000000000
SE-C03-007-A0056,SE-C03-007,DS05,santa_elena,CAMPAIGN_03,110.000000000,112.000000000,2.000000000,0.192134941,0.000000000,0.000000000
SE-C03-007-A0057,SE-C03-007,DS05,santa_elena,CAMPAIGN_03,112.000000000,114.000000000,2.000000000,0.211775853,0.000000000,0.000000000
SE-C03-007-A0058,SE-C03-007,DS05,santa_elena,CAMPAIGN_03,114.000000000,116.000000000,2.000000000,0.199488055,0.000000000,0.000000000
SE-C03-007-A0059,SE-C03-007,DS05,santa_elena,CAMPAIGN_03,116.000000000,118.000000000,2.000000000,0.206392523,0.000000000,0.000000000
SE-C03-007-A0060,SE-C03-007,DS05,santa_elena,CAMPAIGN_03,118.000000000,120.000000000,2.000000000,0.224268455,0.000000000,0.000000000
SE-C03-007-A0061,SE-C03-007,DS05,santa_elena,CAMPAIGN_03,120.000000000,122.000000000,2.000000000,0.232528442,0.000000000,0.000000000
SE-C03-007-A0062,SE-C03-007,DS05,santa_elena,CAMPAIGN_03,122.000000000,124.000000000,2.000000000,0.227733354,0.000000000,0.000000000
SE-C03-007-A0063,SE-C03-007,DS05,santa_elena,CAMPAIGN_03,124.000000000,126.000000000,2.000000000,0.243328179,0.000000000,0.000000000
SE-C03-007-A0064,SE-C03-007,DS05,santa_elena,CAMPAIGN_03,126.000000000,128.000000000,2.000000000,0.247144779,0.000000000,0.000000000
SE-C03-007-A0065,SE-C03-007,DS05,santa_elena,CAMPAIGN_03,128.000000000,130.000000000,2.000000000,0.262429662,0.000000000,0.000000000
SE-C03-007-A0066,SE-C03-007,DS05,santa_elena,CAMPAIGN_03,130.000000000,132.000000000,2.000000000,0.280673587,0.000000000,0.000000000
SE-C03-007-A0067,SE-C03-007,DS05,santa_elena,CAMPAIGN_03,132.000000000,134.000000000,2.000000000,0.256291276,0.000000000,0.000000000
SE-C03-007-A0068,SE-C03-007,DS05,santa_elena,CAMPAIGN_03,134.000000000,136.000000000,2.000000000,0.266878757,0.000000000,0.000000000
SE-C03-007-A0069,SE-C03-007,DS05,santa_elena,CAMPAIGN_03,136.000000000,138.000000000,2.000000000,0.264640264,0.000000000,0.000000000
SE-C03-007-A0070,SE-C03-007,DS05,santa_elena,CAMPAIGN_03,138.000000000,140.000000000,2.000000000,0.308720548,0.000000000,0.000000000
SE-C03-007-A0071,SE-C03-007,DS05,santa_elena,CAMPAIGN_03,140.000000000,142.000000000,2.000000000,0.301446324,0.000000000,0.000000000
SE-C03-007-A0072,SE-C03-007,DS05,santa_elena,CAMPAIGN_03,142.000000000,144.000000000,2.000000000,0.287454068,0.000000000,0.000000000
SE-C03-007-A0073,SE-C03-007,DS05,santa_elena,CAMPAIGN_03,144.000000000,146.000000000,2.000000000,0.308996159,0.000000000,0.000000000
SE-C03-007-A0074,SE-C03-007,DS05,santa_elena,CAMPAIGN_03,146.000000000,148.000000000,2.000000000,0.320896499,0.000000000,0.000000000
SE-C03-007-A0075,SE-C03-007,DS05,santa_elena,CAMPAIGN_03,148.000000000,150.000000000,2.000000000,0.328423085,0.000000000,0.000000000
SE-C03-007-A0076,SE-C03-007,DS05,santa_elena,CAMPAIGN_03,150.000000000,152.000000000,2.000000000,0.335939209,0.000000000,0.000000000
SE-C03-007-A0077,SE-C03-007,DS05,santa_elena,CAMPAIGN_03,152.000000000,154.000000000,2.000000000,0.326675303,0.000000000,0.000000000
SE-C03-007-A0078,SE-C03-007,DS05,santa_elena,CAMPAIGN_03,154.000000000,156.000000000,2.000000000,0.333420588,0.000000000,0.000000000
SE-C03-007-A0079,SE-C03-007,DS05,santa_elena,CAMPAIGN_03,156.000000000,158.000000000,2.000000000,0.328024217,0.000000000,0.000000000
SE-C03-007-A0080,SE-C03-007,DS05,santa_elena,CAMPAIGN_03,158.000000000,160.000000000,2.000000000,0.323224042,0.000000000,0.000000000
SE-C03-007-A0081,SE-C03-007,DS05,santa_elena,CAMPAIGN_03,160.000000000,162.000000000,2.000000000,0.338376860,0.000000000,0.000000000
SE-C03-007-A0082,SE-C03-007,DS05,santa_elena,CAMPAIGN_03,162.000000000,164.000000000,2.000000000,0.371685760,0.000000000,0.000000000
SE-C03-007-A0083,SE-C03-007,DS05,santa_elena,CAMPAIGN_03,164.000000000,166.000000000,2.000000000,0.381669962,0.000000000,0.000000000
SE-C03-007-A0084,SE-C03-007,DS05,santa_elena,CAMPAIGN_03,166.000000000,168.000000000,2.000000000,0.401336207,0.000000000,0.000000000
SE-C03-007-A0085,SE-C03-007,DS05,santa_elena,CAMPAIGN_03,168.000000000,170.000000000,2.000000000,0.393464876,0.000000000,0.000000000
SE-C03-007-A0086,SE-C03-007,DS05,santa_elena,CAMPAIGN_03,170.000000000,172.000000000,2.000000000,0.399556357,0.000000000,0.000000000
SE-C03-007-A0087,SE-C03-007,DS05,santa_elena,CAMPAIGN_03,172.000000000,174.000000000,2.000000000,0.403000416,0.000000000,0.000000000
SE-C03-007-A0088,SE-C03-007,DS05,santa_elena,CAMPAIGN_03,174.000000000,176.000000000,2.000000000,0.429680587,0.000000000,0.000000000
SE-C03-007-A0089,SE-C03-007,DS05,santa_elena,CAMPAIGN_03,176.000000000,178.000000000,2.000000000,0.447156910,0.000000000,0.000000000
SE-C03-007-A0090,SE-C03-007,DS05,santa_elena,CAMPAIGN_03,178.000000000,180.000000000,2.000000000,0.438597465,0.000000000,0.000000000
SE-C03-007-A0091,SE-C03-007,DS05,santa_elena,CAMPAIGN_03,180.000000000,182.000000000,2.000000000,0.431646468,0.000000000,0.000000000
SE-C03-007-A0092,SE-C03-007,DS05,santa_elena,CAMPAIGN_03,182.000000000,184.000000000,2.000000000,0.492606567,0.000000000,0.000000000
SE-C03-007-A0093,SE-C03-007,DS05,santa_elena,CAMPAIGN_03,184.000000000,186.000000000,2.000000000,0.436646110,0.000000000,0.000000000
SE-C03-007-A0094,SE-C03-007,DS05,santa_elena,CAMPAIGN_03,186.000000000,188.000000000,2.000000000,0.483725358,0.000000000,0.000000000
SE-C03-007-A0095,SE-C03-007,DS05,santa_elena,CAMPAIGN_03,188.000000000,190.000000000,2.000000000,0.465164878,0.000000000,0.000000000
SE-C03-007-A0096,SE-C03-007,DS05,santa_elena,CAMPAIGN_03,190.000000000,192.000000000,2.000000000,0.497441949,0.000000000,0.000000000
SE-C03-007-A0097,SE-C03-007,DS05,santa_elena,CAMPAIGN_03,192.000000000,194.000000000,2.000000000,0.487821029,0.000000000,0.000000000
SE-C03-007-A0098,SE-C03-007,DS05,santa_elena,CAMPAIGN_03,194.000000000,196.000000000,2.000000000,0.480679364,0.000000000,0.000000000
SE-C03-007-A0099,SE-C03-007,DS05,santa_elena,CAMPAIGN_03,196.000000000,198.000000000,2.000000000,0.472777506,0.000000000,0.000000000
SE-C03-007-A0100,SE-C03-007,DS05,santa_elena,CAMPAIGN_03,198.000000000,200.000000000,2.000000000,0.516557775,0.000000000,0.000000000
SE-C03-007-A0101,SE-C03-007,DS05,santa_elena,CAMPAIGN_03,200.000000000,202.000000000,2.000000000,0.497006426,0.000000000,0.000000000
SE-C03-007-A0102,SE-C03-007,DS05,santa_elena,CAMPAIGN_03,202.000000000,204.000000000,2.000000000,0.529280731,0.000000000,0.000000000
SE-C03-007-A0103,SE-C03-007,DS05,santa_elena,CAMPAIGN_03,204.000000000,206.000000000,2.000000000,0.518190026,0.000000000,0.000000000
SE-C03-007-A0104,SE-C03-007,DS05,santa_elena,CAMPAIGN_03,206.000000000,208.000000000,2.000000000,0.502612869,0.000000000,0.000000000
SE-C03-007-A0105,SE-C03-007,DS05,santa_elena,CAMPAIGN_03,208.000000000,210.000000000,2.000000000,0.556617083,0.000000000,0.000000000
SE-C03-007-A0106,SE-C03-007,DS05,santa_elena,CAMPAIGN_03,210.000000000,212.000000000,2.000000000,0.562607103,0.000000000,0.000000000
SE-C03-007-A0107,SE-C03-007,DS05,santa_elena,CAMPAIGN_03,212.000000000,214.000000000,2.000000000,0.522202416,0.000000000,0.000000000
SE-C03-007-A0108,SE-C03-007,DS05,santa_elena,CAMPAIGN_03,214.000000000,216.000000000,2.000000000,0.545600862,0.000000000,0.000000000
SE-C03-007-A0109,SE-C03-007,DS05,santa_elena,CAMPAIGN_03,216.000000000,218.000000000,2.000000000,0.582108088,0.000000000,0.000000000
SE-C03-007-A0110,SE-C03-007,DS05,santa_elena,CAMPAIGN_03,218.000000000,220.000000000,2.000000000,0.577097054,0.000000000,0.000000000
SE-C03-007-A0111,SE-C03-007,DS05,santa_elena,CAMPAIGN_03,220.000000000,222.000000000,2.000000000,0.611368459,0.000000000,0.000000000
SE-C03-007-A0112,SE-C03-007,DS05,santa_elena,CAMPAIGN_03,222.000000000,224.000000000,2.000000000,0.618847539,0.000000000,0.000000000
SE-C03-007-A0113,SE-C03-007,DS05,santa_elena,CAMPAIGN_03,224.000000000,226.000000000,2.000000000,0.621840196,0.000000000,0.000000000
SE-C03-007-A0114,SE-C03-007,DS05,santa_elena,CAMPAIGN_03,226.000000000,228.000000000,2.000000000,0.596205933,0.000000000,0.000000000
SE-C03-007-A0115,SE-C03-007,DS05,santa_elena,CAMPAIGN_03,228.000000000,230.000000000,2.000000000,0.688924354,0.000000000,0.000000000
SE-C03-007-A0116,SE-C03-007,DS05,santa_elena,CAMPAIGN_03,230.000000000,232.000000000,2.000000000,0.643479880,0.000000000,0.000000000
SE-C03-007-A0117,SE-C03-007,DS05,santa_elena,CAMPAIGN_03,232.000000000,234.000000000,2.000000000,0.660433722,0.000000000,0.000000000
SE-C03-007-A0118,SE-C03-007,DS05,santa_elena,CAMPAIGN_03,234.000000000,236.000000000,2.000000000,0.633858821,0.000000000,0.000000000
SE-C03-007-A0119,SE-C03-007,DS05,santa_elena,CAMPAIGN_03,236.000000000,238.000000000,2.000000000,0.637648833,0.000000000,0.000000000
SE-C03-007-A0120,SE-C03-007,DS05,santa_elena,CAMPAIGN_03,238.000000000,240.000000000,2.000000000,0.703986285,0.000000000,0.000000000
SE-C03-007-A0121,SE-C03-007,DS05,santa_elena,CAMPAIGN_03,240.000000000,242.000000000,2.000000000,0.674124968,0.000000000,0.000000000
SE-C03-007-A0122,SE-C03-007,DS05,santa_elena,CAMPAIGN_03,242.000000000,244.000000000,2.000000000,0.645298182,0.000000000,0.000000000
SE-C03-007-A0123,SE-C03-007,DS05,santa_elena,CAMPAIGN_03,244.000000000,246.000000000,2.000000000,0.653738612,0.000000000,0.000000000
SE-C03-007-A0124,SE-C03-007,DS05,santa_elena,CAMPAIGN_03,246.000000000,248.000000000,2.000000000,0.659720350,0.000000000,0.000000000
SE-C03-007-A0125,SE-C03-007,DS05,santa_elena,CAMPAIGN_03,248.000000000,250.000000000,2.000000000,0.720115886,0.000000000,0.000000000
SE-C03-007-A0126,SE-C03-007,DS05,santa_elena,CAMPAIGN_03,250.000000000,252.000000000,2.000000000,0.748896910,0.000000000,0.000000000
SE-C03-007-A0127,SE-C03-007,DS05,santa_elena,CAMPAIGN_03,252.000000000,254.000000000,2.000000000,0.659696849,0.000000000,0.000000000
SE-C03-007-A0128,SE-C03-007,DS05,santa_elena,CAMPAIGN_03,254.000000000,256.000000000,2.000000000,0.697424139,0.000000000,0.000000000
SE-C03-007-A0129,SE-C03-007,DS05,santa_elena,CAMPAIGN_03,256.000000000,258.000000000,2.000000000,0.711292095,0.000000000,0.000000000
SE-C03-007-A0130,SE-C03-007,DS05,santa_elena,CAMPAIGN_03,258.000000000,260.000000000,2.000000000,0.698871314,0.000000000,0.000000000
SE-C03-007-A0131,SE-C03-007,DS05,santa_elena,CAMPAIGN_03,260.000000000,262.000000000,2.000000000,0.743432498,0.000000000,0.000000000
SE-C03-007-A0132,SE-C03-007,DS05,santa_elena,CAMPAIGN_03,262.000000000,264.000000000,2.000000000,0.734669660,0.000000000,0.000000000
SE-C03-007-A0133,SE-C03-007,DS05,santa_elena,CAMPAIGN_03,264.000000000,266.000000000,2.000000000,0.748905757,0.000000000,0.000000000
SE-C03-007-A0134,SE-C03-007,DS05,santa_elena,CAMPAIGN_03,266.000000000,268.000000000,2.000000000,0.710601417,0.000000000,0.000000000
SE-C03-007-A0135,SE-C03-007,DS05,santa_elena,CAMPAIGN_03,268.000000000,270.000000000,2.000000000,0.730617339,0.000000000,0.000000000
SE-C03-007-A0136,SE-C03-007,DS05,santa_elena,CAMPAIGN_03,270.000000000,272.000000000,2.000000000,0.736172018,0.000000000,0.000000000
SE-C03-007-A0137,SE-C03-007,DS05,santa_elena,CAMPAIGN_03,272.000000000,274.000000000,2.000000000,0.716459563,0.000000000,0.000000000
SE-C03-007-A0138,SE-C03-007,DS05,santa_elena,CAMPAIGN_03,274.000000000,276.000000000,2.000000000,0.732028045,0.000000000,0.000000000
SE-C03-007-A0139,SE-C03-007,DS05,santa_elena,CAMPAIGN_03,276.000000000,278.000000000,2.000000000,0.709493119,0.000000000,0.000000000
SE-C03-007-A0140,SE-C03-007,DS05,santa_elena,CAMPAIGN_03,278.000000000,280.000000000,2.000000000,0.735080898,0.000000000,0.000000000
SE-C03-007-A0141,SE-C03-007,DS05,santa_elena,CAMPAIGN_03,280.000000000,282.000000000,2.000000000,0.710453559,0.000000000,0.000000000
SE-C03-007-A0142,SE-C03-007,DS05,santa_elena,CAMPAIGN_03,282.000000000,284.000000000,2.000000000,0.783364681,0.000000000,0.000000000
SE-C03-007-A0143,SE-C03-007,DS05,santa_elena,CAMPAIGN_03,284.000000000,286.000000000,2.000000000,0.721639396,0.000000000,0.000000000
SE-C03-007-A0144,SE-C03-007,DS05,santa_elena,CAMPAIGN_03,286.000000000,288.000000000,2.000000000,0.769608645,0.000000000,0.000000000
SE-C03-007-A0145,SE-C03-007,DS05,santa_elena,CAMPAIGN_03,288.000000000,290.000000000,2.000000000,0.709159428,0.000000000,0.000000000
SE-C03-007-A0146,SE-C03-007,DS05,santa_elena,CAMPAIGN_03,290.000000000,292.000000000,2.000000000,0.719406520,0.000000000,0.000000000
SE-C03-007-A0147,SE-C03-007,DS05,santa_elena,CAMPAIGN_03,292.000000000,294.000000000,2.000000000,0.720026306,0.000000000,0.000000000
SE-C03-007-A0148,SE-C03-007,DS05,santa_elena,CAMPAIGN_03,294.000000000,296.000000000,2.000000000,0.816171137,0.000000000,0.000000000
SE-C03-007-A0149,SE-C03-007,DS05,santa_elena,CAMPAIGN_03,296.000000000,298.000000000,2.000000000,0.721914472,0.000000000,0.000000000
SE-C03-007-A0150,SE-C03-007,DS05,santa_elena,CAMPAIGN_03,298.000000000,300.000000000,2.000000000,0.767300225,0.000000000,0.000000000
SE-C03-007-A0151,SE-C03-007,DS05,santa_elena,CAMPAIGN_03,300.000000000,302.000000000,2.000000000,0.760803600,0.000000000,0.000000000
SE-C03-007-A0152,SE-C03-007,DS05,santa_elena,CAMPAIGN_03,302.000000000,304.000000000,2.000000000,0.701384483,0.000000000,0.000000000
SE-C03-007-A0153,SE-C03-007,DS05,santa_elena,CAMPAIGN_03,304.000000000,306.000000000,2.000000000,0.758613014,0.000000000,0.000000000
SE-C03-007-A0154,SE-C03-007,DS05,santa_elena,CAMPAIGN_03,306.000000000,308.000000000,2.000000000,0.753386165,0.000000000,0.000000000
SE-C03-007-A0155,SE-C03-007,DS05,santa_elena,CAMPAIGN_03,308.000000000,310.000000000,2.000000000,0.765585564,0.000000000,0.000000000
SE-C03-007-A0156,SE-C03-007,DS05,santa_elena,CAMPAIGN_03,310.000000000,312.000000000,2.000000000,0.773903774,0.000000000,0.000000000
SE-C03-007-A0157,SE-C03-007,DS05,santa_elena,CAMPAIGN_03,312.000000000,314.000000000,2.000000000,0.734886701,0.000000000,0.000000000
SE-C03-007-A0158,SE-C03-007,DS05,santa_elena,CAMPAIGN_03,314.000000000,316.000000000,2.000000000,0.778825810,0.000000000,0.000000000
SE-C03-007-A0159,SE-C03-007,DS05,santa_elena,CAMPAIGN_03,316.000000000,318.000000000,2.000000000,0.745272858,0.000000000,0.000000000
SE-C03-007-A0160,SE-C03-007,DS05,santa_elena,CAMPAIGN_03,318.000000000,320.000000000,2.000000000,0.753724545,0.000000000,0.000000000
SE-C03-007-A0161,SE-C03-007,DS05,santa_elena,CAMPAIGN_03,320.000000000,320.310733536,0.310733536,0.721678532,0.000000000,0.000000000
SE-C03-008-A0001,SE-C03-008,DS05,santa_elena,CAMPAIGN_03,0.000000000,2.000000000,2.000000000,0.075130449,0.000000000,0.000000000
SE-C03-008-A0002,SE-C03-008,DS05,santa_elena,CAMPAIGN_03,2.000000000,4.000000000,2.000000000,0.075920461,0.000000000,0.000000000
SE-C03-008-A0003,SE-C03-008,DS05,santa_elena,CAMPAIGN_03,4.000000000,6.000000000,2.000000000,0.077679573,0.000000000,0.000000000
SE-C03-008-A0004,SE-C03-008,DS05,santa_elena,CAMPAIGN_03,6.000000000,8.000000000,2.000000000,0.075597235,0.000000000,0.000000000
SE-C03-008-A0005,SE-C03-008,DS05,santa_elena,CAMPAIGN_03,8.000000000,10.000000000,2.000000000,0.085171792,0.000000000,0.000000000
SE-C03-008-A0006,SE-C03-008,DS05,santa_elena,CAMPAIGN_03,10.000000000,12.000000000,2.000000000,0.087457825,0.000000000,0.000000000
SE-C03-008-A0007,SE-C03-008,DS05,santa_elena,CAMPAIGN_03,12.000000000,14.000000000,2.000000000,0.091483245,0.000000000,0.000000000
SE-C03-008-A0008,SE-C03-008,DS05,santa_elena,CAMPAIGN_03,14.000000000,16.000000000,2.000000000,0.094866299,0.000000000,0.000000000
SE-C03-008-A0009,SE-C03-008,DS05,santa_elena,CAMPAIGN_03,16.000000000,18.000000000,2.000000000,0.091581968,0.000000000,0.000000000
SE-C03-008-A0010,SE-C03-008,DS05,santa_elena,CAMPAIGN_03,18.000000000,20.000000000,2.000000000,0.098839246,0.000000000,0.000000000
SE-C03-008-A0011,SE-C03-008,DS05,santa_elena,CAMPAIGN_03,20.000000000,22.000000000,2.000000000,0.097642395,0.000000000,0.000000000
SE-C03-008-A0012,SE-C03-008,DS05,santa_elena,CAMPAIGN_03,22.000000000,24.000000000,2.000000000,0.090015281,0.000000000,0.000000000
SE-C03-008-A0013,SE-C03-008,DS05,santa_elena,CAMPAIGN_03,24.000000000,26.000000000,2.000000000,0.105778634,0.000000000,0.000000000
SE-C03-008-A0014,SE-C03-008,DS05,santa_elena,CAMPAIGN_03,26.000000000,28.000000000,2.000000000,0.101582319,0.000000000,0.000000000
SE-C03-008-A0015,SE-C03-008,DS05,santa_elena,CAMPAIGN_03,28.000000000,30.000000000,2.000000000,0.111617022,0.000000000,0.000000000
SE-C03-008-A0016,SE-C03-008,DS05,santa_elena,CAMPAIGN_03,30.000000000,32.000000000,2.000000000,0.111631615,0.000000000,0.000000000
SE-C03-008-A0017,SE-C03-008,DS05,santa_elena,CAMPAIGN_03,32.000000000,34.000000000,2.000000000,0.135287058,0.000000000,0.000000000
SE-C03-008-A0018,SE-C03-008,DS05,santa_elena,CAMPAIGN_03,34.000000000,36.000000000,2.000000000,0.145413286,0.000000000,0.000000000
SE-C03-008-A0019,SE-C03-008,DS05,santa_elena,CAMPAIGN_03,36.000000000,38.000000000,2.000000000,0.146498832,0.000000000,0.000000000
SE-C03-008-A0020,SE-C03-008,DS05,santa_elena,CAMPAIGN_03,38.000000000,40.000000000,2.000000000,0.157662848,0.000000000,0.000000000
SE-C03-008-A0021,SE-C03-008,DS05,santa_elena,CAMPAIGN_03,40.000000000,42.000000000,2.000000000,0.156494421,0.000000000,0.000000000
SE-C03-008-A0022,SE-C03-008,DS05,santa_elena,CAMPAIGN_03,42.000000000,44.000000000,2.000000000,0.153140659,0.000000000,0.000000000
SE-C03-008-A0023,SE-C03-008,DS05,santa_elena,CAMPAIGN_03,44.000000000,46.000000000,2.000000000,0.166255444,0.000000000,0.000000000
SE-C03-008-A0024,SE-C03-008,DS05,santa_elena,CAMPAIGN_03,46.000000000,48.000000000,2.000000000,0.160545019,0.000000000,0.000000000
SE-C03-008-A0025,SE-C03-008,DS05,santa_elena,CAMPAIGN_03,48.000000000,50.000000000,2.000000000,0.177037615,0.000000000,0.000000000
SE-C03-008-A0026,SE-C03-008,DS05,santa_elena,CAMPAIGN_03,50.000000000,52.000000000,2.000000000,0.182790866,0.000000000,0.000000000
SE-C03-008-A0027,SE-C03-008,DS05,santa_elena,CAMPAIGN_03,52.000000000,54.000000000,2.000000000,0.196681814,0.000000000,0.000000000
SE-C03-008-A0028,SE-C03-008,DS05,santa_elena,CAMPAIGN_03,54.000000000,56.000000000,2.000000000,0.190024448,0.000000000,0.000000000
SE-C03-008-A0029,SE-C03-008,DS05,santa_elena,CAMPAIGN_03,56.000000000,58.000000000,2.000000000,0.191268430,0.000000000,0.000000000
SE-C03-008-A0030,SE-C03-008,DS05,santa_elena,CAMPAIGN_03,58.000000000,60.000000000,2.000000000,0.192273068,0.000000000,0.000000000
SE-C03-008-A0031,SE-C03-008,DS05,santa_elena,CAMPAIGN_03,60.000000000,62.000000000,2.000000000,0.194399256,0.000000000,0.000000000
SE-C03-008-A0032,SE-C03-008,DS05,santa_elena,CAMPAIGN_03,62.000000000,64.000000000,2.000000000,0.193995993,0.000000000,0.000000000
SE-C03-008-A0033,SE-C03-008,DS05,santa_elena,CAMPAIGN_03,64.000000000,66.000000000,2.000000000,0.212002821,0.000000000,0.000000000
SE-C03-008-A0034,SE-C03-008,DS05,santa_elena,CAMPAIGN_03,66.000000000,68.000000000,2.000000000,0.215914818,0.000000000,0.000000000
SE-C03-008-A0035,SE-C03-008,DS05,santa_elena,CAMPAIGN_03,68.000000000,70.000000000,2.000000000,0.222597040,0.000000000,0.000000000
SE-C03-008-A0036,SE-C03-008,DS05,santa_elena,CAMPAIGN_03,70.000000000,72.000000000,2.000000000,0.225551589,0.000000000,0.000000000
SE-C03-008-A0037,SE-C03-008,DS05,santa_elena,CAMPAIGN_03,72.000000000,74.000000000,2.000000000,0.245012369,0.000000000,0.000000000
SE-C03-008-A0038,SE-C03-008,DS05,santa_elena,CAMPAIGN_03,74.000000000,76.000000000,2.000000000,0.249529179,0.000000000,0.000000000
SE-C03-008-A0039,SE-C03-008,DS05,santa_elena,CAMPAIGN_03,76.000000000,78.000000000,2.000000000,0.263610840,0.000000000,0.000000000
SE-C03-008-A0040,SE-C03-008,DS05,santa_elena,CAMPAIGN_03,78.000000000,80.000000000,2.000000000,0.245329199,0.000000000,0.000000000
SE-C03-008-A0041,SE-C03-008,DS05,santa_elena,CAMPAIGN_03,80.000000000,82.000000000,2.000000000,0.288856984,0.000000000,0.000000000
SE-C03-008-A0042,SE-C03-008,DS05,santa_elena,CAMPAIGN_03,82.000000000,84.000000000,2.000000000,0.280638759,0.000000000,0.000000000
SE-C03-008-A0043,SE-C03-008,DS05,santa_elena,CAMPAIGN_03,84.000000000,86.000000000,2.000000000,0.300394556,0.000000000,0.000000000
SE-C03-008-A0044,SE-C03-008,DS05,santa_elena,CAMPAIGN_03,86.000000000,88.000000000,2.000000000,0.282061725,0.000000000,0.000000000
SE-C03-008-A0045,SE-C03-008,DS05,santa_elena,CAMPAIGN_03,88.000000000,90.000000000,2.000000000,0.295338628,0.000000000,0.000000000
SE-C03-008-A0046,SE-C03-008,DS05,santa_elena,CAMPAIGN_03,90.000000000,92.000000000,2.000000000,0.289789142,0.000000000,0.000000000
SE-C03-008-A0047,SE-C03-008,DS05,santa_elena,CAMPAIGN_03,92.000000000,94.000000000,2.000000000,0.323233095,0.000000000,0.000000000
SE-C03-008-A0048,SE-C03-008,DS05,santa_elena,CAMPAIGN_03,94.000000000,96.000000000,2.000000000,0.331511113,0.000000000,0.000000000
SE-C03-008-A0049,SE-C03-008,DS05,santa_elena,CAMPAIGN_03,96.000000000,98.000000000,2.000000000,0.294793593,0.000000000,0.000000000
SE-C03-008-A0050,SE-C03-008,DS05,santa_elena,CAMPAIGN_03,98.000000000,100.000000000,2.000000000,0.337652018,0.000000000,0.000000000
SE-C03-008-A0051,SE-C03-008,DS05,santa_elena,CAMPAIGN_03,100.000000000,102.000000000,2.000000000,0.321178985,0.000000000,0.000000000
SE-C03-008-A0052,SE-C03-008,DS05,santa_elena,CAMPAIGN_03,102.000000000,104.000000000,2.000000000,0.343406567,0.000000000,0.000000000
SE-C03-008-A0053,SE-C03-008,DS05,santa_elena,CAMPAIGN_03,104.000000000,106.000000000,2.000000000,0.350498218,0.000000000,0.000000000
SE-C03-008-A0054,SE-C03-008,DS05,santa_elena,CAMPAIGN_03,106.000000000,108.000000000,2.000000000,0.361151440,0.000000000,0.000000000
SE-C03-008-A0055,SE-C03-008,DS05,santa_elena,CAMPAIGN_03,108.000000000,110.000000000,2.000000000,0.366492162,0.000000000,0.000000000
SE-C03-008-A0056,SE-C03-008,DS05,santa_elena,CAMPAIGN_03,110.000000000,112.000000000,2.000000000,0.397036442,0.000000000,0.000000000
SE-C03-008-A0057,SE-C03-008,DS05,santa_elena,CAMPAIGN_03,112.000000000,114.000000000,2.000000000,0.369891259,0.000000000,0.000000000
SE-C03-008-A0058,SE-C03-008,DS05,santa_elena,CAMPAIGN_03,114.000000000,116.000000000,2.000000000,0.376952308,0.000000000,0.000000000
SE-C03-008-A0059,SE-C03-008,DS05,santa_elena,CAMPAIGN_03,116.000000000,118.000000000,2.000000000,0.389942116,0.000000000,0.000000000
SE-C03-008-A0060,SE-C03-008,DS05,santa_elena,CAMPAIGN_03,118.000000000,120.000000000,2.000000000,0.416523824,0.000000000,0.000000000
SE-C03-008-A0061,SE-C03-008,DS05,santa_elena,CAMPAIGN_03,120.000000000,122.000000000,2.000000000,0.419375154,0.000000000,0.000000000
SE-C03-008-A0062,SE-C03-008,DS05,santa_elena,CAMPAIGN_03,122.000000000,124.000000000,2.000000000,0.431633845,0.000000000,0.000000000
SE-C03-008-A0063,SE-C03-008,DS05,santa_elena,CAMPAIGN_03,124.000000000,126.000000000,2.000000000,0.429523434,0.000000000,0.000000000
SE-C03-008-A0064,SE-C03-008,DS05,santa_elena,CAMPAIGN_03,126.000000000,128.000000000,2.000000000,0.427455251,0.000000000,0.000000000
SE-C03-008-A0065,SE-C03-008,DS05,santa_elena,CAMPAIGN_03,128.000000000,130.000000000,2.000000000,0.471863289,0.000000000,0.000000000
SE-C03-008-A0066,SE-C03-008,DS05,santa_elena,CAMPAIGN_03,130.000000000,132.000000000,2.000000000,0.439482480,0.000000000,0.000000000
SE-C03-008-A0067,SE-C03-008,DS05,santa_elena,CAMPAIGN_03,132.000000000,134.000000000,2.000000000,0.452998830,0.000000000,0.000000000
SE-C03-008-A0068,SE-C03-008,DS05,santa_elena,CAMPAIGN_03,134.000000000,136.000000000,2.000000000,0.454086490,0.000000000,0.000000000
SE-C03-008-A0069,SE-C03-008,DS05,santa_elena,CAMPAIGN_03,136.000000000,138.000000000,2.000000000,0.459893428,0.000000000,0.000000000
SE-C03-008-A0070,SE-C03-008,DS05,santa_elena,CAMPAIGN_03,138.000000000,140.000000000,2.000000000,0.507520321,0.000000000,0.000000000
SE-C03-008-A0071,SE-C03-008,DS05,santa_elena,CAMPAIGN_03,140.000000000,142.000000000,2.000000000,0.495069946,0.000000000,0.000000000
SE-C03-008-A0072,SE-C03-008,DS05,santa_elena,CAMPAIGN_03,142.000000000,144.000000000,2.000000000,0.492534528,0.000000000,0.000000000
SE-C03-008-A0073,SE-C03-008,DS05,santa_elena,CAMPAIGN_03,144.000000000,146.000000000,2.000000000,0.478667642,0.000000000,0.000000000
SE-C03-008-A0074,SE-C03-008,DS05,santa_elena,CAMPAIGN_03,146.000000000,148.000000000,2.000000000,0.528669244,0.000000000,0.000000000
SE-C03-008-A0075,SE-C03-008,DS05,santa_elena,CAMPAIGN_03,148.000000000,150.000000000,2.000000000,0.537440534,0.000000000,0.000000000
SE-C03-008-A0076,SE-C03-008,DS05,santa_elena,CAMPAIGN_03,150.000000000,152.000000000,2.000000000,0.497173286,0.000000000,0.000000000
SE-C03-008-A0077,SE-C03-008,DS05,santa_elena,CAMPAIGN_03,152.000000000,154.000000000,2.000000000,0.547495088,0.000000000,0.000000000
SE-C03-008-A0078,SE-C03-008,DS05,santa_elena,CAMPAIGN_03,154.000000000,156.000000000,2.000000000,0.498963559,0.000000000,0.000000000
SE-C03-008-A0079,SE-C03-008,DS05,santa_elena,CAMPAIGN_03,156.000000000,158.000000000,2.000000000,0.559227078,0.000000000,0.000000000
SE-C03-008-A0080,SE-C03-008,DS05,santa_elena,CAMPAIGN_03,158.000000000,160.000000000,2.000000000,0.567745207,0.000000000,0.000000000
SE-C03-008-A0081,SE-C03-008,DS05,santa_elena,CAMPAIGN_03,160.000000000,162.000000000,2.000000000,0.614575296,0.000000000,0.000000000
SE-C03-008-A0082,SE-C03-008,DS05,santa_elena,CAMPAIGN_03,162.000000000,164.000000000,2.000000000,0.531439319,0.000000000,0.000000000
SE-C03-008-A0083,SE-C03-008,DS05,santa_elena,CAMPAIGN_03,164.000000000,166.000000000,2.000000000,0.551787142,0.000000000,0.000000000
SE-C03-008-A0084,SE-C03-008,DS05,santa_elena,CAMPAIGN_03,166.000000000,168.000000000,2.000000000,0.591214628,0.000000000,0.000000000
SE-C03-008-A0085,SE-C03-008,DS05,santa_elena,CAMPAIGN_03,168.000000000,170.000000000,2.000000000,0.606226336,0.000000000,0.000000000
SE-C03-008-A0086,SE-C03-008,DS05,santa_elena,CAMPAIGN_03,170.000000000,172.000000000,2.000000000,0.645979586,0.000000000,0.000000000
SE-C03-008-A0087,SE-C03-008,DS05,santa_elena,CAMPAIGN_03,172.000000000,174.000000000,2.000000000,0.626464107,0.000000000,0.000000000
SE-C03-008-A0088,SE-C03-008,DS05,santa_elena,CAMPAIGN_03,174.000000000,176.000000000,2.000000000,0.654868510,0.000000000,0.000000000
SE-C03-008-A0089,SE-C03-008,DS05,santa_elena,CAMPAIGN_03,176.000000000,178.000000000,2.000000000,0.656877967,0.000000000,0.000000000
SE-C03-008-A0090,SE-C03-008,DS05,santa_elena,CAMPAIGN_03,178.000000000,180.000000000,2.000000000,0.688833778,0.000000000,0.000000000
SE-C03-008-A0091,SE-C03-008,DS05,santa_elena,CAMPAIGN_03,180.000000000,182.000000000,2.000000000,0.617136265,0.000000000,0.000000000
SE-C03-008-A0092,SE-C03-008,DS05,santa_elena,CAMPAIGN_03,182.000000000,184.000000000,2.000000000,0.635997538,0.000000000,0.000000000
SE-C03-008-A0093,SE-C03-008,DS05,santa_elena,CAMPAIGN_03,184.000000000,186.000000000,2.000000000,0.640740132,0.000000000,0.000000000
SE-C03-008-A0094,SE-C03-008,DS05,santa_elena,CAMPAIGN_03,186.000000000,188.000000000,2.000000000,0.629438905,0.000000000,0.000000000
SE-C03-008-A0095,SE-C03-008,DS05,santa_elena,CAMPAIGN_03,188.000000000,190.000000000,2.000000000,0.643986495,0.000000000,0.000000000
SE-C03-008-A0096,SE-C03-008,DS05,santa_elena,CAMPAIGN_03,190.000000000,192.000000000,2.000000000,0.660885911,0.000000000,0.000000000
SE-C03-008-A0097,SE-C03-008,DS05,santa_elena,CAMPAIGN_03,192.000000000,194.000000000,2.000000000,0.634082736,0.000000000,0.000000000
SE-C03-008-A0098,SE-C03-008,DS05,santa_elena,CAMPAIGN_03,194.000000000,196.000000000,2.000000000,0.672862915,0.000000000,0.000000000
SE-C03-008-A0099,SE-C03-008,DS05,santa_elena,CAMPAIGN_03,196.000000000,198.000000000,2.000000000,0.721546298,0.000000000,0.000000000
SE-C03-008-A0100,SE-C03-008,DS05,santa_elena,CAMPAIGN_03,198.000000000,200.000000000,2.000000000,0.694825651,0.000000000,0.000000000
SE-C03-008-A0101,SE-C03-008,DS05,santa_elena,CAMPAIGN_03,200.000000000,202.000000000,2.000000000,0.615401783,0.000000000,0.000000000
SE-C03-008-A0102,SE-C03-008,DS05,santa_elena,CAMPAIGN_03,202.000000000,204.000000000,2.000000000,0.739006951,0.000000000,0.000000000
SE-C03-008-A0103,SE-C03-008,DS05,santa_elena,CAMPAIGN_03,204.000000000,206.000000000,2.000000000,0.684525140,0.000000000,0.000000000
SE-C03-008-A0104,SE-C03-008,DS05,santa_elena,CAMPAIGN_03,206.000000000,208.000000000,2.000000000,0.729228100,0.000000000,0.000000000
SE-C03-008-A0105,SE-C03-008,DS05,santa_elena,CAMPAIGN_03,208.000000000,210.000000000,2.000000000,0.745557263,0.000000000,0.000000000
SE-C03-008-A0106,SE-C03-008,DS05,santa_elena,CAMPAIGN_03,210.000000000,212.000000000,2.000000000,0.719413269,0.000000000,0.000000000
SE-C03-008-A0107,SE-C03-008,DS05,santa_elena,CAMPAIGN_03,212.000000000,214.000000000,2.000000000,0.691157044,0.000000000,0.000000000
SE-C03-008-A0108,SE-C03-008,DS05,santa_elena,CAMPAIGN_03,214.000000000,216.000000000,2.000000000,0.692142741,0.000000000,0.000000000
SE-C03-008-A0109,SE-C03-008,DS05,santa_elena,CAMPAIGN_03,216.000000000,218.000000000,2.000000000,0.740693939,0.000000000,0.000000000
SE-C03-008-A0110,SE-C03-008,DS05,santa_elena,CAMPAIGN_03,218.000000000,220.000000000,2.000000000,0.707379766,0.000000000,0.000000000
SE-C03-008-A0111,SE-C03-008,DS05,santa_elena,CAMPAIGN_03,220.000000000,222.000000000,2.000000000,0.762373025,0.000000000,0.000000000
SE-C03-008-A0112,SE-C03-008,DS05,santa_elena,CAMPAIGN_03,222.000000000,224.000000000,2.000000000,0.727835073,0.000000000,0.000000000
SE-C03-008-A0113,SE-C03-008,DS05,santa_elena,CAMPAIGN_03,224.000000000,226.000000000,2.000000000,0.744046085,0.000000000,0.000000000
SE-C03-008-A0114,SE-C03-008,DS05,santa_elena,CAMPAIGN_03,226.000000000,228.000000000,2.000000000,0.695687095,0.000000000,0.000000000
SE-C03-008-A0115,SE-C03-008,DS05,santa_elena,CAMPAIGN_03,228.000000000,230.000000000,2.000000000,0.747616973,0.000000000,0.000000000
SE-C03-008-A0116,SE-C03-008,DS05,santa_elena,CAMPAIGN_03,230.000000000,232.000000000,2.000000000,0.770710535,0.000000000,0.000000000
SE-C03-008-A0117,SE-C03-008,DS05,santa_elena,CAMPAIGN_03,232.000000000,234.000000000,2.000000000,0.784598796,0.000000000,0.000000000
SE-C03-008-A0118,SE-C03-008,DS05,santa_elena,CAMPAIGN_03,234.000000000,236.000000000,2.000000000,0.721655385,0.000000000,0.000000000
SE-C03-008-A0119,SE-C03-008,DS05,santa_elena,CAMPAIGN_03,236.000000000,238.000000000,2.000000000,0.795465021,0.000000000,0.000000000
SE-C03-008-A0120,SE-C03-008,DS05,santa_elena,CAMPAIGN_03,238.000000000,240.000000000,2.000000000,0.719828980,0.000000000,0.000000000
SE-C03-008-A0121,SE-C03-008,DS05,santa_elena,CAMPAIGN_03,240.000000000,242.000000000,2.000000000,0.758260469,0.000000000,0.000000000
SE-C03-008-A0122,SE-C03-008,DS05,santa_elena,CAMPAIGN_03,242.000000000,244.000000000,2.000000000,0.703021815,0.000000000,0.000000000
SE-C03-008-A0123,SE-C03-008,DS05,santa_elena,CAMPAIGN_03,244.000000000,246.000000000,2.000000000,0.725065347,0.000000000,0.000000000
SE-C03-008-A0124,SE-C03-008,DS05,santa_elena,CAMPAIGN_03,246.000000000,248.000000000,2.000000000,0.773586680,0.000000000,0.000000000
SE-C03-008-A0125,SE-C03-008,DS05,santa_elena,CAMPAIGN_03,248.000000000,250.000000000,2.000000000,0.740000516,0.000000000,0.000000000
SE-C03-008-A0126,SE-C03-008,DS05,santa_elena,CAMPAIGN_03,250.000000000,252.000000000,2.000000000,0.760863370,0.000000000,0.000000000
SE-C03-008-A0127,SE-C03-008,DS05,santa_elena,CAMPAIGN_03,252.000000000,254.000000000,2.000000000,0.720935342,0.000000000,0.000000000
SE-C03-008-A0128,SE-C03-008,DS05,santa_elena,CAMPAIGN_03,254.000000000,256.000000000,2.000000000,0.694924348,0.000000000,0.000000000
SE-C03-008-A0129,SE-C03-008,DS05,santa_elena,CAMPAIGN_03,256.000000000,258.000000000,2.000000000,0.722224287,0.000000000,0.000000000
SE-C03-008-A0130,SE-C03-008,DS05,santa_elena,CAMPAIGN_03,258.000000000,259.709105536,1.709105536,0.723815146,0.000000000,0.000000000
